exported_image,exported_label,split,original_stem_with_rf,original_image,original_path
train__00K0JDN3UUTLVAMWUFF0FXT20L7M8H_jpg.jpg,train__00K0JDN3UUTLVAMWUFF0FXT20L7M8H_jpg.txt,train,00K0JDN3UUTLVAMWUFF0FXT20L7M8H_jpg.rf.bebdf9068e1add4357a7a41be2603fb7,00K0JDN3UUTLVAMWUFF0FXT20L7M8H_jpg.rf.bebdf9068e1add4357a7a41be2603fb7.jpg,/home/constantin/Doctorat/GunDatasetNoAugSplit/train/images/00K0JDN3UUTLVAMWUFF0FXT20L7M8H_jpg.rf.bebdf9068e1add4357a7a41be2603fb7.jpg
train__01008e1fc52a5f36_jpg.jpg,train__01008e1fc52a5f36_jpg.txt,train,01008e1fc52a5f36_jpg.rf.7005c338975fd336494b97450e51af08,01008e1fc52a5f36_jpg.rf.7005c338975fd336494b97450e51af08.jpg,/home/constantin/Doctorat/GunDatasetNoAugSplit/train/images/01008e1fc52a5f36_jpg.rf.7005c338975fd336494b97450e51af08.jpg
train__011_jpg.jpg,train__011_jpg.txt,train,011_jpg.rf.6d2ec5f00c17d205f2aded050823d83a,011_jpg.rf.6d2ec5f00c17d205f2aded050823d83a.jpg,/home/constantin/Doctorat/GunDatasetNoAugSplit/train/images/011_jpg.rf.6d2ec5f00c17d205f2aded050823d83a.jpg
train__013a0328-231_jpeg_jpg.jpg,train__013a0328-231_jpeg_jpg.txt,train,013a0328-231_jpeg_jpg.rf.af83fc5546af1c5f3b3b52e269575b20,013a0328-231_jpeg_jpg.rf.af83fc5546af1c5f3b3b52e269575b20.jpg,/home/constantin/Doctorat/GunDatasetNoAugSplit/train/images/013a0328-231_jpeg_jpg.rf.af83fc5546af1c5f3b3b52e269575b20.jpg
train__01d0ba02a5b97d5c_jpg.jpg,train__01d0ba02a5b97d5c_jpg.txt,train,01d0ba02a5b97d5c_jpg.rf.dff234ae104da51e8fbca98ba59ec895,01d0ba02a5b97d5c_jpg.rf.dff234ae104da51e8fbca98ba59ec895.jpg,/home/constantin/Doctorat/GunDatasetNoAugSplit/train/images/01d0ba02a5b97d5c_jpg.rf.dff234ae104da51e8fbca98ba59ec895.jpg
train__0275ceffe6052be8_jpg.jpg,train__0275ceffe6052be8_jpg.txt,train,0275ceffe6052be8_jpg.rf.72fb73857fc44540db6d288da3edc1b5,0275ceffe6052be8_jpg.rf.72fb73857fc44540db6d288da3edc1b5.jpg,/home/constantin/Doctorat/GunDatasetNoAugSplit/train/images/0275ceffe6052be8_jpg.rf.72fb73857fc44540db6d288da3edc1b5.jpg
train__078_jpg.jpg,train__078_jpg.txt,train,078_jpg.rf.577d2494e4ea74f949d72fab3561eeae,078_jpg.rf.577d2494e4ea74f949d72fab3561eeae.jpg,/home/constantin/Doctorat/GunDatasetNoAugSplit/train/images/078_jpg.rf.577d2494e4ea74f949d72fab3561eeae.jpg
train__09b3652a186f165d_jpg.jpg,train__09b3652a186f165d_jpg.txt,train,09b3652a186f165d_jpg.rf.b5e651e172326bd6caca121958a8019d,09b3652a186f165d_jpg.rf.b5e651e172326bd6caca121958a8019d.jpg,/home/constantin/Doctorat/GunDatasetNoAugSplit/train/images/09b3652a186f165d_jpg.rf.b5e651e172326bd6caca121958a8019d.jpg
train__0DCPZRIVWG8GNN2NTGAQS5GCCGJ4GX_jpg.jpg,train__0DCPZRIVWG8GNN2NTGAQS5GCCGJ4GX_jpg.txt,train,0DCPZRIVWG8GNN2NTGAQS5GCCGJ4GX_jpg.rf.35c40dc7b98281f7861475378e087642,0DCPZRIVWG8GNN2NTGAQS5GCCGJ4GX_jpg.rf.35c40dc7b98281f7861475378e087642.jpg,/home/constantin/Doctorat/GunDatasetNoAugSplit/train/images/0DCPZRIVWG8GNN2NTGAQS5GCCGJ4GX_jpg.rf.35c40dc7b98281f7861475378e087642.jpg
train__0da4ef06330b5debed6ed8110dee1f17_jpg.jpg,train__0da4ef06330b5debed6ed8110dee1f17_jpg.txt,train,0da4ef06330b5debed6ed8110dee1f17_jpg.rf.2446ee4cad521afa6c13488d00280afc,0da4ef06330b5debed6ed8110dee1f17_jpg.rf.2446ee4cad521afa6c13488d00280afc.jpg,/home/constantin/Doctorat/GunDatasetNoAugSplit/train/images/0da4ef06330b5debed6ed8110dee1f17_jpg.rf.2446ee4cad521afa6c13488d00280afc.jpg
train__1-109-_jpg.jpg,train__1-109-_jpg.txt,train,1-109-_jpg.rf.1aa8d171067286c8f6e4f10527bb0be5,1-109-_jpg.rf.1aa8d171067286c8f6e4f10527bb0be5.jpg,/home/constantin/Doctorat/GunDatasetNoAugSplit/train/images/1-109-_jpg.rf.1aa8d171067286c8f6e4f10527bb0be5.jpg
train__1-110-_jpg.jpg,train__1-110-_jpg.txt,train,1-110-_jpg.rf.d2e626b840f565ee5155043a281370e7,1-110-_jpg.rf.d2e626b840f565ee5155043a281370e7.jpg,/home/constantin/Doctorat/GunDatasetNoAugSplit/train/images/1-110-_jpg.rf.d2e626b840f565ee5155043a281370e7.jpg
train__1-175-_jpg.jpg,train__1-175-_jpg.txt,train,1-175-_jpg.rf.a3295afedfd664e80ab39f3190b2c71f,1-175-_jpg.rf.a3295afedfd664e80ab39f3190b2c71f.jpg,/home/constantin/Doctorat/GunDatasetNoAugSplit/train/images/1-175-_jpg.rf.a3295afedfd664e80ab39f3190b2c71f.jpg
train__1-8-t_jpg.jpg,train__1-8-t_jpg.txt,train,1-8-t_jpg.rf.7c458ce10b1f9b3dcfd79d274a55a24a,1-8-t_jpg.rf.7c458ce10b1f9b3dcfd79d274a55a24a.jpg,/home/constantin/Doctorat/GunDatasetNoAugSplit/train/images/1-8-t_jpg.rf.7c458ce10b1f9b3dcfd79d274a55a24a.jpg
train__1000_F_128756423_jtbHpQ8s7E9cBpgEwDx33eJSDL0xjZdI_jpg.jpg,train__1000_F_128756423_jtbHpQ8s7E9cBpgEwDx33eJSDL0xjZdI_jpg.txt,train,1000_F_128756423_jtbHpQ8s7E9cBpgEwDx33eJSDL0xjZdI_jpg.rf.9c90a1f50cdadfefe3ca552861ddcc5e,1000_F_128756423_jtbHpQ8s7E9cBpgEwDx33eJSDL0xjZdI_jpg.rf.9c90a1f50cdadfefe3ca552861ddcc5e.jpg,/home/constantin/Doctorat/GunDatasetNoAugSplit/train/images/1000_F_128756423_jtbHpQ8s7E9cBpgEwDx33eJSDL0xjZdI_jpg.rf.9c90a1f50cdadfefe3ca552861ddcc5e.jpg
train__1000_F_128993624_pT5m3qg0z4UWx2jQH7wW4hmHlO0znBTS_jpg.jpg,train__1000_F_128993624_pT5m3qg0z4UWx2jQH7wW4hmHlO0znBTS_jpg.txt,train,1000_F_128993624_pT5m3qg0z4UWx2jQH7wW4hmHlO0znBTS_jpg.rf.808e21ef0f7fd56bed52b6d19fb4faa7,1000_F_128993624_pT5m3qg0z4UWx2jQH7wW4hmHlO0znBTS_jpg.rf.808e21ef0f7fd56bed52b6d19fb4faa7.jpg,/home/constantin/Doctorat/GunDatasetNoAugSplit/train/images/1000_F_128993624_pT5m3qg0z4UWx2jQH7wW4hmHlO0znBTS_jpg.rf.808e21ef0f7fd56bed52b6d19fb4faa7.jpg
train__1000_F_201263720_SzsdIbkCkz1yT9KMIpLtiFfmF70fqZC8_jpg.jpg,train__1000_F_201263720_SzsdIbkCkz1yT9KMIpLtiFfmF70fqZC8_jpg.txt,train,1000_F_201263720_SzsdIbkCkz1yT9KMIpLtiFfmF70fqZC8_jpg.rf.70e86607bff15d9908fdd4c4a786d354,1000_F_201263720_SzsdIbkCkz1yT9KMIpLtiFfmF70fqZC8_jpg.rf.70e86607bff15d9908fdd4c4a786d354.jpg,/home/constantin/Doctorat/GunDatasetNoAugSplit/train/images/1000_F_201263720_SzsdIbkCkz1yT9KMIpLtiFfmF70fqZC8_jpg.rf.70e86607bff15d9908fdd4c4a786d354.jpg
train__113_png_jpg.jpg,train__113_png_jpg.txt,train,113_png_jpg.rf.ab021a0ee7911e872fd82cf1399ec98a,113_png_jpg.rf.ab021a0ee7911e872fd82cf1399ec98a.jpg,/home/constantin/Doctorat/GunDatasetNoAugSplit/train/images/113_png_jpg.rf.ab021a0ee7911e872fd82cf1399ec98a.jpg
train__1440689b2b42c81cb6721ce8790f6640_jpg.jpg,train__1440689b2b42c81cb6721ce8790f6640_jpg.txt,train,1440689b2b42c81cb6721ce8790f6640_jpg.rf.e20665e94ed864ff1cbb20a16e3d15af,1440689b2b42c81cb6721ce8790f6640_jpg.rf.e20665e94ed864ff1cbb20a16e3d15af.jpg,/home/constantin/Doctorat/GunDatasetNoAugSplit/train/images/1440689b2b42c81cb6721ce8790f6640_jpg.rf.e20665e94ed864ff1cbb20a16e3d15af.jpg
train__152.jpg,train__152.txt,train,152.rf.6c9fd0caf1a4226486646c48bb367210,152.rf.6c9fd0caf1a4226486646c48bb367210.jpg,/home/constantin/Doctorat/GunDatasetNoAugSplit/train/images/152.rf.6c9fd0caf1a4226486646c48bb367210.jpg
train__155.jpg,train__155.txt,train,155.rf.0c884c89e4088084b100c7903e48c96a,155.rf.0c884c89e4088084b100c7903e48c96a.jpg,/home/constantin/Doctorat/GunDatasetNoAugSplit/train/images/155.rf.0c884c89e4088084b100c7903e48c96a.jpg
train__194_jpg.jpg,train__194_jpg.txt,train,194_jpg.rf.5962d500844fa35f105acc09b88c65f3,194_jpg.rf.5962d500844fa35f105acc09b88c65f3.jpg,/home/constantin/Doctorat/GunDatasetNoAugSplit/train/images/194_jpg.rf.5962d500844fa35f105acc09b88c65f3.jpg
train__2-260-_jpg.jpg,train__2-260-_jpg.txt,train,2-260-_jpg.rf.98e8eb8b5689fd5b7919f297a758a6ce,2-260-_jpg.rf.98e8eb8b5689fd5b7919f297a758a6ce.jpg,/home/constantin/Doctorat/GunDatasetNoAugSplit/train/images/2-260-_jpg.rf.98e8eb8b5689fd5b7919f297a758a6ce.jpg
train__241_jpeg_jpg.jpg,train__241_jpeg_jpg.txt,train,241_jpeg_jpg.rf.737c3d6269b87f7d1ac7bc0f2378b8d9,241_jpeg_jpg.rf.737c3d6269b87f7d1ac7bc0f2378b8d9.jpg,/home/constantin/Doctorat/GunDatasetNoAugSplit/train/images/241_jpeg_jpg.rf.737c3d6269b87f7d1ac7bc0f2378b8d9.jpg
train__28144538_00__00800_jpg.jpg,train__28144538_00__00800_jpg.txt,train,28144538_00__00800_jpg.rf.89866b69d5f4d7fab5a7550fcebbe078,28144538_00__00800_jpg.rf.89866b69d5f4d7fab5a7550fcebbe078.jpg,/home/constantin/Doctorat/GunDatasetNoAugSplit/train/images/28144538_00__00800_jpg.rf.89866b69d5f4d7fab5a7550fcebbe078.jpg
train__28144538_00__00804_jpg.jpg,train__28144538_00__00804_jpg.txt,train,28144538_00__00804_jpg.rf.46ff25feeaacea4222d40f7984c339cf,28144538_00__00804_jpg.rf.46ff25feeaacea4222d40f7984c339cf.jpg,/home/constantin/Doctorat/GunDatasetNoAugSplit/train/images/28144538_00__00804_jpg.rf.46ff25feeaacea4222d40f7984c339cf.jpg
train__28144547_00__01292_jpg.jpg,train__28144547_00__01292_jpg.txt,train,28144547_00__01292_jpg.rf.d859db089b55ccae7efacc35c087cff4,28144547_00__01292_jpg.rf.d859db089b55ccae7efacc35c087cff4.jpg,/home/constantin/Doctorat/GunDatasetNoAugSplit/train/images/28144547_00__01292_jpg.rf.d859db089b55ccae7efacc35c087cff4.jpg
train__28144547_00__01296_jpg.jpg,train__28144547_00__01296_jpg.txt,train,28144547_00__01296_jpg.rf.d35b103a42cff4cc738ae9b27223dff8,28144547_00__01296_jpg.rf.d35b103a42cff4cc738ae9b27223dff8.jpg,/home/constantin/Doctorat/GunDatasetNoAugSplit/train/images/28144547_00__01296_jpg.rf.d35b103a42cff4cc738ae9b27223dff8.jpg
train__28144548_00__01300_jpg.jpg,train__28144548_00__01300_jpg.txt,train,28144548_00__01300_jpg.rf.92fcf4a39ebf0cc43dc1b38f36da190e,28144548_00__01300_jpg.rf.92fcf4a39ebf0cc43dc1b38f36da190e.jpg,/home/constantin/Doctorat/GunDatasetNoAugSplit/train/images/28144548_00__01300_jpg.rf.92fcf4a39ebf0cc43dc1b38f36da190e.jpg
train__28144548_00__01308_jpg.jpg,train__28144548_00__01308_jpg.txt,train,28144548_00__01308_jpg.rf.f9f645fd2b171a9a7ef695d0035be2e2,28144548_00__01308_jpg.rf.f9f645fd2b171a9a7ef695d0035be2e2.jpg,/home/constantin/Doctorat/GunDatasetNoAugSplit/train/images/28144548_00__01308_jpg.rf.f9f645fd2b171a9a7ef695d0035be2e2.jpg
train__2814469_00__02464_jpg.jpg,train__2814469_00__02464_jpg.txt,train,2814469_00__02464_jpg.rf.8ad9178cd208fdcff37f005a7ff798e6,2814469_00__02464_jpg.rf.8ad9178cd208fdcff37f005a7ff798e6.jpg,/home/constantin/Doctorat/GunDatasetNoAugSplit/train/images/2814469_00__02464_jpg.rf.8ad9178cd208fdcff37f005a7ff798e6.jpg
train__2814469_00__02468_jpg.jpg,train__2814469_00__02468_jpg.txt,train,2814469_00__02468_jpg.rf.36a7a7da18615d7443064a6cb7160f2a,2814469_00__02468_jpg.rf.36a7a7da18615d7443064a6cb7160f2a.jpg,/home/constantin/Doctorat/GunDatasetNoAugSplit/train/images/2814469_00__02468_jpg.rf.36a7a7da18615d7443064a6cb7160f2a.jpg
train__2814469_00__02472_jpg.jpg,train__2814469_00__02472_jpg.txt,train,2814469_00__02472_jpg.rf.0067c6068f1c3827f660ae09cb279169,2814469_00__02472_jpg.rf.0067c6068f1c3827f660ae09cb279169.jpg,/home/constantin/Doctorat/GunDatasetNoAugSplit/train/images/2814469_00__02472_jpg.rf.0067c6068f1c3827f660ae09cb279169.jpg
train__2814469_00__02480_jpg.jpg,train__2814469_00__02480_jpg.txt,train,2814469_00__02480_jpg.rf.4eac4ae6e6226c1bf13765c5abe5caf0,2814469_00__02480_jpg.rf.4eac4ae6e6226c1bf13765c5abe5caf0.jpg,/home/constantin/Doctorat/GunDatasetNoAugSplit/train/images/2814469_00__02480_jpg.rf.4eac4ae6e6226c1bf13765c5abe5caf0.jpg
train__2816240_16__05536_jpg.jpg,train__2816240_16__05536_jpg.txt,train,2816240_16__05536_jpg.rf.90ed740a4c4284cedd49ee89b89f2adf,2816240_16__05536_jpg.rf.90ed740a4c4284cedd49ee89b89f2adf.jpg,/home/constantin/Doctorat/GunDatasetNoAugSplit/train/images/2816240_16__05536_jpg.rf.90ed740a4c4284cedd49ee89b89f2adf.jpg
train__2816240_16__05540_jpg.jpg,train__2816240_16__05540_jpg.txt,train,2816240_16__05540_jpg.rf.62af4b032acd9052fa798c957fd883d9,2816240_16__05540_jpg.rf.62af4b032acd9052fa798c957fd883d9.jpg,/home/constantin/Doctorat/GunDatasetNoAugSplit/train/images/2816240_16__05540_jpg.rf.62af4b032acd9052fa798c957fd883d9.jpg
train__2816240_16__05544_jpg.jpg,train__2816240_16__05544_jpg.txt,train,2816240_16__05544_jpg.rf.12263c7530f8a784e3785dcc8a34a474,2816240_16__05544_jpg.rf.12263c7530f8a784e3785dcc8a34a474.jpg,/home/constantin/Doctorat/GunDatasetNoAugSplit/train/images/2816240_16__05544_jpg.rf.12263c7530f8a784e3785dcc8a34a474.jpg
train__2816240_16__05552_jpg.jpg,train__2816240_16__05552_jpg.txt,train,2816240_16__05552_jpg.rf.d52745b5efeabae10237c9f49d7a689a,2816240_16__05552_jpg.rf.d52745b5efeabae10237c9f49d7a689a.jpg,/home/constantin/Doctorat/GunDatasetNoAugSplit/train/images/2816240_16__05552_jpg.rf.d52745b5efeabae10237c9f49d7a689a.jpg
train__2816240_16__05560_jpg.jpg,train__2816240_16__05560_jpg.txt,train,2816240_16__05560_jpg.rf.9c674ee9f2cd57d9a5b9d361f6c4f705,2816240_16__05560_jpg.rf.9c674ee9f2cd57d9a5b9d361f6c4f705.jpg,/home/constantin/Doctorat/GunDatasetNoAugSplit/train/images/2816240_16__05560_jpg.rf.9c674ee9f2cd57d9a5b9d361f6c4f705.jpg
train__28162643_17__05704_jpg.jpg,train__28162643_17__05704_jpg.txt,train,28162643_17__05704_jpg.rf.485626f2034d153133bed0ee03bd74c0,28162643_17__05704_jpg.rf.485626f2034d153133bed0ee03bd74c0.jpg,/home/constantin/Doctorat/GunDatasetNoAugSplit/train/images/28162643_17__05704_jpg.rf.485626f2034d153133bed0ee03bd74c0.jpg
train__281645_10__02688_jpg.jpg,train__281645_10__02688_jpg.txt,train,281645_10__02688_jpg.rf.69174fe01fe345da000924b72d2949bf,281645_10__02688_jpg.rf.69174fe01fe345da000924b72d2949bf.jpg,/home/constantin/Doctorat/GunDatasetNoAugSplit/train/images/281645_10__02688_jpg.rf.69174fe01fe345da000924b72d2949bf.jpg
train__2816959_12__01496_jpg.jpg,train__2816959_12__01496_jpg.txt,train,2816959_12__01496_jpg.rf.d20fdda0706a912e1c596da29138ef27,2816959_12__01496_jpg.rf.d20fdda0706a912e1c596da29138ef27.jpg,/home/constantin/Doctorat/GunDatasetNoAugSplit/train/images/2816959_12__01496_jpg.rf.d20fdda0706a912e1c596da29138ef27.jpg
train__29fa41f99d82779f_jpg.jpg,train__29fa41f99d82779f_jpg.txt,train,29fa41f99d82779f_jpg.rf.18eb13514a190084226353a88deb892e,29fa41f99d82779f_jpg.rf.18eb13514a190084226353a88deb892e.jpg,/home/constantin/Doctorat/GunDatasetNoAugSplit/train/images/29fa41f99d82779f_jpg.rf.18eb13514a190084226353a88deb892e.jpg
train__2a2b977aa478d0c2_jpg.jpg,train__2a2b977aa478d0c2_jpg.txt,train,2a2b977aa478d0c2_jpg.rf.be6c5108133e187f2c177c7eccf1cfd1,2a2b977aa478d0c2_jpg.rf.be6c5108133e187f2c177c7eccf1cfd1.jpg,/home/constantin/Doctorat/GunDatasetNoAugSplit/train/images/2a2b977aa478d0c2_jpg.rf.be6c5108133e187f2c177c7eccf1cfd1.jpg
train__2f197fa7d6149e6d_jpg.jpg,train__2f197fa7d6149e6d_jpg.txt,train,2f197fa7d6149e6d_jpg.rf.5f2745b38cedfb5b7d6e2a224be560f3,2f197fa7d6149e6d_jpg.rf.5f2745b38cedfb5b7d6e2a224be560f3.jpg,/home/constantin/Doctorat/GunDatasetNoAugSplit/train/images/2f197fa7d6149e6d_jpg.rf.5f2745b38cedfb5b7d6e2a224be560f3.jpg
train__2f75eaf7429dc37a_jpg.jpg,train__2f75eaf7429dc37a_jpg.txt,train,2f75eaf7429dc37a_jpg.rf.7e141235684dafea368cb67f923faa3b,2f75eaf7429dc37a_jpg.rf.7e141235684dafea368cb67f923faa3b.jpg,/home/constantin/Doctorat/GunDatasetNoAugSplit/train/images/2f75eaf7429dc37a_jpg.rf.7e141235684dafea368cb67f923faa3b.jpg
train__30_jpg.jpg,train__30_jpg.txt,train,30_jpg.rf.f4a73881663ba0db3d9e92d437bb92e2,30_jpg.rf.f4a73881663ba0db3d9e92d437bb92e2.jpg,/home/constantin/Doctorat/GunDatasetNoAugSplit/train/images/30_jpg.rf.f4a73881663ba0db3d9e92d437bb92e2.jpg
train__31f7e1c74fc14731e65ccdd832df106f_jpg.jpg,train__31f7e1c74fc14731e65ccdd832df106f_jpg.txt,train,31f7e1c74fc14731e65ccdd832df106f_jpg.rf.6e159f54d22bb875ee5f51556d0ddd8b,31f7e1c74fc14731e65ccdd832df106f_jpg.rf.6e159f54d22bb875ee5f51556d0ddd8b.jpg,/home/constantin/Doctorat/GunDatasetNoAugSplit/train/images/31f7e1c74fc14731e65ccdd832df106f_jpg.rf.6e159f54d22bb875ee5f51556d0ddd8b.jpg
train__340fe34f-265257379_jpg.jpg,train__340fe34f-265257379_jpg.txt,train,340fe34f-265257379_jpg.rf.5dddaa73992bc5f8646c542e33373644,340fe34f-265257379_jpg.rf.5dddaa73992bc5f8646c542e33373644.jpg,/home/constantin/Doctorat/GunDatasetNoAugSplit/train/images/340fe34f-265257379_jpg.rf.5dddaa73992bc5f8646c542e33373644.jpg
train__370_png_jpg.jpg,train__370_png_jpg.txt,train,370_png_jpg.rf.551b8f4f204e6eb184ca74ffaa8add6b,370_png_jpg.rf.551b8f4f204e6eb184ca74ffaa8add6b.jpg,/home/constantin/Doctorat/GunDatasetNoAugSplit/train/images/370_png_jpg.rf.551b8f4f204e6eb184ca74ffaa8add6b.jpg
train__399060721-1600527933_jpeg_jpg.jpg,train__399060721-1600527933_jpeg_jpg.txt,train,399060721-1600527933_jpeg_jpg.rf.c447a719a7164c027de909e8a71ca827,399060721-1600527933_jpeg_jpg.rf.c447a719a7164c027de909e8a71ca827.jpg,/home/constantin/Doctorat/GunDatasetNoAugSplit/train/images/399060721-1600527933_jpeg_jpg.rf.c447a719a7164c027de909e8a71ca827.jpg
train__3a14b4b0dfbb1dc38f21b15f21395d83_jpg.jpg,train__3a14b4b0dfbb1dc38f21b15f21395d83_jpg.txt,train,3a14b4b0dfbb1dc38f21b15f21395d83_jpg.rf.87c94e1e0e6fe7df62b18cb687643e94,3a14b4b0dfbb1dc38f21b15f21395d83_jpg.rf.87c94e1e0e6fe7df62b18cb687643e94.jpg,/home/constantin/Doctorat/GunDatasetNoAugSplit/train/images/3a14b4b0dfbb1dc38f21b15f21395d83_jpg.rf.87c94e1e0e6fe7df62b18cb687643e94.jpg
train__3d-m4-colt-spas-12-model_600_jpg.jpg,train__3d-m4-colt-spas-12-model_600_jpg.txt,train,3d-m4-colt-spas-12-model_600_jpg.rf.cf578722f210a2ded2b41a0ba2462222,3d-m4-colt-spas-12-model_600_jpg.rf.cf578722f210a2ded2b41a0ba2462222.jpg,/home/constantin/Doctorat/GunDatasetNoAugSplit/train/images/3d-m4-colt-spas-12-model_600_jpg.rf.cf578722f210a2ded2b41a0ba2462222.jpg
train__404056491-1602014500_jpeg_jpg.jpg,train__404056491-1602014500_jpeg_jpg.txt,train,404056491-1602014500_jpeg_jpg.rf.a65b0cb207b42cd00bdc9aac2a03d1fd,404056491-1602014500_jpeg_jpg.rf.a65b0cb207b42cd00bdc9aac2a03d1fd.jpg,/home/constantin/Doctorat/GunDatasetNoAugSplit/train/images/404056491-1602014500_jpeg_jpg.rf.a65b0cb207b42cd00bdc9aac2a03d1fd.jpg
train__407262159-1602932533_jpeg.jpg,train__407262159-1602932533_jpeg.txt,train,407262159-1602932533_jpeg.rf.145e1e96bef183c36357f8fbc404e769,407262159-1602932533_jpeg.rf.145e1e96bef183c36357f8fbc404e769.jpg,/home/constantin/Doctorat/GunDatasetNoAugSplit/train/images/407262159-1602932533_jpeg.rf.145e1e96bef183c36357f8fbc404e769.jpg
train__40_jpg.jpg,train__40_jpg.txt,train,40_jpg.rf.044efaf110fac6519149bd9cd23db4b2,40_jpg.rf.044efaf110fac6519149bd9cd23db4b2.jpg,/home/constantin/Doctorat/GunDatasetNoAugSplit/train/images/40_jpg.rf.044efaf110fac6519149bd9cd23db4b2.jpg
train__41-1410_jpg.jpg,train__41-1410_jpg.txt,train,41-1410_jpg.rf.fdb474721c5d364bf15cbcd902f50c83,41-1410_jpg.rf.fdb474721c5d364bf15cbcd902f50c83.jpg,/home/constantin/Doctorat/GunDatasetNoAugSplit/train/images/41-1410_jpg.rf.fdb474721c5d364bf15cbcd902f50c83.jpg
train__411379555-1603872179_jpeg.jpg,train__411379555-1603872179_jpeg.txt,train,411379555-1603872179_jpeg.rf.d4549e6a2f6b3fc397feb5ac049fcadf,411379555-1603872179_jpeg.rf.d4549e6a2f6b3fc397feb5ac049fcadf.jpg,/home/constantin/Doctorat/GunDatasetNoAugSplit/train/images/411379555-1603872179_jpeg.rf.d4549e6a2f6b3fc397feb5ac049fcadf.jpg
train__412363479-1604116835_jpeg_jpg.jpg,train__412363479-1604116835_jpeg_jpg.txt,train,412363479-1604116835_jpeg_jpg.rf.01dba67cb1c4ea91a9404954ecc1c8fa,412363479-1604116835_jpeg_jpg.rf.01dba67cb1c4ea91a9404954ecc1c8fa.jpg,/home/constantin/Doctorat/GunDatasetNoAugSplit/train/images/412363479-1604116835_jpeg_jpg.rf.01dba67cb1c4ea91a9404954ecc1c8fa.jpg
train__414438953-1604598026_jpeg.jpg,train__414438953-1604598026_jpeg.txt,train,414438953-1604598026_jpeg.rf.16be1428d7ef38581a3e629db88cdf0c,414438953-1604598026_jpeg.rf.16be1428d7ef38581a3e629db88cdf0c.jpg,/home/constantin/Doctorat/GunDatasetNoAugSplit/train/images/414438953-1604598026_jpeg.rf.16be1428d7ef38581a3e629db88cdf0c.jpg
train__428394117-1608276923_jpeg.jpg,train__428394117-1608276923_jpeg.txt,train,428394117-1608276923_jpeg.rf.403b5fffac08909c9b8e37b8c819f396,428394117-1608276923_jpeg.rf.403b5fffac08909c9b8e37b8c819f396.jpg,/home/constantin/Doctorat/GunDatasetNoAugSplit/train/images/428394117-1608276923_jpeg.rf.403b5fffac08909c9b8e37b8c819f396.jpg
train__437151387-1610689121_jpeg_jpg.jpg,train__437151387-1610689121_jpeg_jpg.txt,train,437151387-1610689121_jpeg_jpg.rf.3d9c67071671c200a98b68104f94c7ed,437151387-1610689121_jpeg_jpg.rf.3d9c67071671c200a98b68104f94c7ed.jpg,/home/constantin/Doctorat/GunDatasetNoAugSplit/train/images/437151387-1610689121_jpeg_jpg.rf.3d9c67071671c200a98b68104f94c7ed.jpg
train__437151387-1610689121_jpeg_jpg_1.jpg,train__437151387-1610689121_jpeg_jpg_1.txt,train,437151387-1610689121_jpeg_jpg.rf.95c259e5d77274c557fee34e6bafb6fa,437151387-1610689121_jpeg_jpg.rf.95c259e5d77274c557fee34e6bafb6fa.jpg,/home/constantin/Doctorat/GunDatasetNoAugSplit/train/images/437151387-1610689121_jpeg_jpg.rf.95c259e5d77274c557fee34e6bafb6fa.jpg
train__437151387-1610689121_jpeg_jpg_2.jpg,train__437151387-1610689121_jpeg_jpg_2.txt,train,437151387-1610689121_jpeg_jpg.rf.a32a7f399d2fecd890ec71f3b6286e07,437151387-1610689121_jpeg_jpg.rf.a32a7f399d2fecd890ec71f3b6286e07.jpg,/home/constantin/Doctorat/GunDatasetNoAugSplit/train/images/437151387-1610689121_jpeg_jpg.rf.a32a7f399d2fecd890ec71f3b6286e07.jpg
train__438935871-1611137152_jpeg.jpg,train__438935871-1611137152_jpeg.txt,train,438935871-1611137152_jpeg.rf.f866531198f09dee2669a19822bfe181,438935871-1611137152_jpeg.rf.f866531198f09dee2669a19822bfe181.jpg,/home/constantin/Doctorat/GunDatasetNoAugSplit/train/images/438935871-1611137152_jpeg.rf.f866531198f09dee2669a19822bfe181.jpg
train__442257665-1612017144_jpeg.jpg,train__442257665-1612017144_jpeg.txt,train,442257665-1612017144_jpeg.rf.fbeee2ba15cc1c716aa00a9795cee4b7,442257665-1612017144_jpeg.rf.fbeee2ba15cc1c716aa00a9795cee4b7.jpg,/home/constantin/Doctorat/GunDatasetNoAugSplit/train/images/442257665-1612017144_jpeg.rf.fbeee2ba15cc1c716aa00a9795cee4b7.jpg
train__444448145-1612625454_jpeg_jpg.jpg,train__444448145-1612625454_jpeg_jpg.txt,train,444448145-1612625454_jpeg_jpg.rf.652ccf82db55593b015482ee00c6d7bc,444448145-1612625454_jpeg_jpg.rf.652ccf82db55593b015482ee00c6d7bc.jpg,/home/constantin/Doctorat/GunDatasetNoAugSplit/train/images/444448145-1612625454_jpeg_jpg.rf.652ccf82db55593b015482ee00c6d7bc.jpg
train__446145889-1613120980_jpeg.jpg,train__446145889-1613120980_jpeg.txt,train,446145889-1613120980_jpeg.rf.7d7bbeebbdd22991b8f9a5032bfd0be1,446145889-1613120980_jpeg.rf.7d7bbeebbdd22991b8f9a5032bfd0be1.jpg,/home/constantin/Doctorat/GunDatasetNoAugSplit/train/images/446145889-1613120980_jpeg.rf.7d7bbeebbdd22991b8f9a5032bfd0be1.jpg
train__44d8a0340a8fe66a87378458d3f3e63d_jpg.jpg,train__44d8a0340a8fe66a87378458d3f3e63d_jpg.txt,train,44d8a0340a8fe66a87378458d3f3e63d_jpg.rf.d129988ae7d8ea5c616dc98bdf712216,44d8a0340a8fe66a87378458d3f3e63d_jpg.rf.d129988ae7d8ea5c616dc98bdf712216.jpg,/home/constantin/Doctorat/GunDatasetNoAugSplit/train/images/44d8a0340a8fe66a87378458d3f3e63d_jpg.rf.d129988ae7d8ea5c616dc98bdf712216.jpg
train__452684237-1614940309_jpeg.jpg,train__452684237-1614940309_jpeg.txt,train,452684237-1614940309_jpeg.rf.c1955e9bce7ae0d774e0f918101ee78d,452684237-1614940309_jpeg.rf.c1955e9bce7ae0d774e0f918101ee78d.jpg,/home/constantin/Doctorat/GunDatasetNoAugSplit/train/images/452684237-1614940309_jpeg.rf.c1955e9bce7ae0d774e0f918101ee78d.jpg
train__471926509-1619503236_jpeg.jpg,train__471926509-1619503236_jpeg.txt,train,471926509-1619503236_jpeg.rf.655b0a44ffa2d1c1a4e4158ca98d0e2f,471926509-1619503236_jpeg.rf.655b0a44ffa2d1c1a4e4158ca98d0e2f.jpg,/home/constantin/Doctorat/GunDatasetNoAugSplit/train/images/471926509-1619503236_jpeg.rf.655b0a44ffa2d1c1a4e4158ca98d0e2f.jpg
train__480e17d0f0e9fa5de0b2be78f768c55e_jpg.jpg,train__480e17d0f0e9fa5de0b2be78f768c55e_jpg.txt,train,480e17d0f0e9fa5de0b2be78f768c55e_jpg.rf.01d6807c7b99751f20202b8e7d770dcd,480e17d0f0e9fa5de0b2be78f768c55e_jpg.rf.01d6807c7b99751f20202b8e7d770dcd.jpg,/home/constantin/Doctorat/GunDatasetNoAugSplit/train/images/480e17d0f0e9fa5de0b2be78f768c55e_jpg.rf.01d6807c7b99751f20202b8e7d770dcd.jpg
train__489919215-1624389272_jpeg.jpg,train__489919215-1624389272_jpeg.txt,train,489919215-1624389272_jpeg.rf.0d17d242aecfca3eb942b29398e6fe95,489919215-1624389272_jpeg.rf.0d17d242aecfca3eb942b29398e6fe95.jpg,/home/constantin/Doctorat/GunDatasetNoAugSplit/train/images/489919215-1624389272_jpeg.rf.0d17d242aecfca3eb942b29398e6fe95.jpg
train__4bb034e147f43cd2fc1ab1ba4395586a_jpg.jpg,train__4bb034e147f43cd2fc1ab1ba4395586a_jpg.txt,train,4bb034e147f43cd2fc1ab1ba4395586a_jpg.rf.91898cf45d45691b631f79536473aa4e,4bb034e147f43cd2fc1ab1ba4395586a_jpg.rf.91898cf45d45691b631f79536473aa4e.jpg,/home/constantin/Doctorat/GunDatasetNoAugSplit/train/images/4bb034e147f43cd2fc1ab1ba4395586a_jpg.rf.91898cf45d45691b631f79536473aa4e.jpg
train__520480_1_En_18_Fig2_HTML_png_jpg.jpg,train__520480_1_En_18_Fig2_HTML_png_jpg.txt,train,520480_1_En_18_Fig2_HTML_png_jpg.rf.06373fd5c350e010750909352afca670,520480_1_En_18_Fig2_HTML_png_jpg.rf.06373fd5c350e010750909352afca670.jpg,/home/constantin/Doctorat/GunDatasetNoAugSplit/train/images/520480_1_En_18_Fig2_HTML_png_jpg.rf.06373fd5c350e010750909352afca670.jpg
train__5233b72006401fe1_jpg.jpg,train__5233b72006401fe1_jpg.txt,train,5233b72006401fe1_jpg.rf.97be8b0ffe77918c24b9e4129530c5b0,5233b72006401fe1_jpg.rf.97be8b0ffe77918c24b9e4129530c5b0.jpg,/home/constantin/Doctorat/GunDatasetNoAugSplit/train/images/5233b72006401fe1_jpg.rf.97be8b0ffe77918c24b9e4129530c5b0.jpg
train__546e0da6f0b87cc30e169776d43f3428_jpg.jpg,train__546e0da6f0b87cc30e169776d43f3428_jpg.txt,train,546e0da6f0b87cc30e169776d43f3428_jpg.rf.a13f6640d14600a3302ebeeafe8cc21d,546e0da6f0b87cc30e169776d43f3428_jpg.rf.a13f6640d14600a3302ebeeafe8cc21d.jpg,/home/constantin/Doctorat/GunDatasetNoAugSplit/train/images/546e0da6f0b87cc30e169776d43f3428_jpg.rf.a13f6640d14600a3302ebeeafe8cc21d.jpg
train__57_png_jpg.jpg,train__57_png_jpg.txt,train,57_png_jpg.rf.4ebcb930437812ba321fe7b0a2d99fa7,57_png_jpg.rf.4ebcb930437812ba321fe7b0a2d99fa7.jpg,/home/constantin/Doctorat/GunDatasetNoAugSplit/train/images/57_png_jpg.rf.4ebcb930437812ba321fe7b0a2d99fa7.jpg
train__611.jpg,train__611.txt,train,611.rf.bdcb061baabc0bd51301ed993fa0901c,611.rf.bdcb061baabc0bd51301ed993fa0901c.jpg,/home/constantin/Doctorat/GunDatasetNoAugSplit/train/images/611.rf.bdcb061baabc0bd51301ed993fa0901c.jpg
train__61_jpg.jpg,train__61_jpg.txt,train,61_jpg.rf.018fe33a84c6a1d3238f132e2a87bf8e,61_jpg.rf.018fe33a84c6a1d3238f132e2a87bf8e.jpg,/home/constantin/Doctorat/GunDatasetNoAugSplit/train/images/61_jpg.rf.018fe33a84c6a1d3238f132e2a87bf8e.jpg
train__632ecf3b-152_jpeg_jpg.jpg,train__632ecf3b-152_jpeg_jpg.txt,train,632ecf3b-152_jpeg_jpg.rf.a2817c6ff6767c017460502aff1be25e,632ecf3b-152_jpeg_jpg.rf.a2817c6ff6767c017460502aff1be25e.jpg,/home/constantin/Doctorat/GunDatasetNoAugSplit/train/images/632ecf3b-152_jpeg_jpg.rf.a2817c6ff6767c017460502aff1be25e.jpg
train__641f684764d5a7e8_jpg.jpg,train__641f684764d5a7e8_jpg.txt,train,641f684764d5a7e8_jpg.rf.14b33f9912a578bd53609a30f4da48de,641f684764d5a7e8_jpg.rf.14b33f9912a578bd53609a30f4da48de.jpg,/home/constantin/Doctorat/GunDatasetNoAugSplit/train/images/641f684764d5a7e8_jpg.rf.14b33f9912a578bd53609a30f4da48de.jpg
train__64b83066ff1837f0021c6e82cef607a6_jpg.jpg,train__64b83066ff1837f0021c6e82cef607a6_jpg.txt,train,64b83066ff1837f0021c6e82cef607a6_jpg.rf.fcb59d009ad3031d031c0321de652878,64b83066ff1837f0021c6e82cef607a6_jpg.rf.fcb59d009ad3031d031c0321de652878.jpg,/home/constantin/Doctorat/GunDatasetNoAugSplit/train/images/64b83066ff1837f0021c6e82cef607a6_jpg.rf.fcb59d009ad3031d031c0321de652878.jpg
train__65_jpg.jpg,train__65_jpg.txt,train,65_jpg.rf.e86c0c72da574f7047e4e27f78aa07f9,65_jpg.rf.e86c0c72da574f7047e4e27f78aa07f9.jpg,/home/constantin/Doctorat/GunDatasetNoAugSplit/train/images/65_jpg.rf.e86c0c72da574f7047e4e27f78aa07f9.jpg
train__68_jpeg_jpg.jpg,train__68_jpeg_jpg.txt,train,68_jpeg_jpg.rf.dae7aa8995d63a146537f46f488711f6,68_jpeg_jpg.rf.dae7aa8995d63a146537f46f488711f6.jpg,/home/constantin/Doctorat/GunDatasetNoAugSplit/train/images/68_jpeg_jpg.rf.dae7aa8995d63a146537f46f488711f6.jpg
train__730bea04cc162323a735865a239e777c_jpg.jpg,train__730bea04cc162323a735865a239e777c_jpg.txt,train,730bea04cc162323a735865a239e777c_jpg.rf.e702dcdc00a01c0a126809c816136fce,730bea04cc162323a735865a239e777c_jpg.rf.e702dcdc00a01c0a126809c816136fce.jpg,/home/constantin/Doctorat/GunDatasetNoAugSplit/train/images/730bea04cc162323a735865a239e777c_jpg.rf.e702dcdc00a01c0a126809c816136fce.jpg
train__77f024e57987886a40a78d61f08fb3c1_jpg.jpg,train__77f024e57987886a40a78d61f08fb3c1_jpg.txt,train,77f024e57987886a40a78d61f08fb3c1_jpg.rf.ad964009e1c3601bdb5638e075036ee7,77f024e57987886a40a78d61f08fb3c1_jpg.rf.ad964009e1c3601bdb5638e075036ee7.jpg,/home/constantin/Doctorat/GunDatasetNoAugSplit/train/images/77f024e57987886a40a78d61f08fb3c1_jpg.rf.ad964009e1c3601bdb5638e075036ee7.jpg
train__79_jpg.jpg,train__79_jpg.txt,train,79_jpg.rf.4aa99cf853dceb4319a44e9ae5171043,79_jpg.rf.4aa99cf853dceb4319a44e9ae5171043.jpg,/home/constantin/Doctorat/GunDatasetNoAugSplit/train/images/79_jpg.rf.4aa99cf853dceb4319a44e9ae5171043.jpg
train__7_jpg.jpg,train__7_jpg.txt,train,7_jpg.rf.4ad59d2107baeb262731829107d04b9d,7_jpg.rf.4ad59d2107baeb262731829107d04b9d.jpg,/home/constantin/Doctorat/GunDatasetNoAugSplit/train/images/7_jpg.rf.4ad59d2107baeb262731829107d04b9d.jpg
train__8130cc29a41fcb150c6cd1665efe88d1_jpeg_jpg.jpg,train__8130cc29a41fcb150c6cd1665efe88d1_jpeg_jpg.txt,train,8130cc29a41fcb150c6cd1665efe88d1_jpeg_jpg.rf.0d4bd7eff4eeff0312bc5e97e74fb49d,8130cc29a41fcb150c6cd1665efe88d1_jpeg_jpg.rf.0d4bd7eff4eeff0312bc5e97e74fb49d.jpg,/home/constantin/Doctorat/GunDatasetNoAugSplit/train/images/8130cc29a41fcb150c6cd1665efe88d1_jpeg_jpg.rf.0d4bd7eff4eeff0312bc5e97e74fb49d.jpg
train__84d477ba-209_jpeg_jpg.jpg,train__84d477ba-209_jpeg_jpg.txt,train,84d477ba-209_jpeg_jpg.rf.9e3396d34ba7227f8e1add4f3e3abe40,84d477ba-209_jpeg_jpg.rf.9e3396d34ba7227f8e1add4f3e3abe40.jpg,/home/constantin/Doctorat/GunDatasetNoAugSplit/train/images/84d477ba-209_jpeg_jpg.rf.9e3396d34ba7227f8e1add4f3e3abe40.jpg
train__8a468b265a546d2f_jpg.jpg,train__8a468b265a546d2f_jpg.txt,train,8a468b265a546d2f_jpg.rf.b2174eb7d6ef068f6015facd5dd8723f,8a468b265a546d2f_jpg.rf.b2174eb7d6ef068f6015facd5dd8723f.jpg,/home/constantin/Doctorat/GunDatasetNoAugSplit/train/images/8a468b265a546d2f_jpg.rf.b2174eb7d6ef068f6015facd5dd8723f.jpg
train__8b87707ea2f54186_jpg.jpg,train__8b87707ea2f54186_jpg.txt,train,8b87707ea2f54186_jpg.rf.f76c96c64a5d61324541337b00409b53,8b87707ea2f54186_jpg.rf.f76c96c64a5d61324541337b00409b53.jpg,/home/constantin/Doctorat/GunDatasetNoAugSplit/train/images/8b87707ea2f54186_jpg.rf.f76c96c64a5d61324541337b00409b53.jpg
train__90413a4861a9bcff_jpg.jpg,train__90413a4861a9bcff_jpg.txt,train,90413a4861a9bcff_jpg.rf.30aa567c28402b9f6901578e988b0c7d,90413a4861a9bcff_jpg.rf.30aa567c28402b9f6901578e988b0c7d.jpg,/home/constantin/Doctorat/GunDatasetNoAugSplit/train/images/90413a4861a9bcff_jpg.rf.30aa567c28402b9f6901578e988b0c7d.jpg
train__90_jpg.jpg,train__90_jpg.txt,train,90_jpg.rf.8b8bff521bdcf59c8bd78e23095ff41a,90_jpg.rf.8b8bff521bdcf59c8bd78e23095ff41a.jpg,/home/constantin/Doctorat/GunDatasetNoAugSplit/train/images/90_jpg.rf.8b8bff521bdcf59c8bd78e23095ff41a.jpg
train__918ab237cac8831b_jpg.jpg,train__918ab237cac8831b_jpg.txt,train,918ab237cac8831b_jpg.rf.aef3b6a6e6d750a88f7552912cc9322b,918ab237cac8831b_jpg.rf.aef3b6a6e6d750a88f7552912cc9322b.jpg,/home/constantin/Doctorat/GunDatasetNoAugSplit/train/images/918ab237cac8831b_jpg.rf.aef3b6a6e6d750a88f7552912cc9322b.jpg
train__95a8fc8c-69_jpeg_jpg.jpg,train__95a8fc8c-69_jpeg_jpg.txt,train,95a8fc8c-69_jpeg_jpg.rf.f7ed896a9879ecf08801b5f4c07e2443,95a8fc8c-69_jpeg_jpg.rf.f7ed896a9879ecf08801b5f4c07e2443.jpg,/home/constantin/Doctorat/GunDatasetNoAugSplit/train/images/95a8fc8c-69_jpeg_jpg.rf.f7ed896a9879ecf08801b5f4c07e2443.jpg
train__97_png_jpg.jpg,train__97_png_jpg.txt,train,97_png_jpg.rf.941858b653f4aa5e79d8664b18e601b3,97_png_jpg.rf.941858b653f4aa5e79d8664b18e601b3.jpg,/home/constantin/Doctorat/GunDatasetNoAugSplit/train/images/97_png_jpg.rf.941858b653f4aa5e79d8664b18e601b3.jpg
train__9913861094_s-l1600209_jpg.jpg,train__9913861094_s-l1600209_jpg.txt,train,9913861094_s-l1600209_jpg.rf.440827c9dc1120b11fae383b041c22d1,9913861094_s-l1600209_jpg.rf.440827c9dc1120b11fae383b041c22d1.jpg,/home/constantin/Doctorat/GunDatasetNoAugSplit/train/images/9913861094_s-l1600209_jpg.rf.440827c9dc1120b11fae383b041c22d1.jpg
train__9efbe681239880d2_jpg.jpg,train__9efbe681239880d2_jpg.txt,train,9efbe681239880d2_jpg.rf.686da3dffc906865e3059aed50fbb847,9efbe681239880d2_jpg.rf.686da3dffc906865e3059aed50fbb847.jpg,/home/constantin/Doctorat/GunDatasetNoAugSplit/train/images/9efbe681239880d2_jpg.rf.686da3dffc906865e3059aed50fbb847.jpg
train__CAR00211_jpg.jpg,train__CAR00211_jpg.txt,train,CAR00211_jpg.rf.427c1a9edaedcb5e0917f3fd13010bb5,CAR00211_jpg.rf.427c1a9edaedcb5e0917f3fd13010bb5.jpg,/home/constantin/Doctorat/GunDatasetNoAugSplit/train/images/CAR00211_jpg.rf.427c1a9edaedcb5e0917f3fd13010bb5.jpg
train__CAR00280_jpg.jpg,train__CAR00280_jpg.txt,train,CAR00280_jpg.rf.15c52dac692489247f371f36e974484e,CAR00280_jpg.rf.15c52dac692489247f371f36e974484e.jpg,/home/constantin/Doctorat/GunDatasetNoAugSplit/train/images/CAR00280_jpg.rf.15c52dac692489247f371f36e974484e.jpg
train__DatasetWeapons_1011_png.jpg,train__DatasetWeapons_1011_png.txt,train,DatasetWeapons_1011_png.rf.88cb63834c3de327744b5b509c192c71,DatasetWeapons_1011_png.rf.88cb63834c3de327744b5b509c192c71.jpg,/home/constantin/Doctorat/GunDatasetNoAugSplit/train/images/DatasetWeapons_1011_png.rf.88cb63834c3de327744b5b509c192c71.jpg
train__DatasetWeapons_1190_png.jpg,train__DatasetWeapons_1190_png.txt,train,DatasetWeapons_1190_png.rf.cac039df5c0f6a9a2aba72486dbdd994,DatasetWeapons_1190_png.rf.cac039df5c0f6a9a2aba72486dbdd994.jpg,/home/constantin/Doctorat/GunDatasetNoAugSplit/train/images/DatasetWeapons_1190_png.rf.cac039df5c0f6a9a2aba72486dbdd994.jpg
train__DatasetWeapons_1215_png.jpg,train__DatasetWeapons_1215_png.txt,train,DatasetWeapons_1215_png.rf.f312ba322abfcdd341833e42ac9b1e72,DatasetWeapons_1215_png.rf.f312ba322abfcdd341833e42ac9b1e72.jpg,/home/constantin/Doctorat/GunDatasetNoAugSplit/train/images/DatasetWeapons_1215_png.rf.f312ba322abfcdd341833e42ac9b1e72.jpg
train__DatasetWeapons_1293_png.jpg,train__DatasetWeapons_1293_png.txt,train,DatasetWeapons_1293_png.rf.a4d3318f68ecdb6b2685d4fe4f34baaa,DatasetWeapons_1293_png.rf.a4d3318f68ecdb6b2685d4fe4f34baaa.jpg,/home/constantin/Doctorat/GunDatasetNoAugSplit/train/images/DatasetWeapons_1293_png.rf.a4d3318f68ecdb6b2685d4fe4f34baaa.jpg
train__DatasetWeapons_1486_png.jpg,train__DatasetWeapons_1486_png.txt,train,DatasetWeapons_1486_png.rf.7a7982fcef6621cef98a4a8c8924676f,DatasetWeapons_1486_png.rf.7a7982fcef6621cef98a4a8c8924676f.jpg,/home/constantin/Doctorat/GunDatasetNoAugSplit/train/images/DatasetWeapons_1486_png.rf.7a7982fcef6621cef98a4a8c8924676f.jpg
train__DatasetWeapons_1706_png.jpg,train__DatasetWeapons_1706_png.txt,train,DatasetWeapons_1706_png.rf.2a0a067f08d0fd4a367b838cae88c621,DatasetWeapons_1706_png.rf.2a0a067f08d0fd4a367b838cae88c621.jpg,/home/constantin/Doctorat/GunDatasetNoAugSplit/train/images/DatasetWeapons_1706_png.rf.2a0a067f08d0fd4a367b838cae88c621.jpg
train__DatasetWeapons_2097_png.jpg,train__DatasetWeapons_2097_png.txt,train,DatasetWeapons_2097_png.rf.beb2b744198aa78fa363d747be45ec94,DatasetWeapons_2097_png.rf.beb2b744198aa78fa363d747be45ec94.jpg,/home/constantin/Doctorat/GunDatasetNoAugSplit/train/images/DatasetWeapons_2097_png.rf.beb2b744198aa78fa363d747be45ec94.jpg
train__DatasetWeapons_2190_png.jpg,train__DatasetWeapons_2190_png.txt,train,DatasetWeapons_2190_png.rf.d15e731958d85ae4c4be11b18929c88f,DatasetWeapons_2190_png.rf.d15e731958d85ae4c4be11b18929c88f.jpg,/home/constantin/Doctorat/GunDatasetNoAugSplit/train/images/DatasetWeapons_2190_png.rf.d15e731958d85ae4c4be11b18929c88f.jpg
train__DatasetWeapons_2212_png.jpg,train__DatasetWeapons_2212_png.txt,train,DatasetWeapons_2212_png.rf.907d5ee96bc55c8f702ffb027051adc5,DatasetWeapons_2212_png.rf.907d5ee96bc55c8f702ffb027051adc5.jpg,/home/constantin/Doctorat/GunDatasetNoAugSplit/train/images/DatasetWeapons_2212_png.rf.907d5ee96bc55c8f702ffb027051adc5.jpg
train__DatasetWeapons_2223_png.jpg,train__DatasetWeapons_2223_png.txt,train,DatasetWeapons_2223_png.rf.c78eb865b02e3d995f25305284fb24cc,DatasetWeapons_2223_png.rf.c78eb865b02e3d995f25305284fb24cc.jpg,/home/constantin/Doctorat/GunDatasetNoAugSplit/train/images/DatasetWeapons_2223_png.rf.c78eb865b02e3d995f25305284fb24cc.jpg
train__DatasetWeapons_2376_png.jpg,train__DatasetWeapons_2376_png.txt,train,DatasetWeapons_2376_png.rf.32413a9f92161f8b7c970a76f847032f,DatasetWeapons_2376_png.rf.32413a9f92161f8b7c970a76f847032f.jpg,/home/constantin/Doctorat/GunDatasetNoAugSplit/train/images/DatasetWeapons_2376_png.rf.32413a9f92161f8b7c970a76f847032f.jpg
train__DatasetWeapons_2378_png.jpg,train__DatasetWeapons_2378_png.txt,train,DatasetWeapons_2378_png.rf.639481c4a611f205817d33180a4339b3,DatasetWeapons_2378_png.rf.639481c4a611f205817d33180a4339b3.jpg,/home/constantin/Doctorat/GunDatasetNoAugSplit/train/images/DatasetWeapons_2378_png.rf.639481c4a611f205817d33180a4339b3.jpg
train__DatasetWeapons_2386_png.jpg,train__DatasetWeapons_2386_png.txt,train,DatasetWeapons_2386_png.rf.14b87b3bffd7d3e77cd6f23eea78593a,DatasetWeapons_2386_png.rf.14b87b3bffd7d3e77cd6f23eea78593a.jpg,/home/constantin/Doctorat/GunDatasetNoAugSplit/train/images/DatasetWeapons_2386_png.rf.14b87b3bffd7d3e77cd6f23eea78593a.jpg
train__DatasetWeapons_2810_png.jpg,train__DatasetWeapons_2810_png.txt,train,DatasetWeapons_2810_png.rf.578ae8c9efbe12043b9ceb6fe11d556e,DatasetWeapons_2810_png.rf.578ae8c9efbe12043b9ceb6fe11d556e.jpg,/home/constantin/Doctorat/GunDatasetNoAugSplit/train/images/DatasetWeapons_2810_png.rf.578ae8c9efbe12043b9ceb6fe11d556e.jpg
train__DatasetWeapons_2846_png.jpg,train__DatasetWeapons_2846_png.txt,train,DatasetWeapons_2846_png.rf.9cf94c249089fb59b56af675ba26db1b,DatasetWeapons_2846_png.rf.9cf94c249089fb59b56af675ba26db1b.jpg,/home/constantin/Doctorat/GunDatasetNoAugSplit/train/images/DatasetWeapons_2846_png.rf.9cf94c249089fb59b56af675ba26db1b.jpg
train__DatasetWeapons_2988_png.jpg,train__DatasetWeapons_2988_png.txt,train,DatasetWeapons_2988_png.rf.a4a34f4bb8ff51998e90a1ec833d6083,DatasetWeapons_2988_png.rf.a4a34f4bb8ff51998e90a1ec833d6083.jpg,/home/constantin/Doctorat/GunDatasetNoAugSplit/train/images/DatasetWeapons_2988_png.rf.a4a34f4bb8ff51998e90a1ec833d6083.jpg
train__DatasetWeapons_3027_png.jpg,train__DatasetWeapons_3027_png.txt,train,DatasetWeapons_3027_png.rf.8a6f07ffbbaaf863ca8e6de973b10fc1,DatasetWeapons_3027_png.rf.8a6f07ffbbaaf863ca8e6de973b10fc1.jpg,/home/constantin/Doctorat/GunDatasetNoAugSplit/train/images/DatasetWeapons_3027_png.rf.8a6f07ffbbaaf863ca8e6de973b10fc1.jpg
train__DatasetWeapons_3287_png.jpg,train__DatasetWeapons_3287_png.txt,train,DatasetWeapons_3287_png.rf.99470aa1efdc7eb9260d852dcd90f65f,DatasetWeapons_3287_png.rf.99470aa1efdc7eb9260d852dcd90f65f.jpg,/home/constantin/Doctorat/GunDatasetNoAugSplit/train/images/DatasetWeapons_3287_png.rf.99470aa1efdc7eb9260d852dcd90f65f.jpg
train__DatasetWeapons_3289_png.jpg,train__DatasetWeapons_3289_png.txt,train,DatasetWeapons_3289_png.rf.ca45dd8d928a3f9f9e59a0b4c91df750,DatasetWeapons_3289_png.rf.ca45dd8d928a3f9f9e59a0b4c91df750.jpg,/home/constantin/Doctorat/GunDatasetNoAugSplit/train/images/DatasetWeapons_3289_png.rf.ca45dd8d928a3f9f9e59a0b4c91df750.jpg
train__DatasetWeapons_364_png.jpg,train__DatasetWeapons_364_png.txt,train,DatasetWeapons_364_png.rf.68ced1b76b07936016f0f57b368f46aa,DatasetWeapons_364_png.rf.68ced1b76b07936016f0f57b368f46aa.jpg,/home/constantin/Doctorat/GunDatasetNoAugSplit/train/images/DatasetWeapons_364_png.rf.68ced1b76b07936016f0f57b368f46aa.jpg
train__DatasetWeapons_384_png.jpg,train__DatasetWeapons_384_png.txt,train,DatasetWeapons_384_png.rf.998d57d69f681de8b825c4187f494433,DatasetWeapons_384_png.rf.998d57d69f681de8b825c4187f494433.jpg,/home/constantin/Doctorat/GunDatasetNoAugSplit/train/images/DatasetWeapons_384_png.rf.998d57d69f681de8b825c4187f494433.jpg
train__DatasetWeapons_4187_png.jpg,train__DatasetWeapons_4187_png.txt,train,DatasetWeapons_4187_png.rf.74d8f6d0f2d9a0fca40851170c0e159e,DatasetWeapons_4187_png.rf.74d8f6d0f2d9a0fca40851170c0e159e.jpg,/home/constantin/Doctorat/GunDatasetNoAugSplit/train/images/DatasetWeapons_4187_png.rf.74d8f6d0f2d9a0fca40851170c0e159e.jpg
train__DatasetWeapons_4190_png.jpg,train__DatasetWeapons_4190_png.txt,train,DatasetWeapons_4190_png.rf.cdd130643efbd9042f1456d925051e23,DatasetWeapons_4190_png.rf.cdd130643efbd9042f1456d925051e23.jpg,/home/constantin/Doctorat/GunDatasetNoAugSplit/train/images/DatasetWeapons_4190_png.rf.cdd130643efbd9042f1456d925051e23.jpg
train__DatasetWeapons_4250_png.jpg,train__DatasetWeapons_4250_png.txt,train,DatasetWeapons_4250_png.rf.292b34b9bac2f02d7c048bf772a54dd7,DatasetWeapons_4250_png.rf.292b34b9bac2f02d7c048bf772a54dd7.jpg,/home/constantin/Doctorat/GunDatasetNoAugSplit/train/images/DatasetWeapons_4250_png.rf.292b34b9bac2f02d7c048bf772a54dd7.jpg
train__DatasetWeapons_4330_png.jpg,train__DatasetWeapons_4330_png.txt,train,DatasetWeapons_4330_png.rf.c15c83c819390a8536fc13469a98c514,DatasetWeapons_4330_png.rf.c15c83c819390a8536fc13469a98c514.jpg,/home/constantin/Doctorat/GunDatasetNoAugSplit/train/images/DatasetWeapons_4330_png.rf.c15c83c819390a8536fc13469a98c514.jpg
train__DatasetWeapons_4533_png.jpg,train__DatasetWeapons_4533_png.txt,train,DatasetWeapons_4533_png.rf.184a142125c82f5102a1c2f25a8d5482,DatasetWeapons_4533_png.rf.184a142125c82f5102a1c2f25a8d5482.jpg,/home/constantin/Doctorat/GunDatasetNoAugSplit/train/images/DatasetWeapons_4533_png.rf.184a142125c82f5102a1c2f25a8d5482.jpg
train__DatasetWeapons_4856_png.jpg,train__DatasetWeapons_4856_png.txt,train,DatasetWeapons_4856_png.rf.974f67bc796b7ed0e88512fb2aa17861,DatasetWeapons_4856_png.rf.974f67bc796b7ed0e88512fb2aa17861.jpg,/home/constantin/Doctorat/GunDatasetNoAugSplit/train/images/DatasetWeapons_4856_png.rf.974f67bc796b7ed0e88512fb2aa17861.jpg
train__DatasetWeapons_5030_png.jpg,train__DatasetWeapons_5030_png.txt,train,DatasetWeapons_5030_png.rf.f32f5b662c32040da660da6f40f451b3,DatasetWeapons_5030_png.rf.f32f5b662c32040da660da6f40f451b3.jpg,/home/constantin/Doctorat/GunDatasetNoAugSplit/train/images/DatasetWeapons_5030_png.rf.f32f5b662c32040da660da6f40f451b3.jpg
train__DatasetWeapons_513_png.jpg,train__DatasetWeapons_513_png.txt,train,DatasetWeapons_513_png.rf.e3c967790ec7af604610dcc129a6c116,DatasetWeapons_513_png.rf.e3c967790ec7af604610dcc129a6c116.jpg,/home/constantin/Doctorat/GunDatasetNoAugSplit/train/images/DatasetWeapons_513_png.rf.e3c967790ec7af604610dcc129a6c116.jpg
train__DatasetWeapons_518_png.jpg,train__DatasetWeapons_518_png.txt,train,DatasetWeapons_518_png.rf.7c1e58237605c8d578aa7feaf7666886,DatasetWeapons_518_png.rf.7c1e58237605c8d578aa7feaf7666886.jpg,/home/constantin/Doctorat/GunDatasetNoAugSplit/train/images/DatasetWeapons_518_png.rf.7c1e58237605c8d578aa7feaf7666886.jpg
train__DatasetWeapons_5213_png.jpg,train__DatasetWeapons_5213_png.txt,train,DatasetWeapons_5213_png.rf.36217faeedde1e7b4577e56f8a2343b6,DatasetWeapons_5213_png.rf.36217faeedde1e7b4577e56f8a2343b6.jpg,/home/constantin/Doctorat/GunDatasetNoAugSplit/train/images/DatasetWeapons_5213_png.rf.36217faeedde1e7b4577e56f8a2343b6.jpg
train__DatasetWeapons_5307_png.jpg,train__DatasetWeapons_5307_png.txt,train,DatasetWeapons_5307_png.rf.089ba458811eca366a9b39670ea8368c,DatasetWeapons_5307_png.rf.089ba458811eca366a9b39670ea8368c.jpg,/home/constantin/Doctorat/GunDatasetNoAugSplit/train/images/DatasetWeapons_5307_png.rf.089ba458811eca366a9b39670ea8368c.jpg
train__DatasetWeapons_5575_png.jpg,train__DatasetWeapons_5575_png.txt,train,DatasetWeapons_5575_png.rf.1ddd733ef305871b8afe61f5456d77f2,DatasetWeapons_5575_png.rf.1ddd733ef305871b8afe61f5456d77f2.jpg,/home/constantin/Doctorat/GunDatasetNoAugSplit/train/images/DatasetWeapons_5575_png.rf.1ddd733ef305871b8afe61f5456d77f2.jpg
train__DatasetWeapons_5717_png.jpg,train__DatasetWeapons_5717_png.txt,train,DatasetWeapons_5717_png.rf.d7099f1abacba9d0e10579ec6fb770e3,DatasetWeapons_5717_png.rf.d7099f1abacba9d0e10579ec6fb770e3.jpg,/home/constantin/Doctorat/GunDatasetNoAugSplit/train/images/DatasetWeapons_5717_png.rf.d7099f1abacba9d0e10579ec6fb770e3.jpg
train__DatasetWeapons_5719_png.jpg,train__DatasetWeapons_5719_png.txt,train,DatasetWeapons_5719_png.rf.b08956a502501a96e2b836bfbb2e0cbf,DatasetWeapons_5719_png.rf.b08956a502501a96e2b836bfbb2e0cbf.jpg,/home/constantin/Doctorat/GunDatasetNoAugSplit/train/images/DatasetWeapons_5719_png.rf.b08956a502501a96e2b836bfbb2e0cbf.jpg
train__DatasetWeapons_6124_png.jpg,train__DatasetWeapons_6124_png.txt,train,DatasetWeapons_6124_png.rf.40b8754a5544f9cfaf428bd85e6e68dd,DatasetWeapons_6124_png.rf.40b8754a5544f9cfaf428bd85e6e68dd.jpg,/home/constantin/Doctorat/GunDatasetNoAugSplit/train/images/DatasetWeapons_6124_png.rf.40b8754a5544f9cfaf428bd85e6e68dd.jpg
train__DatasetWeapons_6238_png.jpg,train__DatasetWeapons_6238_png.txt,train,DatasetWeapons_6238_png.rf.af5ae247901dd3207a6bb23ebcf737f4,DatasetWeapons_6238_png.rf.af5ae247901dd3207a6bb23ebcf737f4.jpg,/home/constantin/Doctorat/GunDatasetNoAugSplit/train/images/DatasetWeapons_6238_png.rf.af5ae247901dd3207a6bb23ebcf737f4.jpg
train__DatasetWeapons_6317_png.jpg,train__DatasetWeapons_6317_png.txt,train,DatasetWeapons_6317_png.rf.08d9900a886f070fc593a6f46a8f9c3a,DatasetWeapons_6317_png.rf.08d9900a886f070fc593a6f46a8f9c3a.jpg,/home/constantin/Doctorat/GunDatasetNoAugSplit/train/images/DatasetWeapons_6317_png.rf.08d9900a886f070fc593a6f46a8f9c3a.jpg
train__DatasetWeapons_765_png.jpg,train__DatasetWeapons_765_png.txt,train,DatasetWeapons_765_png.rf.261055f17cafdfb0cc454bb836288e4f,DatasetWeapons_765_png.rf.261055f17cafdfb0cc454bb836288e4f.jpg,/home/constantin/Doctorat/GunDatasetNoAugSplit/train/images/DatasetWeapons_765_png.rf.261055f17cafdfb0cc454bb836288e4f.jpg
train__Doc-dao-Nghet-tho-man-VAY-BAT-TOI-PHAM-NGOAN-CO-cua-hinh-su-vung-BIEN-GIOI-Phim-canh-sat-hinh-su_mp4-0212_jpg.jpg,train__Doc-dao-Nghet-tho-man-VAY-BAT-TOI-PHAM-NGOAN-CO-cua-hinh-su-vung-BIEN-GIOI-Phim-canh-sat-hinh-su_mp4-0212_jpg.txt,train,Doc-dao-Nghet-tho-man-VAY-BAT-TOI-PHAM-NGOAN-CO-cua-hinh-su-vung-BIEN-GIOI-Phim-canh-sat-hinh-su_mp4-0212_jpg.rf.0bf559215a66838542fc4eb88ba05c1e,Doc-dao-Nghet-tho-man-VAY-BAT-TOI-PHAM-NGOAN-CO-cua-hinh-su-vung-BIEN-GIOI-Phim-canh-sat-hinh-su_mp4-0212_jpg.rf.0bf559215a66838542fc4eb88ba05c1e.jpg,/home/constantin/Doctorat/GunDatasetNoAugSplit/train/images/Doc-dao-Nghet-tho-man-VAY-BAT-TOI-PHAM-NGOAN-CO-cua-hinh-su-vung-BIEN-GIOI-Phim-canh-sat-hinh-su_mp4-0212_jpg.rf.0bf559215a66838542fc4eb88ba05c1e.jpg
train__Doc-dao-Nghet-tho-man-VAY-BAT-TOI-PHAM-NGOAN-CO-cua-hinh-su-vung-BIEN-GIOI-Phim-canh-sat-hinh-su_mp4-0213_jpg.jpg,train__Doc-dao-Nghet-tho-man-VAY-BAT-TOI-PHAM-NGOAN-CO-cua-hinh-su-vung-BIEN-GIOI-Phim-canh-sat-hinh-su_mp4-0213_jpg.txt,train,Doc-dao-Nghet-tho-man-VAY-BAT-TOI-PHAM-NGOAN-CO-cua-hinh-su-vung-BIEN-GIOI-Phim-canh-sat-hinh-su_mp4-0213_jpg.rf.fda07e1c3a29750afd60c1122c5d3e01,Doc-dao-Nghet-tho-man-VAY-BAT-TOI-PHAM-NGOAN-CO-cua-hinh-su-vung-BIEN-GIOI-Phim-canh-sat-hinh-su_mp4-0213_jpg.rf.fda07e1c3a29750afd60c1122c5d3e01.jpg,/home/constantin/Doctorat/GunDatasetNoAugSplit/train/images/Doc-dao-Nghet-tho-man-VAY-BAT-TOI-PHAM-NGOAN-CO-cua-hinh-su-vung-BIEN-GIOI-Phim-canh-sat-hinh-su_mp4-0213_jpg.rf.fda07e1c3a29750afd60c1122c5d3e01.jpg
train__Doc-dao-Nghet-tho-man-VAY-BAT-TOI-PHAM-NGOAN-CO-cua-hinh-su-vung-BIEN-GIOI-Phim-canh-sat-hinh-su_mp4-0214_jpg.jpg,train__Doc-dao-Nghet-tho-man-VAY-BAT-TOI-PHAM-NGOAN-CO-cua-hinh-su-vung-BIEN-GIOI-Phim-canh-sat-hinh-su_mp4-0214_jpg.txt,train,Doc-dao-Nghet-tho-man-VAY-BAT-TOI-PHAM-NGOAN-CO-cua-hinh-su-vung-BIEN-GIOI-Phim-canh-sat-hinh-su_mp4-0214_jpg.rf.59bd5ece4ebace368406bdc629f6f2bd,Doc-dao-Nghet-tho-man-VAY-BAT-TOI-PHAM-NGOAN-CO-cua-hinh-su-vung-BIEN-GIOI-Phim-canh-sat-hinh-su_mp4-0214_jpg.rf.59bd5ece4ebace368406bdc629f6f2bd.jpg,/home/constantin/Doctorat/GunDatasetNoAugSplit/train/images/Doc-dao-Nghet-tho-man-VAY-BAT-TOI-PHAM-NGOAN-CO-cua-hinh-su-vung-BIEN-GIOI-Phim-canh-sat-hinh-su_mp4-0214_jpg.rf.59bd5ece4ebace368406bdc629f6f2bd.jpg
train__EyWz8yAU4AEH4DO_jpg.jpg,train__EyWz8yAU4AEH4DO_jpg.txt,train,EyWz8yAU4AEH4DO_jpg.rf.48f7369b420a939b04629b6ba1a18a8f,EyWz8yAU4AEH4DO_jpg.rf.48f7369b420a939b04629b6ba1a18a8f.jpg,/home/constantin/Doctorat/GunDatasetNoAugSplit/train/images/EyWz8yAU4AEH4DO_jpg.rf.48f7369b420a939b04629b6ba1a18a8f.jpg
train__FILE11306_JPG_jpg.jpg,train__FILE11306_JPG_jpg.txt,train,FILE11306_JPG_jpg.rf.21ba785478ea3e483612c4cfdf3d9ca3,FILE11306_JPG_jpg.rf.21ba785478ea3e483612c4cfdf3d9ca3.jpg,/home/constantin/Doctorat/GunDatasetNoAugSplit/train/images/FILE11306_JPG_jpg.rf.21ba785478ea3e483612c4cfdf3d9ca3.jpg
train__FILE20691_JPG_jpg.jpg,train__FILE20691_JPG_jpg.txt,train,FILE20691_JPG_jpg.rf.47b619b0588dd9e4ffe00450a9b2f6c4,FILE20691_JPG_jpg.rf.47b619b0588dd9e4ffe00450a9b2f6c4.jpg,/home/constantin/Doctorat/GunDatasetNoAugSplit/train/images/FILE20691_JPG_jpg.rf.47b619b0588dd9e4ffe00450a9b2f6c4.jpg
train__FILE261_JPG_jpg.jpg,train__FILE261_JPG_jpg.txt,train,FILE261_JPG_jpg.rf.a132f6ac73114d590ea9b5590f4caee1,FILE261_JPG_jpg.rf.a132f6ac73114d590ea9b5590f4caee1.jpg,/home/constantin/Doctorat/GunDatasetNoAugSplit/train/images/FILE261_JPG_jpg.rf.a132f6ac73114d590ea9b5590f4caee1.jpg
train__FILE298_JPG_jpg.jpg,train__FILE298_JPG_jpg.txt,train,FILE298_JPG_jpg.rf.ed0b0691e6bf59a687a3b31b1f286a1a,FILE298_JPG_jpg.rf.ed0b0691e6bf59a687a3b31b1f286a1a.jpg,/home/constantin/Doctorat/GunDatasetNoAugSplit/train/images/FILE298_JPG_jpg.rf.ed0b0691e6bf59a687a3b31b1f286a1a.jpg
train__FILE325_JPG_jpg.jpg,train__FILE325_JPG_jpg.txt,train,FILE325_JPG_jpg.rf.80d1c3d2d8136cb57434297af4fab9c5,FILE325_JPG_jpg.rf.80d1c3d2d8136cb57434297af4fab9c5.jpg,/home/constantin/Doctorat/GunDatasetNoAugSplit/train/images/FILE325_JPG_jpg.rf.80d1c3d2d8136cb57434297af4fab9c5.jpg
train__FILE5364_JPG_jpg.jpg,train__FILE5364_JPG_jpg.txt,train,FILE5364_JPG_jpg.rf.5690da854969f64d26331aa72857f90b,FILE5364_JPG_jpg.rf.5690da854969f64d26331aa72857f90b.jpg,/home/constantin/Doctorat/GunDatasetNoAugSplit/train/images/FILE5364_JPG_jpg.rf.5690da854969f64d26331aa72857f90b.jpg
train__FILE9095_JPG_jpg.jpg,train__FILE9095_JPG_jpg.txt,train,FILE9095_JPG_jpg.rf.cbde2141ff8f0626919df0f3491bded7,FILE9095_JPG_jpg.rf.cbde2141ff8f0626919df0f3491bded7.jpg,/home/constantin/Doctorat/GunDatasetNoAugSplit/train/images/FILE9095_JPG_jpg.rf.cbde2141ff8f0626919df0f3491bded7.jpg
train__H7a8d10c92271451faa81a3b4acbe8a31o-jpg__png_jpg.jpg,train__H7a8d10c92271451faa81a3b4acbe8a31o-jpg__png_jpg.txt,train,H7a8d10c92271451faa81a3b4acbe8a31o-jpg__png_jpg.rf.9e3aaca91f06d412b43c8d930f439e1e,H7a8d10c92271451faa81a3b4acbe8a31o-jpg__png_jpg.rf.9e3aaca91f06d412b43c8d930f439e1e.jpg,/home/constantin/Doctorat/GunDatasetNoAugSplit/train/images/H7a8d10c92271451faa81a3b4acbe8a31o-jpg__png_jpg.rf.9e3aaca91f06d412b43c8d930f439e1e.jpg
train__Image_1_png.jpg,train__Image_1_png.txt,train,Image_1_png.rf.013ca2bfa7ca9c959c91a3390ee2e4c1,Image_1_png.rf.013ca2bfa7ca9c959c91a3390ee2e4c1.jpg,/home/constantin/Doctorat/GunDatasetNoAugSplit/train/images/Image_1_png.rf.013ca2bfa7ca9c959c91a3390ee2e4c1.jpg
train__Image_9_jpg.jpg,train__Image_9_jpg.txt,train,Image_9_jpg.rf.f0eabf9d66e1424df6718c07c29f25bc,Image_9_jpg.rf.f0eabf9d66e1424df6718c07c29f25bc.jpg,/home/constantin/Doctorat/GunDatasetNoAugSplit/train/images/Image_9_jpg.rf.f0eabf9d66e1424df6718c07c29f25bc.jpg
train__KnifeDataset_1049_png.jpg,train__KnifeDataset_1049_png.txt,train,KnifeDataset_1049_png.rf.399df9284ea70c0cf9aa5932571fde25,KnifeDataset_1049_png.rf.399df9284ea70c0cf9aa5932571fde25.jpg,/home/constantin/Doctorat/GunDatasetNoAugSplit/train/images/KnifeDataset_1049_png.rf.399df9284ea70c0cf9aa5932571fde25.jpg
train__KnifeDataset_110_png.jpg,train__KnifeDataset_110_png.txt,train,KnifeDataset_110_png.rf.0362ac257c1e7d06bf81e9d1f72f08e6,KnifeDataset_110_png.rf.0362ac257c1e7d06bf81e9d1f72f08e6.jpg,/home/constantin/Doctorat/GunDatasetNoAugSplit/train/images/KnifeDataset_110_png.rf.0362ac257c1e7d06bf81e9d1f72f08e6.jpg
train__KnifeDataset_1161_png.jpg,train__KnifeDataset_1161_png.txt,train,KnifeDataset_1161_png.rf.d2f6a2b3aa706286074220a78011b930,KnifeDataset_1161_png.rf.d2f6a2b3aa706286074220a78011b930.jpg,/home/constantin/Doctorat/GunDatasetNoAugSplit/train/images/KnifeDataset_1161_png.rf.d2f6a2b3aa706286074220a78011b930.jpg
train__KnifeDataset_12_png.jpg,train__KnifeDataset_12_png.txt,train,KnifeDataset_12_png.rf.fac8a80038e282f773b8ef6b950473f4,KnifeDataset_12_png.rf.fac8a80038e282f773b8ef6b950473f4.jpg,/home/constantin/Doctorat/GunDatasetNoAugSplit/train/images/KnifeDataset_12_png.rf.fac8a80038e282f773b8ef6b950473f4.jpg
train__KnifeDataset_1355_png.jpg,train__KnifeDataset_1355_png.txt,train,KnifeDataset_1355_png.rf.c6050be8a80d0798d5edf5865d2e76c8,KnifeDataset_1355_png.rf.c6050be8a80d0798d5edf5865d2e76c8.jpg,/home/constantin/Doctorat/GunDatasetNoAugSplit/train/images/KnifeDataset_1355_png.rf.c6050be8a80d0798d5edf5865d2e76c8.jpg
train__KnifeDataset_1424_png.jpg,train__KnifeDataset_1424_png.txt,train,KnifeDataset_1424_png.rf.c1f15faac489f56a79b4055ba3185fbd,KnifeDataset_1424_png.rf.c1f15faac489f56a79b4055ba3185fbd.jpg,/home/constantin/Doctorat/GunDatasetNoAugSplit/train/images/KnifeDataset_1424_png.rf.c1f15faac489f56a79b4055ba3185fbd.jpg
train__KnifeDataset_1531_png.jpg,train__KnifeDataset_1531_png.txt,train,KnifeDataset_1531_png.rf.aef46e8e5368cfd8ec8993a68288272a,KnifeDataset_1531_png.rf.aef46e8e5368cfd8ec8993a68288272a.jpg,/home/constantin/Doctorat/GunDatasetNoAugSplit/train/images/KnifeDataset_1531_png.rf.aef46e8e5368cfd8ec8993a68288272a.jpg
train__KnifeDataset_1564_png.jpg,train__KnifeDataset_1564_png.txt,train,KnifeDataset_1564_png.rf.f9e86d0df1bf12307156b513131dfb31,KnifeDataset_1564_png.rf.f9e86d0df1bf12307156b513131dfb31.jpg,/home/constantin/Doctorat/GunDatasetNoAugSplit/train/images/KnifeDataset_1564_png.rf.f9e86d0df1bf12307156b513131dfb31.jpg
train__KnifeDataset_1628_png.jpg,train__KnifeDataset_1628_png.txt,train,KnifeDataset_1628_png.rf.51f99cccfef0ef86ef621c6d886daa08,KnifeDataset_1628_png.rf.51f99cccfef0ef86ef621c6d886daa08.jpg,/home/constantin/Doctorat/GunDatasetNoAugSplit/train/images/KnifeDataset_1628_png.rf.51f99cccfef0ef86ef621c6d886daa08.jpg
train__KnifeDataset_1657_png.jpg,train__KnifeDataset_1657_png.txt,train,KnifeDataset_1657_png.rf.a1500b838b9f4c257d7112608fbab584,KnifeDataset_1657_png.rf.a1500b838b9f4c257d7112608fbab584.jpg,/home/constantin/Doctorat/GunDatasetNoAugSplit/train/images/KnifeDataset_1657_png.rf.a1500b838b9f4c257d7112608fbab584.jpg
train__KnifeDataset_1696_png.jpg,train__KnifeDataset_1696_png.txt,train,KnifeDataset_1696_png.rf.c21c5ebb0a07d5edd906b656c320aea1,KnifeDataset_1696_png.rf.c21c5ebb0a07d5edd906b656c320aea1.jpg,/home/constantin/Doctorat/GunDatasetNoAugSplit/train/images/KnifeDataset_1696_png.rf.c21c5ebb0a07d5edd906b656c320aea1.jpg
train__KnifeDataset_178_png.jpg,train__KnifeDataset_178_png.txt,train,KnifeDataset_178_png.rf.516b45aab68ce8dab282dfd53b715146,KnifeDataset_178_png.rf.516b45aab68ce8dab282dfd53b715146.jpg,/home/constantin/Doctorat/GunDatasetNoAugSplit/train/images/KnifeDataset_178_png.rf.516b45aab68ce8dab282dfd53b715146.jpg
train__KnifeDataset_187_png.jpg,train__KnifeDataset_187_png.txt,train,KnifeDataset_187_png.rf.544cc0f07badedf5ea75a12790f39a66,KnifeDataset_187_png.rf.544cc0f07badedf5ea75a12790f39a66.jpg,/home/constantin/Doctorat/GunDatasetNoAugSplit/train/images/KnifeDataset_187_png.rf.544cc0f07badedf5ea75a12790f39a66.jpg
train__KnifeDataset_1940_png.jpg,train__KnifeDataset_1940_png.txt,train,KnifeDataset_1940_png.rf.a2f04522c579655f1537fea69166c043,KnifeDataset_1940_png.rf.a2f04522c579655f1537fea69166c043.jpg,/home/constantin/Doctorat/GunDatasetNoAugSplit/train/images/KnifeDataset_1940_png.rf.a2f04522c579655f1537fea69166c043.jpg
train__KnifeDataset_2015_png.jpg,train__KnifeDataset_2015_png.txt,train,KnifeDataset_2015_png.rf.88e8fb6e8d50558b1220eac0146f3756,KnifeDataset_2015_png.rf.88e8fb6e8d50558b1220eac0146f3756.jpg,/home/constantin/Doctorat/GunDatasetNoAugSplit/train/images/KnifeDataset_2015_png.rf.88e8fb6e8d50558b1220eac0146f3756.jpg
train__KnifeDataset_2181_png.jpg,train__KnifeDataset_2181_png.txt,train,KnifeDataset_2181_png.rf.729344892bd966d56cb5f3cf4b4c1eaa,KnifeDataset_2181_png.rf.729344892bd966d56cb5f3cf4b4c1eaa.jpg,/home/constantin/Doctorat/GunDatasetNoAugSplit/train/images/KnifeDataset_2181_png.rf.729344892bd966d56cb5f3cf4b4c1eaa.jpg
train__KnifeDataset_2224_png.jpg,train__KnifeDataset_2224_png.txt,train,KnifeDataset_2224_png.rf.ff66bd56780dc993621068b4cf562633,KnifeDataset_2224_png.rf.ff66bd56780dc993621068b4cf562633.jpg,/home/constantin/Doctorat/GunDatasetNoAugSplit/train/images/KnifeDataset_2224_png.rf.ff66bd56780dc993621068b4cf562633.jpg
train__KnifeDataset_2264_png.jpg,train__KnifeDataset_2264_png.txt,train,KnifeDataset_2264_png.rf.7cca0199cdda398a601d74fa3224f426,KnifeDataset_2264_png.rf.7cca0199cdda398a601d74fa3224f426.jpg,/home/constantin/Doctorat/GunDatasetNoAugSplit/train/images/KnifeDataset_2264_png.rf.7cca0199cdda398a601d74fa3224f426.jpg
train__KnifeDataset_2291_png.jpg,train__KnifeDataset_2291_png.txt,train,KnifeDataset_2291_png.rf.420f8061b99d54205f27b13be141bd7c,KnifeDataset_2291_png.rf.420f8061b99d54205f27b13be141bd7c.jpg,/home/constantin/Doctorat/GunDatasetNoAugSplit/train/images/KnifeDataset_2291_png.rf.420f8061b99d54205f27b13be141bd7c.jpg
train__KnifeDataset_2299_png.jpg,train__KnifeDataset_2299_png.txt,train,KnifeDataset_2299_png.rf.a4ef553b659dc093aeae8bc57a9294df,KnifeDataset_2299_png.rf.a4ef553b659dc093aeae8bc57a9294df.jpg,/home/constantin/Doctorat/GunDatasetNoAugSplit/train/images/KnifeDataset_2299_png.rf.a4ef553b659dc093aeae8bc57a9294df.jpg
train__KnifeDataset_2314_png.jpg,train__KnifeDataset_2314_png.txt,train,KnifeDataset_2314_png.rf.f28279e1a475d9a8d0b5420a4bca0620,KnifeDataset_2314_png.rf.f28279e1a475d9a8d0b5420a4bca0620.jpg,/home/constantin/Doctorat/GunDatasetNoAugSplit/train/images/KnifeDataset_2314_png.rf.f28279e1a475d9a8d0b5420a4bca0620.jpg
train__KnifeDataset_2420_png.jpg,train__KnifeDataset_2420_png.txt,train,KnifeDataset_2420_png.rf.5b12e21c358f2594d57e88944e8fb900,KnifeDataset_2420_png.rf.5b12e21c358f2594d57e88944e8fb900.jpg,/home/constantin/Doctorat/GunDatasetNoAugSplit/train/images/KnifeDataset_2420_png.rf.5b12e21c358f2594d57e88944e8fb900.jpg
train__KnifeDataset_2454_png.jpg,train__KnifeDataset_2454_png.txt,train,KnifeDataset_2454_png.rf.840c5f33fb1ca50281bcd2a13d3cb0c9,KnifeDataset_2454_png.rf.840c5f33fb1ca50281bcd2a13d3cb0c9.jpg,/home/constantin/Doctorat/GunDatasetNoAugSplit/train/images/KnifeDataset_2454_png.rf.840c5f33fb1ca50281bcd2a13d3cb0c9.jpg
train__KnifeDataset_2523_png.jpg,train__KnifeDataset_2523_png.txt,train,KnifeDataset_2523_png.rf.77cc989614b850538c2b866d8a3dc28f,KnifeDataset_2523_png.rf.77cc989614b850538c2b866d8a3dc28f.jpg,/home/constantin/Doctorat/GunDatasetNoAugSplit/train/images/KnifeDataset_2523_png.rf.77cc989614b850538c2b866d8a3dc28f.jpg
train__KnifeDataset_2609_png.jpg,train__KnifeDataset_2609_png.txt,train,KnifeDataset_2609_png.rf.10a7e8491085221a5bdec24beea9305b,KnifeDataset_2609_png.rf.10a7e8491085221a5bdec24beea9305b.jpg,/home/constantin/Doctorat/GunDatasetNoAugSplit/train/images/KnifeDataset_2609_png.rf.10a7e8491085221a5bdec24beea9305b.jpg
train__KnifeDataset_2702_png.jpg,train__KnifeDataset_2702_png.txt,train,KnifeDataset_2702_png.rf.3b8ce1a3d25a93b522242ff622e6b999,KnifeDataset_2702_png.rf.3b8ce1a3d25a93b522242ff622e6b999.jpg,/home/constantin/Doctorat/GunDatasetNoAugSplit/train/images/KnifeDataset_2702_png.rf.3b8ce1a3d25a93b522242ff622e6b999.jpg
train__KnifeDataset_2731_png.jpg,train__KnifeDataset_2731_png.txt,train,KnifeDataset_2731_png.rf.3ead471c55e1d17de7ae7edf4f6a77e7,KnifeDataset_2731_png.rf.3ead471c55e1d17de7ae7edf4f6a77e7.jpg,/home/constantin/Doctorat/GunDatasetNoAugSplit/train/images/KnifeDataset_2731_png.rf.3ead471c55e1d17de7ae7edf4f6a77e7.jpg
train__KnifeDataset_2744_png.jpg,train__KnifeDataset_2744_png.txt,train,KnifeDataset_2744_png.rf.4fea30b5def9c54057183d5c802bbe8a,KnifeDataset_2744_png.rf.4fea30b5def9c54057183d5c802bbe8a.jpg,/home/constantin/Doctorat/GunDatasetNoAugSplit/train/images/KnifeDataset_2744_png.rf.4fea30b5def9c54057183d5c802bbe8a.jpg
train__KnifeDataset_2799_png.jpg,train__KnifeDataset_2799_png.txt,train,KnifeDataset_2799_png.rf.505d9ad91b69b6f7e805e101e2246d1a,KnifeDataset_2799_png.rf.505d9ad91b69b6f7e805e101e2246d1a.jpg,/home/constantin/Doctorat/GunDatasetNoAugSplit/train/images/KnifeDataset_2799_png.rf.505d9ad91b69b6f7e805e101e2246d1a.jpg
train__KnifeDataset_2909_png.jpg,train__KnifeDataset_2909_png.txt,train,KnifeDataset_2909_png.rf.634dbbc17a7f1a972890f689f0e53547,KnifeDataset_2909_png.rf.634dbbc17a7f1a972890f689f0e53547.jpg,/home/constantin/Doctorat/GunDatasetNoAugSplit/train/images/KnifeDataset_2909_png.rf.634dbbc17a7f1a972890f689f0e53547.jpg
train__KnifeDataset_2923_png.jpg,train__KnifeDataset_2923_png.txt,train,KnifeDataset_2923_png.rf.592ba5166caf75f0b094aa77e0b7811d,KnifeDataset_2923_png.rf.592ba5166caf75f0b094aa77e0b7811d.jpg,/home/constantin/Doctorat/GunDatasetNoAugSplit/train/images/KnifeDataset_2923_png.rf.592ba5166caf75f0b094aa77e0b7811d.jpg
train__KnifeDataset_2984_png.jpg,train__KnifeDataset_2984_png.txt,train,KnifeDataset_2984_png.rf.dc0934b517ec8a01457b8656be12f047,KnifeDataset_2984_png.rf.dc0934b517ec8a01457b8656be12f047.jpg,/home/constantin/Doctorat/GunDatasetNoAugSplit/train/images/KnifeDataset_2984_png.rf.dc0934b517ec8a01457b8656be12f047.jpg
train__KnifeDataset_2990_png.jpg,train__KnifeDataset_2990_png.txt,train,KnifeDataset_2990_png.rf.0a3d645bd345f3f1cc0b312d2be540e8,KnifeDataset_2990_png.rf.0a3d645bd345f3f1cc0b312d2be540e8.jpg,/home/constantin/Doctorat/GunDatasetNoAugSplit/train/images/KnifeDataset_2990_png.rf.0a3d645bd345f3f1cc0b312d2be540e8.jpg
train__KnifeDataset_3004_png.jpg,train__KnifeDataset_3004_png.txt,train,KnifeDataset_3004_png.rf.81a012d3c463feced4abc5bb02fbfed3,KnifeDataset_3004_png.rf.81a012d3c463feced4abc5bb02fbfed3.jpg,/home/constantin/Doctorat/GunDatasetNoAugSplit/train/images/KnifeDataset_3004_png.rf.81a012d3c463feced4abc5bb02fbfed3.jpg
train__KnifeDataset_3107_png.jpg,train__KnifeDataset_3107_png.txt,train,KnifeDataset_3107_png.rf.7ee59f1da0e84c4a2eb46d485c0c995a,KnifeDataset_3107_png.rf.7ee59f1da0e84c4a2eb46d485c0c995a.jpg,/home/constantin/Doctorat/GunDatasetNoAugSplit/train/images/KnifeDataset_3107_png.rf.7ee59f1da0e84c4a2eb46d485c0c995a.jpg
train__KnifeDataset_3151_png.jpg,train__KnifeDataset_3151_png.txt,train,KnifeDataset_3151_png.rf.66a94fc2d3ee07b16e7824128dad84a6,KnifeDataset_3151_png.rf.66a94fc2d3ee07b16e7824128dad84a6.jpg,/home/constantin/Doctorat/GunDatasetNoAugSplit/train/images/KnifeDataset_3151_png.rf.66a94fc2d3ee07b16e7824128dad84a6.jpg
train__KnifeDataset_3239_png.jpg,train__KnifeDataset_3239_png.txt,train,KnifeDataset_3239_png.rf.4fcb72c21c977e42164a1736d7c8b312,KnifeDataset_3239_png.rf.4fcb72c21c977e42164a1736d7c8b312.jpg,/home/constantin/Doctorat/GunDatasetNoAugSplit/train/images/KnifeDataset_3239_png.rf.4fcb72c21c977e42164a1736d7c8b312.jpg
train__KnifeDataset_3285_png.jpg,train__KnifeDataset_3285_png.txt,train,KnifeDataset_3285_png.rf.31c80f97426ecb5e0763ab1bdcdde8db,KnifeDataset_3285_png.rf.31c80f97426ecb5e0763ab1bdcdde8db.jpg,/home/constantin/Doctorat/GunDatasetNoAugSplit/train/images/KnifeDataset_3285_png.rf.31c80f97426ecb5e0763ab1bdcdde8db.jpg
train__KnifeDataset_3329_png.jpg,train__KnifeDataset_3329_png.txt,train,KnifeDataset_3329_png.rf.2eb33cd224c34cd9663567402e64d2f5,KnifeDataset_3329_png.rf.2eb33cd224c34cd9663567402e64d2f5.jpg,/home/constantin/Doctorat/GunDatasetNoAugSplit/train/images/KnifeDataset_3329_png.rf.2eb33cd224c34cd9663567402e64d2f5.jpg
train__KnifeDataset_3409_png.jpg,train__KnifeDataset_3409_png.txt,train,KnifeDataset_3409_png.rf.9bb5db12d5a6a2c6b290c9b11f6084f8,KnifeDataset_3409_png.rf.9bb5db12d5a6a2c6b290c9b11f6084f8.jpg,/home/constantin/Doctorat/GunDatasetNoAugSplit/train/images/KnifeDataset_3409_png.rf.9bb5db12d5a6a2c6b290c9b11f6084f8.jpg
train__KnifeDataset_342_png.jpg,train__KnifeDataset_342_png.txt,train,KnifeDataset_342_png.rf.029a96c07f8c1cd37cc55a10b4336c95,KnifeDataset_342_png.rf.029a96c07f8c1cd37cc55a10b4336c95.jpg,/home/constantin/Doctorat/GunDatasetNoAugSplit/train/images/KnifeDataset_342_png.rf.029a96c07f8c1cd37cc55a10b4336c95.jpg
train__KnifeDataset_3432_png.jpg,train__KnifeDataset_3432_png.txt,train,KnifeDataset_3432_png.rf.6d4c399eab102cc6198c8e8cc84df83a,KnifeDataset_3432_png.rf.6d4c399eab102cc6198c8e8cc84df83a.jpg,/home/constantin/Doctorat/GunDatasetNoAugSplit/train/images/KnifeDataset_3432_png.rf.6d4c399eab102cc6198c8e8cc84df83a.jpg
train__KnifeDataset_346_png.jpg,train__KnifeDataset_346_png.txt,train,KnifeDataset_346_png.rf.fc3f7579c6a2452cf9d86031ff5dd7cf,KnifeDataset_346_png.rf.fc3f7579c6a2452cf9d86031ff5dd7cf.jpg,/home/constantin/Doctorat/GunDatasetNoAugSplit/train/images/KnifeDataset_346_png.rf.fc3f7579c6a2452cf9d86031ff5dd7cf.jpg
train__KnifeDataset_3707_png.jpg,train__KnifeDataset_3707_png.txt,train,KnifeDataset_3707_png.rf.8285322738d27bf21f31088ae332ed0d,KnifeDataset_3707_png.rf.8285322738d27bf21f31088ae332ed0d.jpg,/home/constantin/Doctorat/GunDatasetNoAugSplit/train/images/KnifeDataset_3707_png.rf.8285322738d27bf21f31088ae332ed0d.jpg
train__KnifeDataset_3795_png.jpg,train__KnifeDataset_3795_png.txt,train,KnifeDataset_3795_png.rf.26d2c5687e14b295b3672e3f6ccef091,KnifeDataset_3795_png.rf.26d2c5687e14b295b3672e3f6ccef091.jpg,/home/constantin/Doctorat/GunDatasetNoAugSplit/train/images/KnifeDataset_3795_png.rf.26d2c5687e14b295b3672e3f6ccef091.jpg
train__KnifeDataset_3804_png.jpg,train__KnifeDataset_3804_png.txt,train,KnifeDataset_3804_png.rf.2e06ecdae23e4b304c18db04e2f71f4e,KnifeDataset_3804_png.rf.2e06ecdae23e4b304c18db04e2f71f4e.jpg,/home/constantin/Doctorat/GunDatasetNoAugSplit/train/images/KnifeDataset_3804_png.rf.2e06ecdae23e4b304c18db04e2f71f4e.jpg
train__KnifeDataset_3834_png.jpg,train__KnifeDataset_3834_png.txt,train,KnifeDataset_3834_png.rf.5e937607dcb48cf918c794e3650b0abc,KnifeDataset_3834_png.rf.5e937607dcb48cf918c794e3650b0abc.jpg,/home/constantin/Doctorat/GunDatasetNoAugSplit/train/images/KnifeDataset_3834_png.rf.5e937607dcb48cf918c794e3650b0abc.jpg
train__KnifeDataset_3899_png.jpg,train__KnifeDataset_3899_png.txt,train,KnifeDataset_3899_png.rf.655d5357219a8993f0b47bfefb4957e4,KnifeDataset_3899_png.rf.655d5357219a8993f0b47bfefb4957e4.jpg,/home/constantin/Doctorat/GunDatasetNoAugSplit/train/images/KnifeDataset_3899_png.rf.655d5357219a8993f0b47bfefb4957e4.jpg
train__KnifeDataset_3946_png.jpg,train__KnifeDataset_3946_png.txt,train,KnifeDataset_3946_png.rf.4071def271802ca37f03983d44c46056,KnifeDataset_3946_png.rf.4071def271802ca37f03983d44c46056.jpg,/home/constantin/Doctorat/GunDatasetNoAugSplit/train/images/KnifeDataset_3946_png.rf.4071def271802ca37f03983d44c46056.jpg
train__KnifeDataset_4044_png.jpg,train__KnifeDataset_4044_png.txt,train,KnifeDataset_4044_png.rf.801480324599dc511262c8a3356add34,KnifeDataset_4044_png.rf.801480324599dc511262c8a3356add34.jpg,/home/constantin/Doctorat/GunDatasetNoAugSplit/train/images/KnifeDataset_4044_png.rf.801480324599dc511262c8a3356add34.jpg
train__KnifeDataset_4261_png.jpg,train__KnifeDataset_4261_png.txt,train,KnifeDataset_4261_png.rf.69b566fc9b42a19579b91bb29d5eb300,KnifeDataset_4261_png.rf.69b566fc9b42a19579b91bb29d5eb300.jpg,/home/constantin/Doctorat/GunDatasetNoAugSplit/train/images/KnifeDataset_4261_png.rf.69b566fc9b42a19579b91bb29d5eb300.jpg
train__KnifeDataset_4291_png.jpg,train__KnifeDataset_4291_png.txt,train,KnifeDataset_4291_png.rf.b4333d3119ec3f7b95ed06c0cc0c947c,KnifeDataset_4291_png.rf.b4333d3119ec3f7b95ed06c0cc0c947c.jpg,/home/constantin/Doctorat/GunDatasetNoAugSplit/train/images/KnifeDataset_4291_png.rf.b4333d3119ec3f7b95ed06c0cc0c947c.jpg
train__KnifeDataset_4438_png.jpg,train__KnifeDataset_4438_png.txt,train,KnifeDataset_4438_png.rf.299a9caef9052eabddad468018eec512,KnifeDataset_4438_png.rf.299a9caef9052eabddad468018eec512.jpg,/home/constantin/Doctorat/GunDatasetNoAugSplit/train/images/KnifeDataset_4438_png.rf.299a9caef9052eabddad468018eec512.jpg
train__KnifeDataset_4535_png.jpg,train__KnifeDataset_4535_png.txt,train,KnifeDataset_4535_png.rf.8827c6cab99f4300d582056f63a45a74,KnifeDataset_4535_png.rf.8827c6cab99f4300d582056f63a45a74.jpg,/home/constantin/Doctorat/GunDatasetNoAugSplit/train/images/KnifeDataset_4535_png.rf.8827c6cab99f4300d582056f63a45a74.jpg
train__KnifeDataset_4586_png.jpg,train__KnifeDataset_4586_png.txt,train,KnifeDataset_4586_png.rf.2d6ecd7af7dc1285311a4ab040054c35,KnifeDataset_4586_png.rf.2d6ecd7af7dc1285311a4ab040054c35.jpg,/home/constantin/Doctorat/GunDatasetNoAugSplit/train/images/KnifeDataset_4586_png.rf.2d6ecd7af7dc1285311a4ab040054c35.jpg
train__KnifeDataset_4693_png.jpg,train__KnifeDataset_4693_png.txt,train,KnifeDataset_4693_png.rf.de68c98c888902c4386d79129a7eade8,KnifeDataset_4693_png.rf.de68c98c888902c4386d79129a7eade8.jpg,/home/constantin/Doctorat/GunDatasetNoAugSplit/train/images/KnifeDataset_4693_png.rf.de68c98c888902c4386d79129a7eade8.jpg
train__KnifeDataset_4740_png.jpg,train__KnifeDataset_4740_png.txt,train,KnifeDataset_4740_png.rf.275a994f3b3a56fb2d2c1ba3ffe01df5,KnifeDataset_4740_png.rf.275a994f3b3a56fb2d2c1ba3ffe01df5.jpg,/home/constantin/Doctorat/GunDatasetNoAugSplit/train/images/KnifeDataset_4740_png.rf.275a994f3b3a56fb2d2c1ba3ffe01df5.jpg
train__KnifeDataset_4768_png.jpg,train__KnifeDataset_4768_png.txt,train,KnifeDataset_4768_png.rf.d4e5a6e6d29c5d6b7330de6bdb69a47d,KnifeDataset_4768_png.rf.d4e5a6e6d29c5d6b7330de6bdb69a47d.jpg,/home/constantin/Doctorat/GunDatasetNoAugSplit/train/images/KnifeDataset_4768_png.rf.d4e5a6e6d29c5d6b7330de6bdb69a47d.jpg
train__KnifeDataset_4775_png.jpg,train__KnifeDataset_4775_png.txt,train,KnifeDataset_4775_png.rf.12ac9fe3cb48b205de6d11272f65b6a1,KnifeDataset_4775_png.rf.12ac9fe3cb48b205de6d11272f65b6a1.jpg,/home/constantin/Doctorat/GunDatasetNoAugSplit/train/images/KnifeDataset_4775_png.rf.12ac9fe3cb48b205de6d11272f65b6a1.jpg
train__KnifeDataset_4823_png.jpg,train__KnifeDataset_4823_png.txt,train,KnifeDataset_4823_png.rf.1e05b76e0a23d5f9cf192f4c8ae1f6a9,KnifeDataset_4823_png.rf.1e05b76e0a23d5f9cf192f4c8ae1f6a9.jpg,/home/constantin/Doctorat/GunDatasetNoAugSplit/train/images/KnifeDataset_4823_png.rf.1e05b76e0a23d5f9cf192f4c8ae1f6a9.jpg
train__KnifeDataset_4871_png.jpg,train__KnifeDataset_4871_png.txt,train,KnifeDataset_4871_png.rf.abf1eb5d8d16af1bc47b0fcce822bd0f,KnifeDataset_4871_png.rf.abf1eb5d8d16af1bc47b0fcce822bd0f.jpg,/home/constantin/Doctorat/GunDatasetNoAugSplit/train/images/KnifeDataset_4871_png.rf.abf1eb5d8d16af1bc47b0fcce822bd0f.jpg
train__KnifeDataset_5173_png.jpg,train__KnifeDataset_5173_png.txt,train,KnifeDataset_5173_png.rf.a493e1487deafe587d63d0dc547dedd7,KnifeDataset_5173_png.rf.a493e1487deafe587d63d0dc547dedd7.jpg,/home/constantin/Doctorat/GunDatasetNoAugSplit/train/images/KnifeDataset_5173_png.rf.a493e1487deafe587d63d0dc547dedd7.jpg
train__KnifeDataset_5182_png.jpg,train__KnifeDataset_5182_png.txt,train,KnifeDataset_5182_png.rf.20a6d74afb154775486a60ad1d87f6ae,KnifeDataset_5182_png.rf.20a6d74afb154775486a60ad1d87f6ae.jpg,/home/constantin/Doctorat/GunDatasetNoAugSplit/train/images/KnifeDataset_5182_png.rf.20a6d74afb154775486a60ad1d87f6ae.jpg
train__KnifeDataset_5254_png.jpg,train__KnifeDataset_5254_png.txt,train,KnifeDataset_5254_png.rf.50c0f9d62f80eb74058fc85c8a52b223,KnifeDataset_5254_png.rf.50c0f9d62f80eb74058fc85c8a52b223.jpg,/home/constantin/Doctorat/GunDatasetNoAugSplit/train/images/KnifeDataset_5254_png.rf.50c0f9d62f80eb74058fc85c8a52b223.jpg
train__KnifeDataset_534_png.jpg,train__KnifeDataset_534_png.txt,train,KnifeDataset_534_png.rf.2de114a881fa0923b7b7b3e75b7f882a,KnifeDataset_534_png.rf.2de114a881fa0923b7b7b3e75b7f882a.jpg,/home/constantin/Doctorat/GunDatasetNoAugSplit/train/images/KnifeDataset_534_png.rf.2de114a881fa0923b7b7b3e75b7f882a.jpg
train__KnifeDataset_5582_png.jpg,train__KnifeDataset_5582_png.txt,train,KnifeDataset_5582_png.rf.cc377a48140a904c52908540605f72f5,KnifeDataset_5582_png.rf.cc377a48140a904c52908540605f72f5.jpg,/home/constantin/Doctorat/GunDatasetNoAugSplit/train/images/KnifeDataset_5582_png.rf.cc377a48140a904c52908540605f72f5.jpg
train__KnifeDataset_566_png.jpg,train__KnifeDataset_566_png.txt,train,KnifeDataset_566_png.rf.2472c00209517987a0ac83d766876297,KnifeDataset_566_png.rf.2472c00209517987a0ac83d766876297.jpg,/home/constantin/Doctorat/GunDatasetNoAugSplit/train/images/KnifeDataset_566_png.rf.2472c00209517987a0ac83d766876297.jpg
train__KnifeDataset_5673_png.jpg,train__KnifeDataset_5673_png.txt,train,KnifeDataset_5673_png.rf.b07f4d2152eb0199a132dbe3bc6caa39,KnifeDataset_5673_png.rf.b07f4d2152eb0199a132dbe3bc6caa39.jpg,/home/constantin/Doctorat/GunDatasetNoAugSplit/train/images/KnifeDataset_5673_png.rf.b07f4d2152eb0199a132dbe3bc6caa39.jpg
train__KnifeDataset_582_png.jpg,train__KnifeDataset_582_png.txt,train,KnifeDataset_582_png.rf.fa63a9d55581dade28458a072890a2ea,KnifeDataset_582_png.rf.fa63a9d55581dade28458a072890a2ea.jpg,/home/constantin/Doctorat/GunDatasetNoAugSplit/train/images/KnifeDataset_582_png.rf.fa63a9d55581dade28458a072890a2ea.jpg
train__KnifeDataset_587_png.jpg,train__KnifeDataset_587_png.txt,train,KnifeDataset_587_png.rf.85beddcfe0a72b607987acfd0094edd9,KnifeDataset_587_png.rf.85beddcfe0a72b607987acfd0094edd9.jpg,/home/constantin/Doctorat/GunDatasetNoAugSplit/train/images/KnifeDataset_587_png.rf.85beddcfe0a72b607987acfd0094edd9.jpg
train__KnifeDataset_5882_png.jpg,train__KnifeDataset_5882_png.txt,train,KnifeDataset_5882_png.rf.4ee02a50b719ffab1c327c7cc6b06c6e,KnifeDataset_5882_png.rf.4ee02a50b719ffab1c327c7cc6b06c6e.jpg,/home/constantin/Doctorat/GunDatasetNoAugSplit/train/images/KnifeDataset_5882_png.rf.4ee02a50b719ffab1c327c7cc6b06c6e.jpg
train__KnifeDataset_5926_png.jpg,train__KnifeDataset_5926_png.txt,train,KnifeDataset_5926_png.rf.8db712f837e3601f8084aad00526546f,KnifeDataset_5926_png.rf.8db712f837e3601f8084aad00526546f.jpg,/home/constantin/Doctorat/GunDatasetNoAugSplit/train/images/KnifeDataset_5926_png.rf.8db712f837e3601f8084aad00526546f.jpg
train__KnifeDataset_5928_png.jpg,train__KnifeDataset_5928_png.txt,train,KnifeDataset_5928_png.rf.af77e1a679869f58d2a5a1510eeaf378,KnifeDataset_5928_png.rf.af77e1a679869f58d2a5a1510eeaf378.jpg,/home/constantin/Doctorat/GunDatasetNoAugSplit/train/images/KnifeDataset_5928_png.rf.af77e1a679869f58d2a5a1510eeaf378.jpg
train__KnifeDataset_5966_png.jpg,train__KnifeDataset_5966_png.txt,train,KnifeDataset_5966_png.rf.b8a267e1d297cbc8c260ae89b46a21fc,KnifeDataset_5966_png.rf.b8a267e1d297cbc8c260ae89b46a21fc.jpg,/home/constantin/Doctorat/GunDatasetNoAugSplit/train/images/KnifeDataset_5966_png.rf.b8a267e1d297cbc8c260ae89b46a21fc.jpg
train__KnifeDataset_5974_png.jpg,train__KnifeDataset_5974_png.txt,train,KnifeDataset_5974_png.rf.a04ae8457bd0b57b1ede6c0cbfbaa2e8,KnifeDataset_5974_png.rf.a04ae8457bd0b57b1ede6c0cbfbaa2e8.jpg,/home/constantin/Doctorat/GunDatasetNoAugSplit/train/images/KnifeDataset_5974_png.rf.a04ae8457bd0b57b1ede6c0cbfbaa2e8.jpg
train__KnifeDataset_5_png.jpg,train__KnifeDataset_5_png.txt,train,KnifeDataset_5_png.rf.cb7014e9eea575b9b124b0d514326685,KnifeDataset_5_png.rf.cb7014e9eea575b9b124b0d514326685.jpg,/home/constantin/Doctorat/GunDatasetNoAugSplit/train/images/KnifeDataset_5_png.rf.cb7014e9eea575b9b124b0d514326685.jpg
train__KnifeDataset_603_png.jpg,train__KnifeDataset_603_png.txt,train,KnifeDataset_603_png.rf.21cbae7876324a35b4d71347773bbc66,KnifeDataset_603_png.rf.21cbae7876324a35b4d71347773bbc66.jpg,/home/constantin/Doctorat/GunDatasetNoAugSplit/train/images/KnifeDataset_603_png.rf.21cbae7876324a35b4d71347773bbc66.jpg
train__KnifeDataset_6057_png.jpg,train__KnifeDataset_6057_png.txt,train,KnifeDataset_6057_png.rf.241d65dd8bd598ee05415288a7d80407,KnifeDataset_6057_png.rf.241d65dd8bd598ee05415288a7d80407.jpg,/home/constantin/Doctorat/GunDatasetNoAugSplit/train/images/KnifeDataset_6057_png.rf.241d65dd8bd598ee05415288a7d80407.jpg
train__KnifeDataset_6246_png.jpg,train__KnifeDataset_6246_png.txt,train,KnifeDataset_6246_png.rf.9c7eae80f4541c547b7e259faf002831,KnifeDataset_6246_png.rf.9c7eae80f4541c547b7e259faf002831.jpg,/home/constantin/Doctorat/GunDatasetNoAugSplit/train/images/KnifeDataset_6246_png.rf.9c7eae80f4541c547b7e259faf002831.jpg
train__KnifeDataset_6252_png.jpg,train__KnifeDataset_6252_png.txt,train,KnifeDataset_6252_png.rf.a36229f2718e2a8575e92de41c3e3b96,KnifeDataset_6252_png.rf.a36229f2718e2a8575e92de41c3e3b96.jpg,/home/constantin/Doctorat/GunDatasetNoAugSplit/train/images/KnifeDataset_6252_png.rf.a36229f2718e2a8575e92de41c3e3b96.jpg
train__KnifeDataset_6294_png.jpg,train__KnifeDataset_6294_png.txt,train,KnifeDataset_6294_png.rf.2476421be1e26b7d047008eda6be7b0e,KnifeDataset_6294_png.rf.2476421be1e26b7d047008eda6be7b0e.jpg,/home/constantin/Doctorat/GunDatasetNoAugSplit/train/images/KnifeDataset_6294_png.rf.2476421be1e26b7d047008eda6be7b0e.jpg
train__KnifeDataset_6479_png.jpg,train__KnifeDataset_6479_png.txt,train,KnifeDataset_6479_png.rf.2857e73877dd5966dab7f6de6a7bf30d,KnifeDataset_6479_png.rf.2857e73877dd5966dab7f6de6a7bf30d.jpg,/home/constantin/Doctorat/GunDatasetNoAugSplit/train/images/KnifeDataset_6479_png.rf.2857e73877dd5966dab7f6de6a7bf30d.jpg
train__KnifeDataset_6536_png.jpg,train__KnifeDataset_6536_png.txt,train,KnifeDataset_6536_png.rf.1b73b0a78ee47375b615a1e59128cb73,KnifeDataset_6536_png.rf.1b73b0a78ee47375b615a1e59128cb73.jpg,/home/constantin/Doctorat/GunDatasetNoAugSplit/train/images/KnifeDataset_6536_png.rf.1b73b0a78ee47375b615a1e59128cb73.jpg
train__KnifeDataset_668_png.jpg,train__KnifeDataset_668_png.txt,train,KnifeDataset_668_png.rf.0f06f57e3748eb37d32d5c4f27e0df45,KnifeDataset_668_png.rf.0f06f57e3748eb37d32d5c4f27e0df45.jpg,/home/constantin/Doctorat/GunDatasetNoAugSplit/train/images/KnifeDataset_668_png.rf.0f06f57e3748eb37d32d5c4f27e0df45.jpg
train__KnifeDataset_673_png.jpg,train__KnifeDataset_673_png.txt,train,KnifeDataset_673_png.rf.b5c41168513ac81a45a1b0a5f1444b7b,KnifeDataset_673_png.rf.b5c41168513ac81a45a1b0a5f1444b7b.jpg,/home/constantin/Doctorat/GunDatasetNoAugSplit/train/images/KnifeDataset_673_png.rf.b5c41168513ac81a45a1b0a5f1444b7b.jpg
train__KnifeDataset_696_png.jpg,train__KnifeDataset_696_png.txt,train,KnifeDataset_696_png.rf.d2100ce164cafa75754a0d24429d12b6,KnifeDataset_696_png.rf.d2100ce164cafa75754a0d24429d12b6.jpg,/home/constantin/Doctorat/GunDatasetNoAugSplit/train/images/KnifeDataset_696_png.rf.d2100ce164cafa75754a0d24429d12b6.jpg
train__KnifeDataset_710_png.jpg,train__KnifeDataset_710_png.txt,train,KnifeDataset_710_png.rf.74cda20c53232bbfe3d9e4fa8b6defac,KnifeDataset_710_png.rf.74cda20c53232bbfe3d9e4fa8b6defac.jpg,/home/constantin/Doctorat/GunDatasetNoAugSplit/train/images/KnifeDataset_710_png.rf.74cda20c53232bbfe3d9e4fa8b6defac.jpg
train__KnifeDataset_765_png.jpg,train__KnifeDataset_765_png.txt,train,KnifeDataset_765_png.rf.73c7dbf04665e7e0fcb9c8eaf009635c,KnifeDataset_765_png.rf.73c7dbf04665e7e0fcb9c8eaf009635c.jpg,/home/constantin/Doctorat/GunDatasetNoAugSplit/train/images/KnifeDataset_765_png.rf.73c7dbf04665e7e0fcb9c8eaf009635c.jpg
train__KnifeDataset_809_png.jpg,train__KnifeDataset_809_png.txt,train,KnifeDataset_809_png.rf.1bfbbfc76c0a2cd1ae0fd10999ede301,KnifeDataset_809_png.rf.1bfbbfc76c0a2cd1ae0fd10999ede301.jpg,/home/constantin/Doctorat/GunDatasetNoAugSplit/train/images/KnifeDataset_809_png.rf.1bfbbfc76c0a2cd1ae0fd10999ede301.jpg
train__KnifeDataset_832_png.jpg,train__KnifeDataset_832_png.txt,train,KnifeDataset_832_png.rf.28e8c79d3a1841c02372ea160a35eeab,KnifeDataset_832_png.rf.28e8c79d3a1841c02372ea160a35eeab.jpg,/home/constantin/Doctorat/GunDatasetNoAugSplit/train/images/KnifeDataset_832_png.rf.28e8c79d3a1841c02372ea160a35eeab.jpg
train__NewGunDataset10_png.jpg,train__NewGunDataset10_png.txt,train,NewGunDataset10_png.rf.d56bd290eb92239952e6cd0dff5240aa,NewGunDataset10_png.rf.d56bd290eb92239952e6cd0dff5240aa.jpg,/home/constantin/Doctorat/GunDatasetNoAugSplit/train/images/NewGunDataset10_png.rf.d56bd290eb92239952e6cd0dff5240aa.jpg
train__NewGunDataset179_png.jpg,train__NewGunDataset179_png.txt,train,NewGunDataset179_png.rf.cfbc617bdb5a778d7ff6d5d3eab402fb,NewGunDataset179_png.rf.cfbc617bdb5a778d7ff6d5d3eab402fb.jpg,/home/constantin/Doctorat/GunDatasetNoAugSplit/train/images/NewGunDataset179_png.rf.cfbc617bdb5a778d7ff6d5d3eab402fb.jpg
train__NewGunDataset1829_png.jpg,train__NewGunDataset1829_png.txt,train,NewGunDataset1829_png.rf.88d5e26f3cc6d87a8c5f77c89d1ad63e,NewGunDataset1829_png.rf.88d5e26f3cc6d87a8c5f77c89d1ad63e.jpg,/home/constantin/Doctorat/GunDatasetNoAugSplit/train/images/NewGunDataset1829_png.rf.88d5e26f3cc6d87a8c5f77c89d1ad63e.jpg
train__NewGunDataset183_png.jpg,train__NewGunDataset183_png.txt,train,NewGunDataset183_png.rf.b2d55ad3b73612f1693bf8a76626a324,NewGunDataset183_png.rf.b2d55ad3b73612f1693bf8a76626a324.jpg,/home/constantin/Doctorat/GunDatasetNoAugSplit/train/images/NewGunDataset183_png.rf.b2d55ad3b73612f1693bf8a76626a324.jpg
train__NewGunDataset1861_png.jpg,train__NewGunDataset1861_png.txt,train,NewGunDataset1861_png.rf.e7ae5a9396da2e3c080cf0fee268b0ad,NewGunDataset1861_png.rf.e7ae5a9396da2e3c080cf0fee268b0ad.jpg,/home/constantin/Doctorat/GunDatasetNoAugSplit/train/images/NewGunDataset1861_png.rf.e7ae5a9396da2e3c080cf0fee268b0ad.jpg
train__NewGunDataset1867_png.jpg,train__NewGunDataset1867_png.txt,train,NewGunDataset1867_png.rf.59e9678d1a790762d872e0e6aa3db891,NewGunDataset1867_png.rf.59e9678d1a790762d872e0e6aa3db891.jpg,/home/constantin/Doctorat/GunDatasetNoAugSplit/train/images/NewGunDataset1867_png.rf.59e9678d1a790762d872e0e6aa3db891.jpg
train__NewGunDataset1868_png.jpg,train__NewGunDataset1868_png.txt,train,NewGunDataset1868_png.rf.1da13cf7b61de5336e425cf5254bb1cb,NewGunDataset1868_png.rf.1da13cf7b61de5336e425cf5254bb1cb.jpg,/home/constantin/Doctorat/GunDatasetNoAugSplit/train/images/NewGunDataset1868_png.rf.1da13cf7b61de5336e425cf5254bb1cb.jpg
train__NewGunDataset1869_png.jpg,train__NewGunDataset1869_png.txt,train,NewGunDataset1869_png.rf.3a0de7597446b9a4fa4a0bb39fd604ec,NewGunDataset1869_png.rf.3a0de7597446b9a4fa4a0bb39fd604ec.jpg,/home/constantin/Doctorat/GunDatasetNoAugSplit/train/images/NewGunDataset1869_png.rf.3a0de7597446b9a4fa4a0bb39fd604ec.jpg
train__NewGunDataset1896_png.jpg,train__NewGunDataset1896_png.txt,train,NewGunDataset1896_png.rf.6c40155e488bb8e223a8948fb5e64a62,NewGunDataset1896_png.rf.6c40155e488bb8e223a8948fb5e64a62.jpg,/home/constantin/Doctorat/GunDatasetNoAugSplit/train/images/NewGunDataset1896_png.rf.6c40155e488bb8e223a8948fb5e64a62.jpg
train__NewGunDataset2356_png.jpg,train__NewGunDataset2356_png.txt,train,NewGunDataset2356_png.rf.28598aa8e471d12681f6ac0abaeed689,NewGunDataset2356_png.rf.28598aa8e471d12681f6ac0abaeed689.jpg,/home/constantin/Doctorat/GunDatasetNoAugSplit/train/images/NewGunDataset2356_png.rf.28598aa8e471d12681f6ac0abaeed689.jpg
train__NewGunDataset2419_png.jpg,train__NewGunDataset2419_png.txt,train,NewGunDataset2419_png.rf.69c6dd4a66ddc62cf778396536f30370,NewGunDataset2419_png.rf.69c6dd4a66ddc62cf778396536f30370.jpg,/home/constantin/Doctorat/GunDatasetNoAugSplit/train/images/NewGunDataset2419_png.rf.69c6dd4a66ddc62cf778396536f30370.jpg
train__NewGunDataset2446_png.jpg,train__NewGunDataset2446_png.txt,train,NewGunDataset2446_png.rf.8232ab52eab05192c5788d296da86874,NewGunDataset2446_png.rf.8232ab52eab05192c5788d296da86874.jpg,/home/constantin/Doctorat/GunDatasetNoAugSplit/train/images/NewGunDataset2446_png.rf.8232ab52eab05192c5788d296da86874.jpg
train__NewGunDataset2568_png.jpg,train__NewGunDataset2568_png.txt,train,NewGunDataset2568_png.rf.11c036e7ec596852eefb5d27addb6c0c,NewGunDataset2568_png.rf.11c036e7ec596852eefb5d27addb6c0c.jpg,/home/constantin/Doctorat/GunDatasetNoAugSplit/train/images/NewGunDataset2568_png.rf.11c036e7ec596852eefb5d27addb6c0c.jpg
train__NewGunDataset264_png.jpg,train__NewGunDataset264_png.txt,train,NewGunDataset264_png.rf.63f60bd6e3eeac166239b3ed36293c77,NewGunDataset264_png.rf.63f60bd6e3eeac166239b3ed36293c77.jpg,/home/constantin/Doctorat/GunDatasetNoAugSplit/train/images/NewGunDataset264_png.rf.63f60bd6e3eeac166239b3ed36293c77.jpg
train__NewGunDataset2866_png.jpg,train__NewGunDataset2866_png.txt,train,NewGunDataset2866_png.rf.cb4c0251d4f8fae08d90c2b8f349e7ad,NewGunDataset2866_png.rf.cb4c0251d4f8fae08d90c2b8f349e7ad.jpg,/home/constantin/Doctorat/GunDatasetNoAugSplit/train/images/NewGunDataset2866_png.rf.cb4c0251d4f8fae08d90c2b8f349e7ad.jpg
train__NewGunDataset2914_png.jpg,train__NewGunDataset2914_png.txt,train,NewGunDataset2914_png.rf.1bec410dca41c8b5d97ffe6e107da830,NewGunDataset2914_png.rf.1bec410dca41c8b5d97ffe6e107da830.jpg,/home/constantin/Doctorat/GunDatasetNoAugSplit/train/images/NewGunDataset2914_png.rf.1bec410dca41c8b5d97ffe6e107da830.jpg
train__NewGunDataset3020_png.jpg,train__NewGunDataset3020_png.txt,train,NewGunDataset3020_png.rf.8d7b2e62b7da5e1a5c900b53f4b6c2a4,NewGunDataset3020_png.rf.8d7b2e62b7da5e1a5c900b53f4b6c2a4.jpg,/home/constantin/Doctorat/GunDatasetNoAugSplit/train/images/NewGunDataset3020_png.rf.8d7b2e62b7da5e1a5c900b53f4b6c2a4.jpg
train__NewGunDataset3051_png.jpg,train__NewGunDataset3051_png.txt,train,NewGunDataset3051_png.rf.05cdeaac1d26637059b9128041da4260,NewGunDataset3051_png.rf.05cdeaac1d26637059b9128041da4260.jpg,/home/constantin/Doctorat/GunDatasetNoAugSplit/train/images/NewGunDataset3051_png.rf.05cdeaac1d26637059b9128041da4260.jpg
train__NewGunDataset3052_png.jpg,train__NewGunDataset3052_png.txt,train,NewGunDataset3052_png.rf.f706f90798aaf54b793485610a25c71d,NewGunDataset3052_png.rf.f706f90798aaf54b793485610a25c71d.jpg,/home/constantin/Doctorat/GunDatasetNoAugSplit/train/images/NewGunDataset3052_png.rf.f706f90798aaf54b793485610a25c71d.jpg
train__NewGunDataset3135_png.jpg,train__NewGunDataset3135_png.txt,train,NewGunDataset3135_png.rf.3f8ff81a6d394949bea1eef63e36ecc3,NewGunDataset3135_png.rf.3f8ff81a6d394949bea1eef63e36ecc3.jpg,/home/constantin/Doctorat/GunDatasetNoAugSplit/train/images/NewGunDataset3135_png.rf.3f8ff81a6d394949bea1eef63e36ecc3.jpg
train__NewGunDataset3137_png.jpg,train__NewGunDataset3137_png.txt,train,NewGunDataset3137_png.rf.156092e6f73cc58d14298907ff282a14,NewGunDataset3137_png.rf.156092e6f73cc58d14298907ff282a14.jpg,/home/constantin/Doctorat/GunDatasetNoAugSplit/train/images/NewGunDataset3137_png.rf.156092e6f73cc58d14298907ff282a14.jpg
train__NewGunDataset3144_png.jpg,train__NewGunDataset3144_png.txt,train,NewGunDataset3144_png.rf.f90ae0bb0467b30ffcb62d4bcc95876e,NewGunDataset3144_png.rf.f90ae0bb0467b30ffcb62d4bcc95876e.jpg,/home/constantin/Doctorat/GunDatasetNoAugSplit/train/images/NewGunDataset3144_png.rf.f90ae0bb0467b30ffcb62d4bcc95876e.jpg
train__NewGunDataset3147_png.jpg,train__NewGunDataset3147_png.txt,train,NewGunDataset3147_png.rf.ed902d4966b2f1cbef31d9632aa0ba94,NewGunDataset3147_png.rf.ed902d4966b2f1cbef31d9632aa0ba94.jpg,/home/constantin/Doctorat/GunDatasetNoAugSplit/train/images/NewGunDataset3147_png.rf.ed902d4966b2f1cbef31d9632aa0ba94.jpg
train__NewGunDataset3290_png.jpg,train__NewGunDataset3290_png.txt,train,NewGunDataset3290_png.rf.9c3ea0f20234155d512d8168061c63b2,NewGunDataset3290_png.rf.9c3ea0f20234155d512d8168061c63b2.jpg,/home/constantin/Doctorat/GunDatasetNoAugSplit/train/images/NewGunDataset3290_png.rf.9c3ea0f20234155d512d8168061c63b2.jpg
train__NewGunDataset3387_png.jpg,train__NewGunDataset3387_png.txt,train,NewGunDataset3387_png.rf.9f8e7cef62a6f08cf56c7958464c93aa,NewGunDataset3387_png.rf.9f8e7cef62a6f08cf56c7958464c93aa.jpg,/home/constantin/Doctorat/GunDatasetNoAugSplit/train/images/NewGunDataset3387_png.rf.9f8e7cef62a6f08cf56c7958464c93aa.jpg
train__NewGunDataset3412_png.jpg,train__NewGunDataset3412_png.txt,train,NewGunDataset3412_png.rf.498652ef329e2e6673d60805e7cfb6fd,NewGunDataset3412_png.rf.498652ef329e2e6673d60805e7cfb6fd.jpg,/home/constantin/Doctorat/GunDatasetNoAugSplit/train/images/NewGunDataset3412_png.rf.498652ef329e2e6673d60805e7cfb6fd.jpg
train__NewGunDataset3444_png.jpg,train__NewGunDataset3444_png.txt,train,NewGunDataset3444_png.rf.dc4dd9ffa59a95dd9ef46b1ad8ecf3af,NewGunDataset3444_png.rf.dc4dd9ffa59a95dd9ef46b1ad8ecf3af.jpg,/home/constantin/Doctorat/GunDatasetNoAugSplit/train/images/NewGunDataset3444_png.rf.dc4dd9ffa59a95dd9ef46b1ad8ecf3af.jpg
train__NewGunDataset3470_png.jpg,train__NewGunDataset3470_png.txt,train,NewGunDataset3470_png.rf.03c241df4b00075ee715da07ca84301c,NewGunDataset3470_png.rf.03c241df4b00075ee715da07ca84301c.jpg,/home/constantin/Doctorat/GunDatasetNoAugSplit/train/images/NewGunDataset3470_png.rf.03c241df4b00075ee715da07ca84301c.jpg
train__NewGunDataset3481_png.jpg,train__NewGunDataset3481_png.txt,train,NewGunDataset3481_png.rf.afc82afd4f317c5759daea7a2b4e793a,NewGunDataset3481_png.rf.afc82afd4f317c5759daea7a2b4e793a.jpg,/home/constantin/Doctorat/GunDatasetNoAugSplit/train/images/NewGunDataset3481_png.rf.afc82afd4f317c5759daea7a2b4e793a.jpg
train__NewGunDataset3486_png.jpg,train__NewGunDataset3486_png.txt,train,NewGunDataset3486_png.rf.310dc9721468e5ca7aa88a5bafef6bcc,NewGunDataset3486_png.rf.310dc9721468e5ca7aa88a5bafef6bcc.jpg,/home/constantin/Doctorat/GunDatasetNoAugSplit/train/images/NewGunDataset3486_png.rf.310dc9721468e5ca7aa88a5bafef6bcc.jpg
train__NewGunDataset3668_png.jpg,train__NewGunDataset3668_png.txt,train,NewGunDataset3668_png.rf.6cbd7f4942a22fbfd7ad81bd215f5f3d,NewGunDataset3668_png.rf.6cbd7f4942a22fbfd7ad81bd215f5f3d.jpg,/home/constantin/Doctorat/GunDatasetNoAugSplit/train/images/NewGunDataset3668_png.rf.6cbd7f4942a22fbfd7ad81bd215f5f3d.jpg
train__NewGunDataset3704_png.jpg,train__NewGunDataset3704_png.txt,train,NewGunDataset3704_png.rf.27619bfcbc23f27fd5d28e573dae2bd9,NewGunDataset3704_png.rf.27619bfcbc23f27fd5d28e573dae2bd9.jpg,/home/constantin/Doctorat/GunDatasetNoAugSplit/train/images/NewGunDataset3704_png.rf.27619bfcbc23f27fd5d28e573dae2bd9.jpg
train__NewGunDataset3711_png.jpg,train__NewGunDataset3711_png.txt,train,NewGunDataset3711_png.rf.52c6e12fd515626c8e2619cf99b1a060,NewGunDataset3711_png.rf.52c6e12fd515626c8e2619cf99b1a060.jpg,/home/constantin/Doctorat/GunDatasetNoAugSplit/train/images/NewGunDataset3711_png.rf.52c6e12fd515626c8e2619cf99b1a060.jpg
train__NewGunDataset3735_png.jpg,train__NewGunDataset3735_png.txt,train,NewGunDataset3735_png.rf.ead0929e56547701223e37390179d523,NewGunDataset3735_png.rf.ead0929e56547701223e37390179d523.jpg,/home/constantin/Doctorat/GunDatasetNoAugSplit/train/images/NewGunDataset3735_png.rf.ead0929e56547701223e37390179d523.jpg
train__NewGunDataset3750_png.jpg,train__NewGunDataset3750_png.txt,train,NewGunDataset3750_png.rf.5c3a7b023196b5cc2091643209a5538c,NewGunDataset3750_png.rf.5c3a7b023196b5cc2091643209a5538c.jpg,/home/constantin/Doctorat/GunDatasetNoAugSplit/train/images/NewGunDataset3750_png.rf.5c3a7b023196b5cc2091643209a5538c.jpg
train__NewGunDataset3881_png.jpg,train__NewGunDataset3881_png.txt,train,NewGunDataset3881_png.rf.ddfef7cc73aa4478bdc0a35a6541ad39,NewGunDataset3881_png.rf.ddfef7cc73aa4478bdc0a35a6541ad39.jpg,/home/constantin/Doctorat/GunDatasetNoAugSplit/train/images/NewGunDataset3881_png.rf.ddfef7cc73aa4478bdc0a35a6541ad39.jpg
train__NewGunDataset3929_png.jpg,train__NewGunDataset3929_png.txt,train,NewGunDataset3929_png.rf.a371d2d702ea51bf023735a91ff312b3,NewGunDataset3929_png.rf.a371d2d702ea51bf023735a91ff312b3.jpg,/home/constantin/Doctorat/GunDatasetNoAugSplit/train/images/NewGunDataset3929_png.rf.a371d2d702ea51bf023735a91ff312b3.jpg
train__NewGunDataset3930_png.jpg,train__NewGunDataset3930_png.txt,train,NewGunDataset3930_png.rf.9e19ce484d9bda485c40a9a96941bcca,NewGunDataset3930_png.rf.9e19ce484d9bda485c40a9a96941bcca.jpg,/home/constantin/Doctorat/GunDatasetNoAugSplit/train/images/NewGunDataset3930_png.rf.9e19ce484d9bda485c40a9a96941bcca.jpg
train__NewGunDataset3932_png.jpg,train__NewGunDataset3932_png.txt,train,NewGunDataset3932_png.rf.941ca458afa88da6492c7bbf0aea400d,NewGunDataset3932_png.rf.941ca458afa88da6492c7bbf0aea400d.jpg,/home/constantin/Doctorat/GunDatasetNoAugSplit/train/images/NewGunDataset3932_png.rf.941ca458afa88da6492c7bbf0aea400d.jpg
train__NewGunDataset3933_png.jpg,train__NewGunDataset3933_png.txt,train,NewGunDataset3933_png.rf.d0bac0271596e176e9eddea8a4cbc223,NewGunDataset3933_png.rf.d0bac0271596e176e9eddea8a4cbc223.jpg,/home/constantin/Doctorat/GunDatasetNoAugSplit/train/images/NewGunDataset3933_png.rf.d0bac0271596e176e9eddea8a4cbc223.jpg
train__NewGunDataset3934_png.jpg,train__NewGunDataset3934_png.txt,train,NewGunDataset3934_png.rf.e571d7badd80ca57f3b815e7b3603282,NewGunDataset3934_png.rf.e571d7badd80ca57f3b815e7b3603282.jpg,/home/constantin/Doctorat/GunDatasetNoAugSplit/train/images/NewGunDataset3934_png.rf.e571d7badd80ca57f3b815e7b3603282.jpg
train__NewGunDataset3961_png.jpg,train__NewGunDataset3961_png.txt,train,NewGunDataset3961_png.rf.6584b4cb55a2552a458214970a41cefd,NewGunDataset3961_png.rf.6584b4cb55a2552a458214970a41cefd.jpg,/home/constantin/Doctorat/GunDatasetNoAugSplit/train/images/NewGunDataset3961_png.rf.6584b4cb55a2552a458214970a41cefd.jpg
train__NewGunDataset4217_png.jpg,train__NewGunDataset4217_png.txt,train,NewGunDataset4217_png.rf.a1f7d888c2f8e51c2e244998d4d8a6e1,NewGunDataset4217_png.rf.a1f7d888c2f8e51c2e244998d4d8a6e1.jpg,/home/constantin/Doctorat/GunDatasetNoAugSplit/train/images/NewGunDataset4217_png.rf.a1f7d888c2f8e51c2e244998d4d8a6e1.jpg
train__NewGunDataset4276_png.jpg,train__NewGunDataset4276_png.txt,train,NewGunDataset4276_png.rf.a1d822772a4f6aad1cad427e7e36639e,NewGunDataset4276_png.rf.a1d822772a4f6aad1cad427e7e36639e.jpg,/home/constantin/Doctorat/GunDatasetNoAugSplit/train/images/NewGunDataset4276_png.rf.a1d822772a4f6aad1cad427e7e36639e.jpg
train__NewGunDataset4310_png.jpg,train__NewGunDataset4310_png.txt,train,NewGunDataset4310_png.rf.acc6184eb2a3d51e8c98e285921ad28a,NewGunDataset4310_png.rf.acc6184eb2a3d51e8c98e285921ad28a.jpg,/home/constantin/Doctorat/GunDatasetNoAugSplit/train/images/NewGunDataset4310_png.rf.acc6184eb2a3d51e8c98e285921ad28a.jpg
train__NewGunDataset4336_png.jpg,train__NewGunDataset4336_png.txt,train,NewGunDataset4336_png.rf.e3139ae8bf7bb2fdbbc6e9fe37e9ab54,NewGunDataset4336_png.rf.e3139ae8bf7bb2fdbbc6e9fe37e9ab54.jpg,/home/constantin/Doctorat/GunDatasetNoAugSplit/train/images/NewGunDataset4336_png.rf.e3139ae8bf7bb2fdbbc6e9fe37e9ab54.jpg
train__NewGunDataset4423_png.jpg,train__NewGunDataset4423_png.txt,train,NewGunDataset4423_png.rf.5983fd44cdc14af1cb1b98f58befcd98,NewGunDataset4423_png.rf.5983fd44cdc14af1cb1b98f58befcd98.jpg,/home/constantin/Doctorat/GunDatasetNoAugSplit/train/images/NewGunDataset4423_png.rf.5983fd44cdc14af1cb1b98f58befcd98.jpg
train__NewGunDataset4449_png.jpg,train__NewGunDataset4449_png.txt,train,NewGunDataset4449_png.rf.35d9937f4b3f58edd9e78045b86e3cb7,NewGunDataset4449_png.rf.35d9937f4b3f58edd9e78045b86e3cb7.jpg,/home/constantin/Doctorat/GunDatasetNoAugSplit/train/images/NewGunDataset4449_png.rf.35d9937f4b3f58edd9e78045b86e3cb7.jpg
train__NewGunDataset4458_png.jpg,train__NewGunDataset4458_png.txt,train,NewGunDataset4458_png.rf.8e05c068209db686721487074a43ad1e,NewGunDataset4458_png.rf.8e05c068209db686721487074a43ad1e.jpg,/home/constantin/Doctorat/GunDatasetNoAugSplit/train/images/NewGunDataset4458_png.rf.8e05c068209db686721487074a43ad1e.jpg
train__NewGunDataset4459_png.jpg,train__NewGunDataset4459_png.txt,train,NewGunDataset4459_png.rf.bf1d58046d32a9dc7e4948e3c12d3109,NewGunDataset4459_png.rf.bf1d58046d32a9dc7e4948e3c12d3109.jpg,/home/constantin/Doctorat/GunDatasetNoAugSplit/train/images/NewGunDataset4459_png.rf.bf1d58046d32a9dc7e4948e3c12d3109.jpg
train__NewGunDataset4503_png.jpg,train__NewGunDataset4503_png.txt,train,NewGunDataset4503_png.rf.8198867fb302924c4c722772dc0e311b,NewGunDataset4503_png.rf.8198867fb302924c4c722772dc0e311b.jpg,/home/constantin/Doctorat/GunDatasetNoAugSplit/train/images/NewGunDataset4503_png.rf.8198867fb302924c4c722772dc0e311b.jpg
train__NewGunDataset4504_png.jpg,train__NewGunDataset4504_png.txt,train,NewGunDataset4504_png.rf.0881bde069e3363df811137a31c1e494,NewGunDataset4504_png.rf.0881bde069e3363df811137a31c1e494.jpg,/home/constantin/Doctorat/GunDatasetNoAugSplit/train/images/NewGunDataset4504_png.rf.0881bde069e3363df811137a31c1e494.jpg
train__NewGunDataset4505_png.jpg,train__NewGunDataset4505_png.txt,train,NewGunDataset4505_png.rf.f676a8c5632299220ac184b4e66d6ca5,NewGunDataset4505_png.rf.f676a8c5632299220ac184b4e66d6ca5.jpg,/home/constantin/Doctorat/GunDatasetNoAugSplit/train/images/NewGunDataset4505_png.rf.f676a8c5632299220ac184b4e66d6ca5.jpg
train__NewGunDataset4517_png.jpg,train__NewGunDataset4517_png.txt,train,NewGunDataset4517_png.rf.b15e2353a0c427cbcb517e578a7deae9,NewGunDataset4517_png.rf.b15e2353a0c427cbcb517e578a7deae9.jpg,/home/constantin/Doctorat/GunDatasetNoAugSplit/train/images/NewGunDataset4517_png.rf.b15e2353a0c427cbcb517e578a7deae9.jpg
train__NewGunDataset45_png.jpg,train__NewGunDataset45_png.txt,train,NewGunDataset45_png.rf.beba0b98b4ab2caba3532913e1e02367,NewGunDataset45_png.rf.beba0b98b4ab2caba3532913e1e02367.jpg,/home/constantin/Doctorat/GunDatasetNoAugSplit/train/images/NewGunDataset45_png.rf.beba0b98b4ab2caba3532913e1e02367.jpg
train__NewGunDataset4615_png.jpg,train__NewGunDataset4615_png.txt,train,NewGunDataset4615_png.rf.2afd1bec4979a98879a0fa66660c50d6,NewGunDataset4615_png.rf.2afd1bec4979a98879a0fa66660c50d6.jpg,/home/constantin/Doctorat/GunDatasetNoAugSplit/train/images/NewGunDataset4615_png.rf.2afd1bec4979a98879a0fa66660c50d6.jpg
train__NewGunDataset4795_png.jpg,train__NewGunDataset4795_png.txt,train,NewGunDataset4795_png.rf.99dcc3786d7721903c39d93dd40eb072,NewGunDataset4795_png.rf.99dcc3786d7721903c39d93dd40eb072.jpg,/home/constantin/Doctorat/GunDatasetNoAugSplit/train/images/NewGunDataset4795_png.rf.99dcc3786d7721903c39d93dd40eb072.jpg
train__NewGunDataset4853_png.jpg,train__NewGunDataset4853_png.txt,train,NewGunDataset4853_png.rf.806beb3642875547b89db7acf7c605a5,NewGunDataset4853_png.rf.806beb3642875547b89db7acf7c605a5.jpg,/home/constantin/Doctorat/GunDatasetNoAugSplit/train/images/NewGunDataset4853_png.rf.806beb3642875547b89db7acf7c605a5.jpg
train__NewGunDataset4854_png.jpg,train__NewGunDataset4854_png.txt,train,NewGunDataset4854_png.rf.3403e8295baecb608c390f550a2351cb,NewGunDataset4854_png.rf.3403e8295baecb608c390f550a2351cb.jpg,/home/constantin/Doctorat/GunDatasetNoAugSplit/train/images/NewGunDataset4854_png.rf.3403e8295baecb608c390f550a2351cb.jpg
train__NewGunDataset4855_png.jpg,train__NewGunDataset4855_png.txt,train,NewGunDataset4855_png.rf.b84a9ea4bf4186356003a0fdf34b1f43,NewGunDataset4855_png.rf.b84a9ea4bf4186356003a0fdf34b1f43.jpg,/home/constantin/Doctorat/GunDatasetNoAugSplit/train/images/NewGunDataset4855_png.rf.b84a9ea4bf4186356003a0fdf34b1f43.jpg
train__NewGunDataset4865_png.jpg,train__NewGunDataset4865_png.txt,train,NewGunDataset4865_png.rf.f9f6f7053db849b629a14288f5179fba,NewGunDataset4865_png.rf.f9f6f7053db849b629a14288f5179fba.jpg,/home/constantin/Doctorat/GunDatasetNoAugSplit/train/images/NewGunDataset4865_png.rf.f9f6f7053db849b629a14288f5179fba.jpg
train__NewGunDataset4882_png.jpg,train__NewGunDataset4882_png.txt,train,NewGunDataset4882_png.rf.3d6b8362deac1f2d8499b5c829302b14,NewGunDataset4882_png.rf.3d6b8362deac1f2d8499b5c829302b14.jpg,/home/constantin/Doctorat/GunDatasetNoAugSplit/train/images/NewGunDataset4882_png.rf.3d6b8362deac1f2d8499b5c829302b14.jpg
train__NewGunDataset4883_png.jpg,train__NewGunDataset4883_png.txt,train,NewGunDataset4883_png.rf.4e5836787899a11a998d71e31681676d,NewGunDataset4883_png.rf.4e5836787899a11a998d71e31681676d.jpg,/home/constantin/Doctorat/GunDatasetNoAugSplit/train/images/NewGunDataset4883_png.rf.4e5836787899a11a998d71e31681676d.jpg
train__NewGunDataset4885_png.jpg,train__NewGunDataset4885_png.txt,train,NewGunDataset4885_png.rf.7109e93bccf5bcb3130c2c0db38bd672,NewGunDataset4885_png.rf.7109e93bccf5bcb3130c2c0db38bd672.jpg,/home/constantin/Doctorat/GunDatasetNoAugSplit/train/images/NewGunDataset4885_png.rf.7109e93bccf5bcb3130c2c0db38bd672.jpg
train__NewGunDataset4889_png.jpg,train__NewGunDataset4889_png.txt,train,NewGunDataset4889_png.rf.e450c66b6849bb5e7d43f0b296b99bf6,NewGunDataset4889_png.rf.e450c66b6849bb5e7d43f0b296b99bf6.jpg,/home/constantin/Doctorat/GunDatasetNoAugSplit/train/images/NewGunDataset4889_png.rf.e450c66b6849bb5e7d43f0b296b99bf6.jpg
train__NewGunDataset4950_png.jpg,train__NewGunDataset4950_png.txt,train,NewGunDataset4950_png.rf.6d73168b07e42d6a57cfd784cec0e037,NewGunDataset4950_png.rf.6d73168b07e42d6a57cfd784cec0e037.jpg,/home/constantin/Doctorat/GunDatasetNoAugSplit/train/images/NewGunDataset4950_png.rf.6d73168b07e42d6a57cfd784cec0e037.jpg
train__NewGunDataset4955_png.jpg,train__NewGunDataset4955_png.txt,train,NewGunDataset4955_png.rf.4c21de1bc8bebba0e451816c12e887c1,NewGunDataset4955_png.rf.4c21de1bc8bebba0e451816c12e887c1.jpg,/home/constantin/Doctorat/GunDatasetNoAugSplit/train/images/NewGunDataset4955_png.rf.4c21de1bc8bebba0e451816c12e887c1.jpg
train__NewGunDataset5039_jpg.jpg,train__NewGunDataset5039_jpg.txt,train,NewGunDataset5039_jpg.rf.87465a7cdb3347e9ebffe5e390815d8c,NewGunDataset5039_jpg.rf.87465a7cdb3347e9ebffe5e390815d8c.jpg,/home/constantin/Doctorat/GunDatasetNoAugSplit/train/images/NewGunDataset5039_jpg.rf.87465a7cdb3347e9ebffe5e390815d8c.jpg
train__NewGunDataset5088_png.jpg,train__NewGunDataset5088_png.txt,train,NewGunDataset5088_png.rf.24bbc0d751d2b1734f0e6ccab962591e,NewGunDataset5088_png.rf.24bbc0d751d2b1734f0e6ccab962591e.jpg,/home/constantin/Doctorat/GunDatasetNoAugSplit/train/images/NewGunDataset5088_png.rf.24bbc0d751d2b1734f0e6ccab962591e.jpg
train__NewGunDataset5143_png.jpg,train__NewGunDataset5143_png.txt,train,NewGunDataset5143_png.rf.e55aceb2d536e01e02f02c5ea8d12316,NewGunDataset5143_png.rf.e55aceb2d536e01e02f02c5ea8d12316.jpg,/home/constantin/Doctorat/GunDatasetNoAugSplit/train/images/NewGunDataset5143_png.rf.e55aceb2d536e01e02f02c5ea8d12316.jpg
train__NewGunDataset5182_png.jpg,train__NewGunDataset5182_png.txt,train,NewGunDataset5182_png.rf.9a985874dd91c10ee425d50ca5e68216,NewGunDataset5182_png.rf.9a985874dd91c10ee425d50ca5e68216.jpg,/home/constantin/Doctorat/GunDatasetNoAugSplit/train/images/NewGunDataset5182_png.rf.9a985874dd91c10ee425d50ca5e68216.jpg
train__NewGunDataset5184_png.jpg,train__NewGunDataset5184_png.txt,train,NewGunDataset5184_png.rf.bc633151232c3684a4801a48e9f9e815,NewGunDataset5184_png.rf.bc633151232c3684a4801a48e9f9e815.jpg,/home/constantin/Doctorat/GunDatasetNoAugSplit/train/images/NewGunDataset5184_png.rf.bc633151232c3684a4801a48e9f9e815.jpg
train__NewGunDataset5259_png.jpg,train__NewGunDataset5259_png.txt,train,NewGunDataset5259_png.rf.45ea7cf18faf0c9d159a847799a6dab7,NewGunDataset5259_png.rf.45ea7cf18faf0c9d159a847799a6dab7.jpg,/home/constantin/Doctorat/GunDatasetNoAugSplit/train/images/NewGunDataset5259_png.rf.45ea7cf18faf0c9d159a847799a6dab7.jpg
train__NewGunDataset5290_png.jpg,train__NewGunDataset5290_png.txt,train,NewGunDataset5290_png.rf.cfd33d8912f745dcd3ead38db798b4eb,NewGunDataset5290_png.rf.cfd33d8912f745dcd3ead38db798b4eb.jpg,/home/constantin/Doctorat/GunDatasetNoAugSplit/train/images/NewGunDataset5290_png.rf.cfd33d8912f745dcd3ead38db798b4eb.jpg
train__NewGunDataset5370_png.jpg,train__NewGunDataset5370_png.txt,train,NewGunDataset5370_png.rf.75cb5816ff5e43775caddf67e1143239,NewGunDataset5370_png.rf.75cb5816ff5e43775caddf67e1143239.jpg,/home/constantin/Doctorat/GunDatasetNoAugSplit/train/images/NewGunDataset5370_png.rf.75cb5816ff5e43775caddf67e1143239.jpg
train__NewGunDataset5377_png.jpg,train__NewGunDataset5377_png.txt,train,NewGunDataset5377_png.rf.461d8dfbd0810aa5f0da5a8803cda576,NewGunDataset5377_png.rf.461d8dfbd0810aa5f0da5a8803cda576.jpg,/home/constantin/Doctorat/GunDatasetNoAugSplit/train/images/NewGunDataset5377_png.rf.461d8dfbd0810aa5f0da5a8803cda576.jpg
train__NewGunDataset5466_png.jpg,train__NewGunDataset5466_png.txt,train,NewGunDataset5466_png.rf.b22f96c5a3f4f89cdd3b4376420a2c11,NewGunDataset5466_png.rf.b22f96c5a3f4f89cdd3b4376420a2c11.jpg,/home/constantin/Doctorat/GunDatasetNoAugSplit/train/images/NewGunDataset5466_png.rf.b22f96c5a3f4f89cdd3b4376420a2c11.jpg
train__NewGunDataset5482_png.jpg,train__NewGunDataset5482_png.txt,train,NewGunDataset5482_png.rf.1b1e07899a1dd188f4e483508e75b6ec,NewGunDataset5482_png.rf.1b1e07899a1dd188f4e483508e75b6ec.jpg,/home/constantin/Doctorat/GunDatasetNoAugSplit/train/images/NewGunDataset5482_png.rf.1b1e07899a1dd188f4e483508e75b6ec.jpg
train__NewGunDataset5484_png.jpg,train__NewGunDataset5484_png.txt,train,NewGunDataset5484_png.rf.af3afc80598a10a5df713e3e4ca2ae27,NewGunDataset5484_png.rf.af3afc80598a10a5df713e3e4ca2ae27.jpg,/home/constantin/Doctorat/GunDatasetNoAugSplit/train/images/NewGunDataset5484_png.rf.af3afc80598a10a5df713e3e4ca2ae27.jpg
train__NewGunDataset5639_png.jpg,train__NewGunDataset5639_png.txt,train,NewGunDataset5639_png.rf.5e92de1c85d7b5c98bf9ca461a277678,NewGunDataset5639_png.rf.5e92de1c85d7b5c98bf9ca461a277678.jpg,/home/constantin/Doctorat/GunDatasetNoAugSplit/train/images/NewGunDataset5639_png.rf.5e92de1c85d7b5c98bf9ca461a277678.jpg
train__NewGunDataset5649_png.jpg,train__NewGunDataset5649_png.txt,train,NewGunDataset5649_png.rf.3b9aab0dde0a0afa2fa14ea87c46d9dd,NewGunDataset5649_png.rf.3b9aab0dde0a0afa2fa14ea87c46d9dd.jpg,/home/constantin/Doctorat/GunDatasetNoAugSplit/train/images/NewGunDataset5649_png.rf.3b9aab0dde0a0afa2fa14ea87c46d9dd.jpg
train__NewGunDataset5658_png.jpg,train__NewGunDataset5658_png.txt,train,NewGunDataset5658_png.rf.346728b5382d5d8596c05888ed1adf81,NewGunDataset5658_png.rf.346728b5382d5d8596c05888ed1adf81.jpg,/home/constantin/Doctorat/GunDatasetNoAugSplit/train/images/NewGunDataset5658_png.rf.346728b5382d5d8596c05888ed1adf81.jpg
train__NewGunDataset5736_png.jpg,train__NewGunDataset5736_png.txt,train,NewGunDataset5736_png.rf.df39f8b4af5373513d1a74a1e5c118c2,NewGunDataset5736_png.rf.df39f8b4af5373513d1a74a1e5c118c2.jpg,/home/constantin/Doctorat/GunDatasetNoAugSplit/train/images/NewGunDataset5736_png.rf.df39f8b4af5373513d1a74a1e5c118c2.jpg
train__NewGunDataset5765_png.jpg,train__NewGunDataset5765_png.txt,train,NewGunDataset5765_png.rf.0e82419d98863b41772ff85ed0809739,NewGunDataset5765_png.rf.0e82419d98863b41772ff85ed0809739.jpg,/home/constantin/Doctorat/GunDatasetNoAugSplit/train/images/NewGunDataset5765_png.rf.0e82419d98863b41772ff85ed0809739.jpg
train__NewGunDataset5801_png.jpg,train__NewGunDataset5801_png.txt,train,NewGunDataset5801_png.rf.ec8eb79cf13ab6366e7aaf147f15cc1d,NewGunDataset5801_png.rf.ec8eb79cf13ab6366e7aaf147f15cc1d.jpg,/home/constantin/Doctorat/GunDatasetNoAugSplit/train/images/NewGunDataset5801_png.rf.ec8eb79cf13ab6366e7aaf147f15cc1d.jpg
train__NewGunDataset5807_png.jpg,train__NewGunDataset5807_png.txt,train,NewGunDataset5807_png.rf.c0da5a5b4775d5ad8929e5bd570614d1,NewGunDataset5807_png.rf.c0da5a5b4775d5ad8929e5bd570614d1.jpg,/home/constantin/Doctorat/GunDatasetNoAugSplit/train/images/NewGunDataset5807_png.rf.c0da5a5b4775d5ad8929e5bd570614d1.jpg
train__NewGunDataset5841_png.jpg,train__NewGunDataset5841_png.txt,train,NewGunDataset5841_png.rf.5fa2a9b4ece4d7d62086a5f299646d62,NewGunDataset5841_png.rf.5fa2a9b4ece4d7d62086a5f299646d62.jpg,/home/constantin/Doctorat/GunDatasetNoAugSplit/train/images/NewGunDataset5841_png.rf.5fa2a9b4ece4d7d62086a5f299646d62.jpg
train__NewGunDataset5872_png.jpg,train__NewGunDataset5872_png.txt,train,NewGunDataset5872_png.rf.c9036ac02bca10a4fb85189a51ac685b,NewGunDataset5872_png.rf.c9036ac02bca10a4fb85189a51ac685b.jpg,/home/constantin/Doctorat/GunDatasetNoAugSplit/train/images/NewGunDataset5872_png.rf.c9036ac02bca10a4fb85189a51ac685b.jpg
train__NewGunDataset5878_png.jpg,train__NewGunDataset5878_png.txt,train,NewGunDataset5878_png.rf.8bce5875a9d1a28279cad04d39c6e164,NewGunDataset5878_png.rf.8bce5875a9d1a28279cad04d39c6e164.jpg,/home/constantin/Doctorat/GunDatasetNoAugSplit/train/images/NewGunDataset5878_png.rf.8bce5875a9d1a28279cad04d39c6e164.jpg
train__NewGunDataset700_png.jpg,train__NewGunDataset700_png.txt,train,NewGunDataset700_png.rf.5f91468e6e11a74e8f95df8d7cb4d124,NewGunDataset700_png.rf.5f91468e6e11a74e8f95df8d7cb4d124.jpg,/home/constantin/Doctorat/GunDatasetNoAugSplit/train/images/NewGunDataset700_png.rf.5f91468e6e11a74e8f95df8d7cb4d124.jpg
train__NewGunDataset840_png.jpg,train__NewGunDataset840_png.txt,train,NewGunDataset840_png.rf.435e81aa53bd5a7477b2a44379dc320b,NewGunDataset840_png.rf.435e81aa53bd5a7477b2a44379dc320b.jpg,/home/constantin/Doctorat/GunDatasetNoAugSplit/train/images/NewGunDataset840_png.rf.435e81aa53bd5a7477b2a44379dc320b.jpg
train__NewGunDataset985_png.jpg,train__NewGunDataset985_png.txt,train,NewGunDataset985_png.rf.b234d0e0272d6fd3510272bb6f6bc3a0,NewGunDataset985_png.rf.b234d0e0272d6fd3510272bb6f6bc3a0.jpg,/home/constantin/Doctorat/GunDatasetNoAugSplit/train/images/NewGunDataset985_png.rf.b234d0e0272d6fd3510272bb6f6bc3a0.jpg
train__NewGunDataset994_png.jpg,train__NewGunDataset994_png.txt,train,NewGunDataset994_png.rf.ad2d621f154f23ac59d4ea716f4f23dd,NewGunDataset994_png.rf.ad2d621f154f23ac59d4ea716f4f23dd.jpg,/home/constantin/Doctorat/GunDatasetNoAugSplit/train/images/NewGunDataset994_png.rf.ad2d621f154f23ac59d4ea716f4f23dd.jpg
train__NewWeaponDataset1014_png.jpg,train__NewWeaponDataset1014_png.txt,train,NewWeaponDataset1014_png.rf.ffbe84dcc566ef213c6f62ec0ce1598e,NewWeaponDataset1014_png.rf.ffbe84dcc566ef213c6f62ec0ce1598e.jpg,/home/constantin/Doctorat/GunDatasetNoAugSplit/train/images/NewWeaponDataset1014_png.rf.ffbe84dcc566ef213c6f62ec0ce1598e.jpg
train__NewWeaponDataset1055_png.jpg,train__NewWeaponDataset1055_png.txt,train,NewWeaponDataset1055_png.rf.05233eef15104c5381b975152695ac20,NewWeaponDataset1055_png.rf.05233eef15104c5381b975152695ac20.jpg,/home/constantin/Doctorat/GunDatasetNoAugSplit/train/images/NewWeaponDataset1055_png.rf.05233eef15104c5381b975152695ac20.jpg
train__NewWeaponDataset1082_png.jpg,train__NewWeaponDataset1082_png.txt,train,NewWeaponDataset1082_png.rf.7ccff96971adf2f17217cd8aba0a69a9,NewWeaponDataset1082_png.rf.7ccff96971adf2f17217cd8aba0a69a9.jpg,/home/constantin/Doctorat/GunDatasetNoAugSplit/train/images/NewWeaponDataset1082_png.rf.7ccff96971adf2f17217cd8aba0a69a9.jpg
train__NewWeaponDataset114_png.jpg,train__NewWeaponDataset114_png.txt,train,NewWeaponDataset114_png.rf.39bf215e4ffdce4bcc423cf8930c04f8,NewWeaponDataset114_png.rf.39bf215e4ffdce4bcc423cf8930c04f8.jpg,/home/constantin/Doctorat/GunDatasetNoAugSplit/train/images/NewWeaponDataset114_png.rf.39bf215e4ffdce4bcc423cf8930c04f8.jpg
train__NewWeaponDataset1162_png.jpg,train__NewWeaponDataset1162_png.txt,train,NewWeaponDataset1162_png.rf.e51783f6bfffa663751332f8a3066a8e,NewWeaponDataset1162_png.rf.e51783f6bfffa663751332f8a3066a8e.jpg,/home/constantin/Doctorat/GunDatasetNoAugSplit/train/images/NewWeaponDataset1162_png.rf.e51783f6bfffa663751332f8a3066a8e.jpg
train__NewWeaponDataset1171_png.jpg,train__NewWeaponDataset1171_png.txt,train,NewWeaponDataset1171_png.rf.87163610bfdbaa4556bbe45180fbd6ed,NewWeaponDataset1171_png.rf.87163610bfdbaa4556bbe45180fbd6ed.jpg,/home/constantin/Doctorat/GunDatasetNoAugSplit/train/images/NewWeaponDataset1171_png.rf.87163610bfdbaa4556bbe45180fbd6ed.jpg
train__NewWeaponDataset1186_png.jpg,train__NewWeaponDataset1186_png.txt,train,NewWeaponDataset1186_png.rf.4002f695485330201b975fd5e7bb4b9d,NewWeaponDataset1186_png.rf.4002f695485330201b975fd5e7bb4b9d.jpg,/home/constantin/Doctorat/GunDatasetNoAugSplit/train/images/NewWeaponDataset1186_png.rf.4002f695485330201b975fd5e7bb4b9d.jpg
train__NewWeaponDataset1245_png.jpg,train__NewWeaponDataset1245_png.txt,train,NewWeaponDataset1245_png.rf.8bf7fadb50b23223e53e7f6700eea596,NewWeaponDataset1245_png.rf.8bf7fadb50b23223e53e7f6700eea596.jpg,/home/constantin/Doctorat/GunDatasetNoAugSplit/train/images/NewWeaponDataset1245_png.rf.8bf7fadb50b23223e53e7f6700eea596.jpg
train__NewWeaponDataset1252_png.jpg,train__NewWeaponDataset1252_png.txt,train,NewWeaponDataset1252_png.rf.bd675370718b9b43c0d0766e6348f429,NewWeaponDataset1252_png.rf.bd675370718b9b43c0d0766e6348f429.jpg,/home/constantin/Doctorat/GunDatasetNoAugSplit/train/images/NewWeaponDataset1252_png.rf.bd675370718b9b43c0d0766e6348f429.jpg
train__NewWeaponDataset1301_png.jpg,train__NewWeaponDataset1301_png.txt,train,NewWeaponDataset1301_png.rf.31ce4a449cdfe0b045e3652f130387fa,NewWeaponDataset1301_png.rf.31ce4a449cdfe0b045e3652f130387fa.jpg,/home/constantin/Doctorat/GunDatasetNoAugSplit/train/images/NewWeaponDataset1301_png.rf.31ce4a449cdfe0b045e3652f130387fa.jpg
train__NewWeaponDataset1332_png.jpg,train__NewWeaponDataset1332_png.txt,train,NewWeaponDataset1332_png.rf.471b920e0dcef05e0ce03f7e771de4cc,NewWeaponDataset1332_png.rf.471b920e0dcef05e0ce03f7e771de4cc.jpg,/home/constantin/Doctorat/GunDatasetNoAugSplit/train/images/NewWeaponDataset1332_png.rf.471b920e0dcef05e0ce03f7e771de4cc.jpg
train__NewWeaponDataset1378_png.jpg,train__NewWeaponDataset1378_png.txt,train,NewWeaponDataset1378_png.rf.04409890ad94d79da85cfdecf0174289,NewWeaponDataset1378_png.rf.04409890ad94d79da85cfdecf0174289.jpg,/home/constantin/Doctorat/GunDatasetNoAugSplit/train/images/NewWeaponDataset1378_png.rf.04409890ad94d79da85cfdecf0174289.jpg
train__NewWeaponDataset1391_png.jpg,train__NewWeaponDataset1391_png.txt,train,NewWeaponDataset1391_png.rf.af3c33161cbbfefe071fdf36ea4ab971,NewWeaponDataset1391_png.rf.af3c33161cbbfefe071fdf36ea4ab971.jpg,/home/constantin/Doctorat/GunDatasetNoAugSplit/train/images/NewWeaponDataset1391_png.rf.af3c33161cbbfefe071fdf36ea4ab971.jpg
train__NewWeaponDataset1456_png.jpg,train__NewWeaponDataset1456_png.txt,train,NewWeaponDataset1456_png.rf.f1ad2e5127e5c5522988c7249d4c02ed,NewWeaponDataset1456_png.rf.f1ad2e5127e5c5522988c7249d4c02ed.jpg,/home/constantin/Doctorat/GunDatasetNoAugSplit/train/images/NewWeaponDataset1456_png.rf.f1ad2e5127e5c5522988c7249d4c02ed.jpg
train__NewWeaponDataset1458_png.jpg,train__NewWeaponDataset1458_png.txt,train,NewWeaponDataset1458_png.rf.10b5c13cbe610f7d1ddfabb0400cc442,NewWeaponDataset1458_png.rf.10b5c13cbe610f7d1ddfabb0400cc442.jpg,/home/constantin/Doctorat/GunDatasetNoAugSplit/train/images/NewWeaponDataset1458_png.rf.10b5c13cbe610f7d1ddfabb0400cc442.jpg
train__NewWeaponDataset1479_png.jpg,train__NewWeaponDataset1479_png.txt,train,NewWeaponDataset1479_png.rf.661ddbae8c8288bb2193009347e7a97f,NewWeaponDataset1479_png.rf.661ddbae8c8288bb2193009347e7a97f.jpg,/home/constantin/Doctorat/GunDatasetNoAugSplit/train/images/NewWeaponDataset1479_png.rf.661ddbae8c8288bb2193009347e7a97f.jpg
train__NewWeaponDataset1480_png.jpg,train__NewWeaponDataset1480_png.txt,train,NewWeaponDataset1480_png.rf.7384541ef93a381e0601513b2106318c,NewWeaponDataset1480_png.rf.7384541ef93a381e0601513b2106318c.jpg,/home/constantin/Doctorat/GunDatasetNoAugSplit/train/images/NewWeaponDataset1480_png.rf.7384541ef93a381e0601513b2106318c.jpg
train__NewWeaponDataset1491_png.jpg,train__NewWeaponDataset1491_png.txt,train,NewWeaponDataset1491_png.rf.2d3e35d2ed8faa71de842a69035cb618,NewWeaponDataset1491_png.rf.2d3e35d2ed8faa71de842a69035cb618.jpg,/home/constantin/Doctorat/GunDatasetNoAugSplit/train/images/NewWeaponDataset1491_png.rf.2d3e35d2ed8faa71de842a69035cb618.jpg
train__NewWeaponDataset1496_png.jpg,train__NewWeaponDataset1496_png.txt,train,NewWeaponDataset1496_png.rf.f29b6cbc49baa7feeabef3983a716853,NewWeaponDataset1496_png.rf.f29b6cbc49baa7feeabef3983a716853.jpg,/home/constantin/Doctorat/GunDatasetNoAugSplit/train/images/NewWeaponDataset1496_png.rf.f29b6cbc49baa7feeabef3983a716853.jpg
train__NewWeaponDataset1586_png.jpg,train__NewWeaponDataset1586_png.txt,train,NewWeaponDataset1586_png.rf.b268e06fb9657aed6b72b3e9a6c3151a,NewWeaponDataset1586_png.rf.b268e06fb9657aed6b72b3e9a6c3151a.jpg,/home/constantin/Doctorat/GunDatasetNoAugSplit/train/images/NewWeaponDataset1586_png.rf.b268e06fb9657aed6b72b3e9a6c3151a.jpg
train__NewWeaponDataset1590_png.jpg,train__NewWeaponDataset1590_png.txt,train,NewWeaponDataset1590_png.rf.f76722ad7d6f6bca8817a3f40b41d873,NewWeaponDataset1590_png.rf.f76722ad7d6f6bca8817a3f40b41d873.jpg,/home/constantin/Doctorat/GunDatasetNoAugSplit/train/images/NewWeaponDataset1590_png.rf.f76722ad7d6f6bca8817a3f40b41d873.jpg
train__NewWeaponDataset1664_png.jpg,train__NewWeaponDataset1664_png.txt,train,NewWeaponDataset1664_png.rf.ba4b0d6c142a54237263721944084e14,NewWeaponDataset1664_png.rf.ba4b0d6c142a54237263721944084e14.jpg,/home/constantin/Doctorat/GunDatasetNoAugSplit/train/images/NewWeaponDataset1664_png.rf.ba4b0d6c142a54237263721944084e14.jpg
train__NewWeaponDataset1668_png.jpg,train__NewWeaponDataset1668_png.txt,train,NewWeaponDataset1668_png.rf.d5eca7da4bd74bb70a6490a44511aa57,NewWeaponDataset1668_png.rf.d5eca7da4bd74bb70a6490a44511aa57.jpg,/home/constantin/Doctorat/GunDatasetNoAugSplit/train/images/NewWeaponDataset1668_png.rf.d5eca7da4bd74bb70a6490a44511aa57.jpg
train__NewWeaponDataset1782_png.jpg,train__NewWeaponDataset1782_png.txt,train,NewWeaponDataset1782_png.rf.ae3075b5e9df5df396b9481ebabe5226,NewWeaponDataset1782_png.rf.ae3075b5e9df5df396b9481ebabe5226.jpg,/home/constantin/Doctorat/GunDatasetNoAugSplit/train/images/NewWeaponDataset1782_png.rf.ae3075b5e9df5df396b9481ebabe5226.jpg
train__NewWeaponDataset1783_png.jpg,train__NewWeaponDataset1783_png.txt,train,NewWeaponDataset1783_png.rf.428c97e8de5ac0d88d32032672cf0f38,NewWeaponDataset1783_png.rf.428c97e8de5ac0d88d32032672cf0f38.jpg,/home/constantin/Doctorat/GunDatasetNoAugSplit/train/images/NewWeaponDataset1783_png.rf.428c97e8de5ac0d88d32032672cf0f38.jpg
train__NewWeaponDataset1805_png.jpg,train__NewWeaponDataset1805_png.txt,train,NewWeaponDataset1805_png.rf.c69711ab07b7593db76b217f12e0e29a,NewWeaponDataset1805_png.rf.c69711ab07b7593db76b217f12e0e29a.jpg,/home/constantin/Doctorat/GunDatasetNoAugSplit/train/images/NewWeaponDataset1805_png.rf.c69711ab07b7593db76b217f12e0e29a.jpg
train__NewWeaponDataset1806_png.jpg,train__NewWeaponDataset1806_png.txt,train,NewWeaponDataset1806_png.rf.b542ae379e99ca8eae2644c6e4e57ae9,NewWeaponDataset1806_png.rf.b542ae379e99ca8eae2644c6e4e57ae9.jpg,/home/constantin/Doctorat/GunDatasetNoAugSplit/train/images/NewWeaponDataset1806_png.rf.b542ae379e99ca8eae2644c6e4e57ae9.jpg
train__NewWeaponDataset1945_png.jpg,train__NewWeaponDataset1945_png.txt,train,NewWeaponDataset1945_png.rf.65b55d80f712146883a4b49541a45b0b,NewWeaponDataset1945_png.rf.65b55d80f712146883a4b49541a45b0b.jpg,/home/constantin/Doctorat/GunDatasetNoAugSplit/train/images/NewWeaponDataset1945_png.rf.65b55d80f712146883a4b49541a45b0b.jpg
train__NewWeaponDataset1946_png.jpg,train__NewWeaponDataset1946_png.txt,train,NewWeaponDataset1946_png.rf.32abc65c9beddfb2b6775b54ca59d706,NewWeaponDataset1946_png.rf.32abc65c9beddfb2b6775b54ca59d706.jpg,/home/constantin/Doctorat/GunDatasetNoAugSplit/train/images/NewWeaponDataset1946_png.rf.32abc65c9beddfb2b6775b54ca59d706.jpg
train__NewWeaponDataset194_png.jpg,train__NewWeaponDataset194_png.txt,train,NewWeaponDataset194_png.rf.700991ddb4f7406d57a81e73091c8f45,NewWeaponDataset194_png.rf.700991ddb4f7406d57a81e73091c8f45.jpg,/home/constantin/Doctorat/GunDatasetNoAugSplit/train/images/NewWeaponDataset194_png.rf.700991ddb4f7406d57a81e73091c8f45.jpg
train__NewWeaponDataset1997_png.jpg,train__NewWeaponDataset1997_png.txt,train,NewWeaponDataset1997_png.rf.f41e3ab27a09ca02470ecb96de907071,NewWeaponDataset1997_png.rf.f41e3ab27a09ca02470ecb96de907071.jpg,/home/constantin/Doctorat/GunDatasetNoAugSplit/train/images/NewWeaponDataset1997_png.rf.f41e3ab27a09ca02470ecb96de907071.jpg
train__NewWeaponDataset1998_png.jpg,train__NewWeaponDataset1998_png.txt,train,NewWeaponDataset1998_png.rf.6fee9b06e599c1311a112326b1bb9a06,NewWeaponDataset1998_png.rf.6fee9b06e599c1311a112326b1bb9a06.jpg,/home/constantin/Doctorat/GunDatasetNoAugSplit/train/images/NewWeaponDataset1998_png.rf.6fee9b06e599c1311a112326b1bb9a06.jpg
train__NewWeaponDataset2038_png.jpg,train__NewWeaponDataset2038_png.txt,train,NewWeaponDataset2038_png.rf.f1fb23727fb207dcaa06e8e48fcf86a1,NewWeaponDataset2038_png.rf.f1fb23727fb207dcaa06e8e48fcf86a1.jpg,/home/constantin/Doctorat/GunDatasetNoAugSplit/train/images/NewWeaponDataset2038_png.rf.f1fb23727fb207dcaa06e8e48fcf86a1.jpg
train__NewWeaponDataset2039_png.jpg,train__NewWeaponDataset2039_png.txt,train,NewWeaponDataset2039_png.rf.64b5c5c0bf629a02fd02b00cd1c4404c,NewWeaponDataset2039_png.rf.64b5c5c0bf629a02fd02b00cd1c4404c.jpg,/home/constantin/Doctorat/GunDatasetNoAugSplit/train/images/NewWeaponDataset2039_png.rf.64b5c5c0bf629a02fd02b00cd1c4404c.jpg
train__NewWeaponDataset205_png.jpg,train__NewWeaponDataset205_png.txt,train,NewWeaponDataset205_png.rf.2287fd9da856b04cf83a47eb40fec207,NewWeaponDataset205_png.rf.2287fd9da856b04cf83a47eb40fec207.jpg,/home/constantin/Doctorat/GunDatasetNoAugSplit/train/images/NewWeaponDataset205_png.rf.2287fd9da856b04cf83a47eb40fec207.jpg
train__NewWeaponDataset2085_png.jpg,train__NewWeaponDataset2085_png.txt,train,NewWeaponDataset2085_png.rf.4fe716fd37701a753c26877ced9f0ef2,NewWeaponDataset2085_png.rf.4fe716fd37701a753c26877ced9f0ef2.jpg,/home/constantin/Doctorat/GunDatasetNoAugSplit/train/images/NewWeaponDataset2085_png.rf.4fe716fd37701a753c26877ced9f0ef2.jpg
train__NewWeaponDataset2096_png.jpg,train__NewWeaponDataset2096_png.txt,train,NewWeaponDataset2096_png.rf.f7b4d3ab19d43d05066dc64084412f3c,NewWeaponDataset2096_png.rf.f7b4d3ab19d43d05066dc64084412f3c.jpg,/home/constantin/Doctorat/GunDatasetNoAugSplit/train/images/NewWeaponDataset2096_png.rf.f7b4d3ab19d43d05066dc64084412f3c.jpg
train__NewWeaponDataset214_png.jpg,train__NewWeaponDataset214_png.txt,train,NewWeaponDataset214_png.rf.f70bc7048f262f08f6e7acab7b8469c9,NewWeaponDataset214_png.rf.f70bc7048f262f08f6e7acab7b8469c9.jpg,/home/constantin/Doctorat/GunDatasetNoAugSplit/train/images/NewWeaponDataset214_png.rf.f70bc7048f262f08f6e7acab7b8469c9.jpg
train__NewWeaponDataset312_png.jpg,train__NewWeaponDataset312_png.txt,train,NewWeaponDataset312_png.rf.653a8b2c9017b1fc420399063d847133,NewWeaponDataset312_png.rf.653a8b2c9017b1fc420399063d847133.jpg,/home/constantin/Doctorat/GunDatasetNoAugSplit/train/images/NewWeaponDataset312_png.rf.653a8b2c9017b1fc420399063d847133.jpg
train__NewWeaponDataset472_png.jpg,train__NewWeaponDataset472_png.txt,train,NewWeaponDataset472_png.rf.804ee2b32dece9694867694e00b233e7,NewWeaponDataset472_png.rf.804ee2b32dece9694867694e00b233e7.jpg,/home/constantin/Doctorat/GunDatasetNoAugSplit/train/images/NewWeaponDataset472_png.rf.804ee2b32dece9694867694e00b233e7.jpg
train__NewWeaponDataset545_png.jpg,train__NewWeaponDataset545_png.txt,train,NewWeaponDataset545_png.rf.6015cbb403b62638d8bbb2fdb1b912ac,NewWeaponDataset545_png.rf.6015cbb403b62638d8bbb2fdb1b912ac.jpg,/home/constantin/Doctorat/GunDatasetNoAugSplit/train/images/NewWeaponDataset545_png.rf.6015cbb403b62638d8bbb2fdb1b912ac.jpg
train__NewWeaponDataset549_png.jpg,train__NewWeaponDataset549_png.txt,train,NewWeaponDataset549_png.rf.9652a34424b62cf2767769b696a3a648,NewWeaponDataset549_png.rf.9652a34424b62cf2767769b696a3a648.jpg,/home/constantin/Doctorat/GunDatasetNoAugSplit/train/images/NewWeaponDataset549_png.rf.9652a34424b62cf2767769b696a3a648.jpg
train__NewWeaponDataset550_png.jpg,train__NewWeaponDataset550_png.txt,train,NewWeaponDataset550_png.rf.1027ef37a31ad46884a0b75417993353,NewWeaponDataset550_png.rf.1027ef37a31ad46884a0b75417993353.jpg,/home/constantin/Doctorat/GunDatasetNoAugSplit/train/images/NewWeaponDataset550_png.rf.1027ef37a31ad46884a0b75417993353.jpg
train__NewWeaponDataset556_png.jpg,train__NewWeaponDataset556_png.txt,train,NewWeaponDataset556_png.rf.13ee4fa2faa977323c2c751cdcff000a,NewWeaponDataset556_png.rf.13ee4fa2faa977323c2c751cdcff000a.jpg,/home/constantin/Doctorat/GunDatasetNoAugSplit/train/images/NewWeaponDataset556_png.rf.13ee4fa2faa977323c2c751cdcff000a.jpg
train__NewWeaponDataset560_png.jpg,train__NewWeaponDataset560_png.txt,train,NewWeaponDataset560_png.rf.b9e8548f6ed338b4306600401d98b385,NewWeaponDataset560_png.rf.b9e8548f6ed338b4306600401d98b385.jpg,/home/constantin/Doctorat/GunDatasetNoAugSplit/train/images/NewWeaponDataset560_png.rf.b9e8548f6ed338b4306600401d98b385.jpg
train__NewWeaponDataset582_png.jpg,train__NewWeaponDataset582_png.txt,train,NewWeaponDataset582_png.rf.80a7de35d488848e8c44baae718b6be6,NewWeaponDataset582_png.rf.80a7de35d488848e8c44baae718b6be6.jpg,/home/constantin/Doctorat/GunDatasetNoAugSplit/train/images/NewWeaponDataset582_png.rf.80a7de35d488848e8c44baae718b6be6.jpg
train__NewWeaponDataset599_png.jpg,train__NewWeaponDataset599_png.txt,train,NewWeaponDataset599_png.rf.84d187e3c8394cd6bc338fa0779370a2,NewWeaponDataset599_png.rf.84d187e3c8394cd6bc338fa0779370a2.jpg,/home/constantin/Doctorat/GunDatasetNoAugSplit/train/images/NewWeaponDataset599_png.rf.84d187e3c8394cd6bc338fa0779370a2.jpg
train__NewWeaponDataset611_png.jpg,train__NewWeaponDataset611_png.txt,train,NewWeaponDataset611_png.rf.fb7fe7943bc546622fcfab97f11d1f9f,NewWeaponDataset611_png.rf.fb7fe7943bc546622fcfab97f11d1f9f.jpg,/home/constantin/Doctorat/GunDatasetNoAugSplit/train/images/NewWeaponDataset611_png.rf.fb7fe7943bc546622fcfab97f11d1f9f.jpg
train__NewWeaponDataset626_png.jpg,train__NewWeaponDataset626_png.txt,train,NewWeaponDataset626_png.rf.4dfb5212ee725faf8517323bdcf46146,NewWeaponDataset626_png.rf.4dfb5212ee725faf8517323bdcf46146.jpg,/home/constantin/Doctorat/GunDatasetNoAugSplit/train/images/NewWeaponDataset626_png.rf.4dfb5212ee725faf8517323bdcf46146.jpg
train__NewWeaponDataset657_png.jpg,train__NewWeaponDataset657_png.txt,train,NewWeaponDataset657_png.rf.05606b268142e9c59254c7e22f0bc2c1,NewWeaponDataset657_png.rf.05606b268142e9c59254c7e22f0bc2c1.jpg,/home/constantin/Doctorat/GunDatasetNoAugSplit/train/images/NewWeaponDataset657_png.rf.05606b268142e9c59254c7e22f0bc2c1.jpg
train__NewWeaponDataset685_png.jpg,train__NewWeaponDataset685_png.txt,train,NewWeaponDataset685_png.rf.ff83c52bf1c8a8b600f0983c7b56c353,NewWeaponDataset685_png.rf.ff83c52bf1c8a8b600f0983c7b56c353.jpg,/home/constantin/Doctorat/GunDatasetNoAugSplit/train/images/NewWeaponDataset685_png.rf.ff83c52bf1c8a8b600f0983c7b56c353.jpg
train__NewWeaponDataset704_png.jpg,train__NewWeaponDataset704_png.txt,train,NewWeaponDataset704_png.rf.1f6c5dfd1f9abe44e0a1d03e1bd418ab,NewWeaponDataset704_png.rf.1f6c5dfd1f9abe44e0a1d03e1bd418ab.jpg,/home/constantin/Doctorat/GunDatasetNoAugSplit/train/images/NewWeaponDataset704_png.rf.1f6c5dfd1f9abe44e0a1d03e1bd418ab.jpg
train__NewWeaponDataset721_png.jpg,train__NewWeaponDataset721_png.txt,train,NewWeaponDataset721_png.rf.030a95c22a0f9c8f8b87ef6854f53537,NewWeaponDataset721_png.rf.030a95c22a0f9c8f8b87ef6854f53537.jpg,/home/constantin/Doctorat/GunDatasetNoAugSplit/train/images/NewWeaponDataset721_png.rf.030a95c22a0f9c8f8b87ef6854f53537.jpg
train__NewWeaponDataset789_png.jpg,train__NewWeaponDataset789_png.txt,train,NewWeaponDataset789_png.rf.5d6550e29bf6f78bb290e13f4d216720,NewWeaponDataset789_png.rf.5d6550e29bf6f78bb290e13f4d216720.jpg,/home/constantin/Doctorat/GunDatasetNoAugSplit/train/images/NewWeaponDataset789_png.rf.5d6550e29bf6f78bb290e13f4d216720.jpg
train__NewWeaponDataset790_png.jpg,train__NewWeaponDataset790_png.txt,train,NewWeaponDataset790_png.rf.c1b761b53d93c0b03375025ab7876f1e,NewWeaponDataset790_png.rf.c1b761b53d93c0b03375025ab7876f1e.jpg,/home/constantin/Doctorat/GunDatasetNoAugSplit/train/images/NewWeaponDataset790_png.rf.c1b761b53d93c0b03375025ab7876f1e.jpg
train__NewWeaponDataset801_png.jpg,train__NewWeaponDataset801_png.txt,train,NewWeaponDataset801_png.rf.f9dcf0beef64d51c7d0aaff8dd2443d4,NewWeaponDataset801_png.rf.f9dcf0beef64d51c7d0aaff8dd2443d4.jpg,/home/constantin/Doctorat/GunDatasetNoAugSplit/train/images/NewWeaponDataset801_png.rf.f9dcf0beef64d51c7d0aaff8dd2443d4.jpg
train__NewWeaponDataset842_png.jpg,train__NewWeaponDataset842_png.txt,train,NewWeaponDataset842_png.rf.bd56d8285835408d8deb73bf37a3ce88,NewWeaponDataset842_png.rf.bd56d8285835408d8deb73bf37a3ce88.jpg,/home/constantin/Doctorat/GunDatasetNoAugSplit/train/images/NewWeaponDataset842_png.rf.bd56d8285835408d8deb73bf37a3ce88.jpg
train__NewWeaponDataset856_png.jpg,train__NewWeaponDataset856_png.txt,train,NewWeaponDataset856_png.rf.8e1e5a6fcf281bc201bd895baa6ea342,NewWeaponDataset856_png.rf.8e1e5a6fcf281bc201bd895baa6ea342.jpg,/home/constantin/Doctorat/GunDatasetNoAugSplit/train/images/NewWeaponDataset856_png.rf.8e1e5a6fcf281bc201bd895baa6ea342.jpg
train__NewWeaponDataset858_png.jpg,train__NewWeaponDataset858_png.txt,train,NewWeaponDataset858_png.rf.2859f5da24521d212e116d6c7e37965e,NewWeaponDataset858_png.rf.2859f5da24521d212e116d6c7e37965e.jpg,/home/constantin/Doctorat/GunDatasetNoAugSplit/train/images/NewWeaponDataset858_png.rf.2859f5da24521d212e116d6c7e37965e.jpg
train__NewWeaponDataset861_png.jpg,train__NewWeaponDataset861_png.txt,train,NewWeaponDataset861_png.rf.7b891abb0a014bc5bd7b2c7eaa5920e2,NewWeaponDataset861_png.rf.7b891abb0a014bc5bd7b2c7eaa5920e2.jpg,/home/constantin/Doctorat/GunDatasetNoAugSplit/train/images/NewWeaponDataset861_png.rf.7b891abb0a014bc5bd7b2c7eaa5920e2.jpg
train__PUBGGunsInRealLife-06721_jpg.jpg,train__PUBGGunsInRealLife-06721_jpg.txt,train,PUBGGunsInRealLife-06721_jpg.rf.4deaa27884979ec65c1affb9ca2ee0e8,PUBGGunsInRealLife-06721_jpg.rf.4deaa27884979ec65c1affb9ca2ee0e8.jpg,/home/constantin/Doctorat/GunDatasetNoAugSplit/train/images/PUBGGunsInRealLife-06721_jpg.rf.4deaa27884979ec65c1affb9ca2ee0e8.jpg
train__PUBGGunsInRealLife-09311_jpg.jpg,train__PUBGGunsInRealLife-09311_jpg.txt,train,PUBGGunsInRealLife-09311_jpg.rf.88d647dc26c1a4e691143e0372c92f6f,PUBGGunsInRealLife-09311_jpg.rf.88d647dc26c1a4e691143e0372c92f6f.jpg,/home/constantin/Doctorat/GunDatasetNoAugSplit/train/images/PUBGGunsInRealLife-09311_jpg.rf.88d647dc26c1a4e691143e0372c92f6f.jpg
train__PUBGGunsInRealLife-09381_jpg.jpg,train__PUBGGunsInRealLife-09381_jpg.txt,train,PUBGGunsInRealLife-09381_jpg.rf.4d905c3200d497bde09c055ae83176fa,PUBGGunsInRealLife-09381_jpg.rf.4d905c3200d497bde09c055ae83176fa.jpg,/home/constantin/Doctorat/GunDatasetNoAugSplit/train/images/PUBGGunsInRealLife-09381_jpg.rf.4d905c3200d497bde09c055ae83176fa.jpg
train__PUBGGunsInRealLife-09671_jpg.jpg,train__PUBGGunsInRealLife-09671_jpg.txt,train,PUBGGunsInRealLife-09671_jpg.rf.e847fb142215ef40694f974e623a47b6,PUBGGunsInRealLife-09671_jpg.rf.e847fb142215ef40694f974e623a47b6.jpg,/home/constantin/Doctorat/GunDatasetNoAugSplit/train/images/PUBGGunsInRealLife-09671_jpg.rf.e847fb142215ef40694f974e623a47b6.jpg
train__PUBGGunsInRealLife-09711_jpg.jpg,train__PUBGGunsInRealLife-09711_jpg.txt,train,PUBGGunsInRealLife-09711_jpg.rf.075b9dd5c33f651a991e8eba8674a8d1,PUBGGunsInRealLife-09711_jpg.rf.075b9dd5c33f651a991e8eba8674a8d1.jpg,/home/constantin/Doctorat/GunDatasetNoAugSplit/train/images/PUBGGunsInRealLife-09711_jpg.rf.075b9dd5c33f651a991e8eba8674a8d1.jpg
train__PUBGGunsInRealLife-10681_jpg.jpg,train__PUBGGunsInRealLife-10681_jpg.txt,train,PUBGGunsInRealLife-10681_jpg.rf.ab116361d693047295c69fe3e1f1d0e0,PUBGGunsInRealLife-10681_jpg.rf.ab116361d693047295c69fe3e1f1d0e0.jpg,/home/constantin/Doctorat/GunDatasetNoAugSplit/train/images/PUBGGunsInRealLife-10681_jpg.rf.ab116361d693047295c69fe3e1f1d0e0.jpg
train__PUBGGunsInRealLife-12031_jpg.jpg,train__PUBGGunsInRealLife-12031_jpg.txt,train,PUBGGunsInRealLife-12031_jpg.rf.8d708ce8592193214b0c88a8f499ac1d,PUBGGunsInRealLife-12031_jpg.rf.8d708ce8592193214b0c88a8f499ac1d.jpg,/home/constantin/Doctorat/GunDatasetNoAugSplit/train/images/PUBGGunsInRealLife-12031_jpg.rf.8d708ce8592193214b0c88a8f499ac1d.jpg
train__PUBGGunsInRealLife-13281_jpg.jpg,train__PUBGGunsInRealLife-13281_jpg.txt,train,PUBGGunsInRealLife-13281_jpg.rf.a53d676377bf0fc46a3f61ad1c7fc359,PUBGGunsInRealLife-13281_jpg.rf.a53d676377bf0fc46a3f61ad1c7fc359.jpg,/home/constantin/Doctorat/GunDatasetNoAugSplit/train/images/PUBGGunsInRealLife-13281_jpg.rf.a53d676377bf0fc46a3f61ad1c7fc359.jpg
train__PUBGGunsInRealLife-13331_jpg.jpg,train__PUBGGunsInRealLife-13331_jpg.txt,train,PUBGGunsInRealLife-13331_jpg.rf.933f5d64bf3d98ed7a2fe3fcf41937e4,PUBGGunsInRealLife-13331_jpg.rf.933f5d64bf3d98ed7a2fe3fcf41937e4.jpg,/home/constantin/Doctorat/GunDatasetNoAugSplit/train/images/PUBGGunsInRealLife-13331_jpg.rf.933f5d64bf3d98ed7a2fe3fcf41937e4.jpg
train__PUBGGunsInRealLife-13351_jpg.jpg,train__PUBGGunsInRealLife-13351_jpg.txt,train,PUBGGunsInRealLife-13351_jpg.rf.9df8d95b0d08c9d72eb0271530b8cdb5,PUBGGunsInRealLife-13351_jpg.rf.9df8d95b0d08c9d72eb0271530b8cdb5.jpg,/home/constantin/Doctorat/GunDatasetNoAugSplit/train/images/PUBGGunsInRealLife-13351_jpg.rf.9df8d95b0d08c9d72eb0271530b8cdb5.jpg
train__PUBGGunsInRealLife-13521_jpg.jpg,train__PUBGGunsInRealLife-13521_jpg.txt,train,PUBGGunsInRealLife-13521_jpg.rf.a60513106e6df9afa80db7cc3b3450c9,PUBGGunsInRealLife-13521_jpg.rf.a60513106e6df9afa80db7cc3b3450c9.jpg,/home/constantin/Doctorat/GunDatasetNoAugSplit/train/images/PUBGGunsInRealLife-13521_jpg.rf.a60513106e6df9afa80db7cc3b3450c9.jpg
train__PUBGGunsInRealLife-13841_jpg.jpg,train__PUBGGunsInRealLife-13841_jpg.txt,train,PUBGGunsInRealLife-13841_jpg.rf.72ad230a84d371b7fd36f577a9f7f6ca,PUBGGunsInRealLife-13841_jpg.rf.72ad230a84d371b7fd36f577a9f7f6ca.jpg,/home/constantin/Doctorat/GunDatasetNoAugSplit/train/images/PUBGGunsInRealLife-13841_jpg.rf.72ad230a84d371b7fd36f577a9f7f6ca.jpg
train__PUBGGunsInRealLife-14171_jpg.jpg,train__PUBGGunsInRealLife-14171_jpg.txt,train,PUBGGunsInRealLife-14171_jpg.rf.34c9683c70e04caf6fdaac31a16f39b0,PUBGGunsInRealLife-14171_jpg.rf.34c9683c70e04caf6fdaac31a16f39b0.jpg,/home/constantin/Doctorat/GunDatasetNoAugSplit/train/images/PUBGGunsInRealLife-14171_jpg.rf.34c9683c70e04caf6fdaac31a16f39b0.jpg
train__PUBGGunsInRealLife-14791_jpg.jpg,train__PUBGGunsInRealLife-14791_jpg.txt,train,PUBGGunsInRealLife-14791_jpg.rf.c43275df91475135afcc3ea0c4542fc7,PUBGGunsInRealLife-14791_jpg.rf.c43275df91475135afcc3ea0c4542fc7.jpg,/home/constantin/Doctorat/GunDatasetNoAugSplit/train/images/PUBGGunsInRealLife-14791_jpg.rf.c43275df91475135afcc3ea0c4542fc7.jpg
train__PUBGGunsInRealLife-15051_jpg.jpg,train__PUBGGunsInRealLife-15051_jpg.txt,train,PUBGGunsInRealLife-15051_jpg.rf.b9e6890a84b119c04865d4910d97a807,PUBGGunsInRealLife-15051_jpg.rf.b9e6890a84b119c04865d4910d97a807.jpg,/home/constantin/Doctorat/GunDatasetNoAugSplit/train/images/PUBGGunsInRealLife-15051_jpg.rf.b9e6890a84b119c04865d4910d97a807.jpg
train__Robbery041_00005_jpg.jpg,train__Robbery041_00005_jpg.txt,train,Robbery041_00005_jpg.rf.014d8264abd44e76d57d17197856ef4a,Robbery041_00005_jpg.rf.014d8264abd44e76d57d17197856ef4a.jpg,/home/constantin/Doctorat/GunDatasetNoAugSplit/train/images/Robbery041_00005_jpg.rf.014d8264abd44e76d57d17197856ef4a.jpg
train__Screenshot-from-2022-07-27-10-08-58_png_jpg.jpg,train__Screenshot-from-2022-07-27-10-08-58_png_jpg.txt,train,Screenshot-from-2022-07-27-10-08-58_png_jpg.rf.e57e956bd88ff04f3e819eed8284f349,Screenshot-from-2022-07-27-10-08-58_png_jpg.rf.e57e956bd88ff04f3e819eed8284f349.jpg,/home/constantin/Doctorat/GunDatasetNoAugSplit/train/images/Screenshot-from-2022-07-27-10-08-58_png_jpg.rf.e57e956bd88ff04f3e819eed8284f349.jpg
train__Screenshot-from-2022-08-01-09-58-03_png_jpg.jpg,train__Screenshot-from-2022-08-01-09-58-03_png_jpg.txt,train,Screenshot-from-2022-08-01-09-58-03_png_jpg.rf.db63649d070af43990376abdd5627e4f,Screenshot-from-2022-08-01-09-58-03_png_jpg.rf.db63649d070af43990376abdd5627e4f.jpg,/home/constantin/Doctorat/GunDatasetNoAugSplit/train/images/Screenshot-from-2022-08-01-09-58-03_png_jpg.rf.db63649d070af43990376abdd5627e4f.jpg
train__Screenshot_81_png.jpg,train__Screenshot_81_png.txt,train,Screenshot_81_png.rf.46dcfacd7c6a208c430d8c20c4982db2,Screenshot_81_png.rf.46dcfacd7c6a208c430d8c20c4982db2.jpg,/home/constantin/Doctorat/GunDatasetNoAugSplit/train/images/Screenshot_81_png.rf.46dcfacd7c6a208c430d8c20c4982db2.jpg
train__Screenshot_83_png.jpg,train__Screenshot_83_png.txt,train,Screenshot_83_png.rf.23d6cb699d4baede62072f1a93577537,Screenshot_83_png.rf.23d6cb699d4baede62072f1a93577537.jpg,/home/constantin/Doctorat/GunDatasetNoAugSplit/train/images/Screenshot_83_png.rf.23d6cb699d4baede62072f1a93577537.jpg
train__Shootout-in-the-lobby-The-Matrix-Open-Matte-_mp4-0067_jpg.jpg,train__Shootout-in-the-lobby-The-Matrix-Open-Matte-_mp4-0067_jpg.txt,train,Shootout-in-the-lobby-The-Matrix-Open-Matte-_mp4-0067_jpg.rf.0ca3b80f2aa17ef321a4021543f1be25,Shootout-in-the-lobby-The-Matrix-Open-Matte-_mp4-0067_jpg.rf.0ca3b80f2aa17ef321a4021543f1be25.jpg,/home/constantin/Doctorat/GunDatasetNoAugSplit/train/images/Shootout-in-the-lobby-The-Matrix-Open-Matte-_mp4-0067_jpg.rf.0ca3b80f2aa17ef321a4021543f1be25.jpg
train__Shootout-in-the-lobby-The-Matrix-Open-Matte-_mp4-0152_jpg.jpg,train__Shootout-in-the-lobby-The-Matrix-Open-Matte-_mp4-0152_jpg.txt,train,Shootout-in-the-lobby-The-Matrix-Open-Matte-_mp4-0152_jpg.rf.2dcbf6e6bd5f9f7366bbf57f45d50980,Shootout-in-the-lobby-The-Matrix-Open-Matte-_mp4-0152_jpg.rf.2dcbf6e6bd5f9f7366bbf57f45d50980.jpg,/home/constantin/Doctorat/GunDatasetNoAugSplit/train/images/Shootout-in-the-lobby-The-Matrix-Open-Matte-_mp4-0152_jpg.rf.2dcbf6e6bd5f9f7366bbf57f45d50980.jpg
train__Top10GunFightsinMovies00391_jpg.jpg,train__Top10GunFightsinMovies00391_jpg.txt,train,Top10GunFightsinMovies00391_jpg.rf.925406e2a6e319da669b9ae0c79b5936,Top10GunFightsinMovies00391_jpg.rf.925406e2a6e319da669b9ae0c79b5936.jpg,/home/constantin/Doctorat/GunDatasetNoAugSplit/train/images/Top10GunFightsinMovies00391_jpg.rf.925406e2a6e319da669b9ae0c79b5936.jpg
train__Top10GunFightsinMovies12721_jpg.jpg,train__Top10GunFightsinMovies12721_jpg.txt,train,Top10GunFightsinMovies12721_jpg.rf.afb842531522742506e265cf7c343d3c,Top10GunFightsinMovies12721_jpg.rf.afb842531522742506e265cf7c343d3c.jpg,/home/constantin/Doctorat/GunDatasetNoAugSplit/train/images/Top10GunFightsinMovies12721_jpg.rf.afb842531522742506e265cf7c343d3c.jpg
train__Top10GunFightsinMovies20031_jpg.jpg,train__Top10GunFightsinMovies20031_jpg.txt,train,Top10GunFightsinMovies20031_jpg.rf.b162a5e6471c0a3f3fd7875d417d6660,Top10GunFightsinMovies20031_jpg.rf.b162a5e6471c0a3f3fd7875d417d6660.jpg,/home/constantin/Doctorat/GunDatasetNoAugSplit/train/images/Top10GunFightsinMovies20031_jpg.rf.b162a5e6471c0a3f3fd7875d417d6660.jpg
train__Top10bedgjosdhfghsdhgfusavdfus654654165165651_jpdsfgdsfg2ef3077bff1c7a4ccb3e3507471a4a4_jpg.jpg,train__Top10bedgjosdhfghsdhgfusavdfus654654165165651_jpdsfgdsfg2ef3077bff1c7a4ccb3e3507471a4a4_jpg.txt,train,Top10bedgjosdhfghsdhgfusavdfus654654165165651_jpdsfgdsfg2ef3077bff1c7a4ccb3e3507471a4a4_jpg.rf.e747527e6bc9033e949cc9561f288c44,Top10bedgjosdhfghsdhgfusavdfus654654165165651_jpdsfgdsfg2ef3077bff1c7a4ccb3e3507471a4a4_jpg.rf.e747527e6bc9033e949cc9561f288c44.jpg,/home/constantin/Doctorat/GunDatasetNoAugSplit/train/images/Top10bedgjosdhfghsdhgfusavdfus654654165165651_jpdsfgdsfg2ef3077bff1c7a4ccb3e3507471a4a4_jpg.rf.e747527e6bc9033e949cc9561f288c44.jpg
train__V1-frame-907_jpg.jpg,train__V1-frame-907_jpg.txt,train,V1-frame-907_jpg.rf.4abd99a6adbf6692eef6fedfc59172d4,V1-frame-907_jpg.rf.4abd99a6adbf6692eef6fedfc59172d4.jpg,/home/constantin/Doctorat/GunDatasetNoAugSplit/train/images/V1-frame-907_jpg.rf.4abd99a6adbf6692eef6fedfc59172d4.jpg
train__V1-frame-909_jpg.jpg,train__V1-frame-909_jpg.txt,train,V1-frame-909_jpg.rf.86cc5aae8bd41d260c77c48b79c74c8b,V1-frame-909_jpg.rf.86cc5aae8bd41d260c77c48b79c74c8b.jpg,/home/constantin/Doctorat/GunDatasetNoAugSplit/train/images/V1-frame-909_jpg.rf.86cc5aae8bd41d260c77c48b79c74c8b.jpg
train__V8-frame-467_jpg.jpg,train__V8-frame-467_jpg.txt,train,V8-frame-467_jpg.rf.b157dcb21ef23fc73544285ca4421102,V8-frame-467_jpg.rf.b157dcb21ef23fc73544285ca4421102.jpg,/home/constantin/Doctorat/GunDatasetNoAugSplit/train/images/V8-frame-467_jpg.rf.b157dcb21ef23fc73544285ca4421102.jpg
train__V8-frame-479_jpg.jpg,train__V8-frame-479_jpg.txt,train,V8-frame-479_jpg.rf.6611d9881d2d5a873eae0b7bb4ac57e8,V8-frame-479_jpg.rf.6611d9881d2d5a873eae0b7bb4ac57e8.jpg,/home/constantin/Doctorat/GunDatasetNoAugSplit/train/images/V8-frame-479_jpg.rf.6611d9881d2d5a873eae0b7bb4ac57e8.jpg
train__V8-frame-482_jpg.jpg,train__V8-frame-482_jpg.txt,train,V8-frame-482_jpg.rf.aca49b3c04e2b003476375bf1f30eb1f,V8-frame-482_jpg.rf.aca49b3c04e2b003476375bf1f30eb1f.jpg,/home/constantin/Doctorat/GunDatasetNoAugSplit/train/images/V8-frame-482_jpg.rf.aca49b3c04e2b003476375bf1f30eb1f.jpg
train__V8-frame-528_jpg.jpg,train__V8-frame-528_jpg.txt,train,V8-frame-528_jpg.rf.a1f3748e8a674facb4b9b9f066fa4231,V8-frame-528_jpg.rf.a1f3748e8a674facb4b9b9f066fa4231.jpg,/home/constantin/Doctorat/GunDatasetNoAugSplit/train/images/V8-frame-528_jpg.rf.a1f3748e8a674facb4b9b9f066fa4231.jpg
train__V8-frame-885_jpg.jpg,train__V8-frame-885_jpg.txt,train,V8-frame-885_jpg.rf.1a250b1b0db1c9c2a655059a3e385c56,V8-frame-885_jpg.rf.1a250b1b0db1c9c2a655059a3e385c56.jpg,/home/constantin/Doctorat/GunDatasetNoAugSplit/train/images/V8-frame-885_jpg.rf.1a250b1b0db1c9c2a655059a3e385c56.jpg
train__Y2Mate-is-This-10-year-old-knows-how-to-use-a-gun-ixJ2rtOpJc4-720p-1654892279514_000014_jpg.jpg,train__Y2Mate-is-This-10-year-old-knows-how-to-use-a-gun-ixJ2rtOpJc4-720p-1654892279514_000014_jpg.txt,train,Y2Mate-is-This-10-year-old-knows-how-to-use-a-gun-ixJ2rtOpJc4-720p-1654892279514_000014_jpg.rf.687fff41108edd367bab67a15a27435c,Y2Mate-is-This-10-year-old-knows-how-to-use-a-gun-ixJ2rtOpJc4-720p-1654892279514_000014_jpg.rf.687fff41108edd367bab67a15a27435c.jpg,/home/constantin/Doctorat/GunDatasetNoAugSplit/train/images/Y2Mate-is-This-10-year-old-knows-how-to-use-a-gun-ixJ2rtOpJc4-720p-1654892279514_000014_jpg.rf.687fff41108edd367bab67a15a27435c.jpg
train__Y2Mate-is-This-10-year-old-knows-how-to-use-a-gun-ixJ2rtOpJc4-720p-1654892279514_000014_jpg_1.jpg,train__Y2Mate-is-This-10-year-old-knows-how-to-use-a-gun-ixJ2rtOpJc4-720p-1654892279514_000014_jpg_1.txt,train,Y2Mate-is-This-10-year-old-knows-how-to-use-a-gun-ixJ2rtOpJc4-720p-1654892279514_000014_jpg.rf.f7a21e1c9ff7629c7e4dc57ad4ebdebd,Y2Mate-is-This-10-year-old-knows-how-to-use-a-gun-ixJ2rtOpJc4-720p-1654892279514_000014_jpg.rf.f7a21e1c9ff7629c7e4dc57ad4ebdebd.jpg,/home/constantin/Doctorat/GunDatasetNoAugSplit/train/images/Y2Mate-is-This-10-year-old-knows-how-to-use-a-gun-ixJ2rtOpJc4-720p-1654892279514_000014_jpg.rf.f7a21e1c9ff7629c7e4dc57ad4ebdebd.jpg
train__Y2Mate-is-This-10-year-old-knows-how-to-use-a-gun-ixJ2rtOpJc4-720p-1654892279514_000015_jpg.jpg,train__Y2Mate-is-This-10-year-old-knows-how-to-use-a-gun-ixJ2rtOpJc4-720p-1654892279514_000015_jpg.txt,train,Y2Mate-is-This-10-year-old-knows-how-to-use-a-gun-ixJ2rtOpJc4-720p-1654892279514_000015_jpg.rf.823fc63ef9e9a4f47c6af22ffb140c54,Y2Mate-is-This-10-year-old-knows-how-to-use-a-gun-ixJ2rtOpJc4-720p-1654892279514_000015_jpg.rf.823fc63ef9e9a4f47c6af22ffb140c54.jpg,/home/constantin/Doctorat/GunDatasetNoAugSplit/train/images/Y2Mate-is-This-10-year-old-knows-how-to-use-a-gun-ixJ2rtOpJc4-720p-1654892279514_000015_jpg.rf.823fc63ef9e9a4f47c6af22ffb140c54.jpg
train__a5e5ede4-590f-11e2-9823-8f801ccd4c57_png_jpg.jpg,train__a5e5ede4-590f-11e2-9823-8f801ccd4c57_png_jpg.txt,train,a5e5ede4-590f-11e2-9823-8f801ccd4c57_png_jpg.rf.c20a8882b346af3234820609f289a0c6,a5e5ede4-590f-11e2-9823-8f801ccd4c57_png_jpg.rf.c20a8882b346af3234820609f289a0c6.jpg,/home/constantin/Doctorat/GunDatasetNoAugSplit/train/images/a5e5ede4-590f-11e2-9823-8f801ccd4c57_png_jpg.rf.c20a8882b346af3234820609f289a0c6.jpg
train__ac4670bc2b3651f795e82083aa7da72d_jpg.jpg,train__ac4670bc2b3651f795e82083aa7da72d_jpg.txt,train,ac4670bc2b3651f795e82083aa7da72d_jpg.rf.625ab0551c8e0b972dae78106b129ca8,ac4670bc2b3651f795e82083aa7da72d_jpg.rf.625ab0551c8e0b972dae78106b129ca8.jpg,/home/constantin/Doctorat/GunDatasetNoAugSplit/train/images/ac4670bc2b3651f795e82083aa7da72d_jpg.rf.625ab0551c8e0b972dae78106b129ca8.jpg
train__acea258d-8242-4f74-95eb-90841de077ae_jpg.jpg,train__acea258d-8242-4f74-95eb-90841de077ae_jpg.txt,train,acea258d-8242-4f74-95eb-90841de077ae_jpg.rf.a845bf63761f28ec9634c6274cb76c02,acea258d-8242-4f74-95eb-90841de077ae_jpg.rf.a845bf63761f28ec9634c6274cb76c02.jpg,/home/constantin/Doctorat/GunDatasetNoAugSplit/train/images/acea258d-8242-4f74-95eb-90841de077ae_jpg.rf.a845bf63761f28ec9634c6274cb76c02.jpg
train__armas-1024-_jpg.jpg,train__armas-1024-_jpg.txt,train,armas-1024-_jpg.rf.00607ff12790bf8d7bea273194696866,armas-1024-_jpg.rf.00607ff12790bf8d7bea273194696866.jpg,/home/constantin/Doctorat/GunDatasetNoAugSplit/train/images/armas-1024-_jpg.rf.00607ff12790bf8d7bea273194696866.jpg
train__armas-1061-_jpg.jpg,train__armas-1061-_jpg.txt,train,armas-1061-_jpg.rf.f047d9e49f58de0459203d92a9a66b4c,armas-1061-_jpg.rf.f047d9e49f58de0459203d92a9a66b4c.jpg,/home/constantin/Doctorat/GunDatasetNoAugSplit/train/images/armas-1061-_jpg.rf.f047d9e49f58de0459203d92a9a66b4c.jpg
train__armas-1061-_jpg_1.jpg,train__armas-1061-_jpg_1.txt,train,armas-1061-_jpg.rf.fa6f2942ecb56da99c4c3cd29c24ff87,armas-1061-_jpg.rf.fa6f2942ecb56da99c4c3cd29c24ff87.jpg,/home/constantin/Doctorat/GunDatasetNoAugSplit/train/images/armas-1061-_jpg.rf.fa6f2942ecb56da99c4c3cd29c24ff87.jpg
train__armas-1061-_jpg_2.jpg,train__armas-1061-_jpg_2.txt,train,armas-1061-_jpg.rf.fb3944ad01f1c467d6f3d90ef5be74ba,armas-1061-_jpg.rf.fb3944ad01f1c467d6f3d90ef5be74ba.jpg,/home/constantin/Doctorat/GunDatasetNoAugSplit/train/images/armas-1061-_jpg.rf.fb3944ad01f1c467d6f3d90ef5be74ba.jpg
train__armas-1087-_jpg.jpg,train__armas-1087-_jpg.txt,train,armas-1087-_jpg.rf.898432dc3706bb2a405c61a800d64476,armas-1087-_jpg.rf.898432dc3706bb2a405c61a800d64476.jpg,/home/constantin/Doctorat/GunDatasetNoAugSplit/train/images/armas-1087-_jpg.rf.898432dc3706bb2a405c61a800d64476.jpg
train__armas-1098-_jpg.jpg,train__armas-1098-_jpg.txt,train,armas-1098-_jpg.rf.3236af9920e895f9e2f8396079098351,armas-1098-_jpg.rf.3236af9920e895f9e2f8396079098351.jpg,/home/constantin/Doctorat/GunDatasetNoAugSplit/train/images/armas-1098-_jpg.rf.3236af9920e895f9e2f8396079098351.jpg
train__armas-1256-_jpg.jpg,train__armas-1256-_jpg.txt,train,armas-1256-_jpg.rf.eb428525b236f89b650df5551ad75a89,armas-1256-_jpg.rf.eb428525b236f89b650df5551ad75a89.jpg,/home/constantin/Doctorat/GunDatasetNoAugSplit/train/images/armas-1256-_jpg.rf.eb428525b236f89b650df5551ad75a89.jpg
train__armas-1391-_jpg.jpg,train__armas-1391-_jpg.txt,train,armas-1391-_jpg.rf.555de6a556c8636004bc1440c79bdbd4,armas-1391-_jpg.rf.555de6a556c8636004bc1440c79bdbd4.jpg,/home/constantin/Doctorat/GunDatasetNoAugSplit/train/images/armas-1391-_jpg.rf.555de6a556c8636004bc1440c79bdbd4.jpg
train__armas-1391-_jpg_1.jpg,train__armas-1391-_jpg_1.txt,train,armas-1391-_jpg.rf.e66e47f5bb6d142b079cb2e9d08b71ef,armas-1391-_jpg.rf.e66e47f5bb6d142b079cb2e9d08b71ef.jpg,/home/constantin/Doctorat/GunDatasetNoAugSplit/train/images/armas-1391-_jpg.rf.e66e47f5bb6d142b079cb2e9d08b71ef.jpg
train__armas-1420-_jpg.jpg,train__armas-1420-_jpg.txt,train,armas-1420-_jpg.rf.98ef229f0420f156a22d6fe2786330b3,armas-1420-_jpg.rf.98ef229f0420f156a22d6fe2786330b3.jpg,/home/constantin/Doctorat/GunDatasetNoAugSplit/train/images/armas-1420-_jpg.rf.98ef229f0420f156a22d6fe2786330b3.jpg
train__armas-1804-_jpg.jpg,train__armas-1804-_jpg.txt,train,armas-1804-_jpg.rf.97d95f0048f14ed5b8dc8f348fed941d,armas-1804-_jpg.rf.97d95f0048f14ed5b8dc8f348fed941d.jpg,/home/constantin/Doctorat/GunDatasetNoAugSplit/train/images/armas-1804-_jpg.rf.97d95f0048f14ed5b8dc8f348fed941d.jpg
train__armas-1826-_jpg.jpg,train__armas-1826-_jpg.txt,train,armas-1826-_jpg.rf.e329a19834ed633247f44e994618116e,armas-1826-_jpg.rf.e329a19834ed633247f44e994618116e.jpg,/home/constantin/Doctorat/GunDatasetNoAugSplit/train/images/armas-1826-_jpg.rf.e329a19834ed633247f44e994618116e.jpg
train__armas-1862-_jpg.jpg,train__armas-1862-_jpg.txt,train,armas-1862-_jpg.rf.04a3184c4dcb716e9cce7e67c5739803,armas-1862-_jpg.rf.04a3184c4dcb716e9cce7e67c5739803.jpg,/home/constantin/Doctorat/GunDatasetNoAugSplit/train/images/armas-1862-_jpg.rf.04a3184c4dcb716e9cce7e67c5739803.jpg
train__armas-1949-_jpg.jpg,train__armas-1949-_jpg.txt,train,armas-1949-_jpg.rf.731eee91e24092754ca2f21585fa00f9,armas-1949-_jpg.rf.731eee91e24092754ca2f21585fa00f9.jpg,/home/constantin/Doctorat/GunDatasetNoAugSplit/train/images/armas-1949-_jpg.rf.731eee91e24092754ca2f21585fa00f9.jpg
train__armas-2062-_jpg.jpg,train__armas-2062-_jpg.txt,train,armas-2062-_jpg.rf.4ecb4d8453e7235a8769939952e3e643,armas-2062-_jpg.rf.4ecb4d8453e7235a8769939952e3e643.jpg,/home/constantin/Doctorat/GunDatasetNoAugSplit/train/images/armas-2062-_jpg.rf.4ecb4d8453e7235a8769939952e3e643.jpg
train__armas-211-_jpg.jpg,train__armas-211-_jpg.txt,train,armas-211-_jpg.rf.81cd4486540f9d3dd2bf77e6013b7cbf,armas-211-_jpg.rf.81cd4486540f9d3dd2bf77e6013b7cbf.jpg,/home/constantin/Doctorat/GunDatasetNoAugSplit/train/images/armas-211-_jpg.rf.81cd4486540f9d3dd2bf77e6013b7cbf.jpg
train__armas-429-_jpg.jpg,train__armas-429-_jpg.txt,train,armas-429-_jpg.rf.16419ef9fc25862963ef25f6c14fe2a7,armas-429-_jpg.rf.16419ef9fc25862963ef25f6c14fe2a7.jpg,/home/constantin/Doctorat/GunDatasetNoAugSplit/train/images/armas-429-_jpg.rf.16419ef9fc25862963ef25f6c14fe2a7.jpg
train__armas-429-_jpg_1.jpg,train__armas-429-_jpg_1.txt,train,armas-429-_jpg.rf.1ea2930919e8399dff6b1772df6fc6a0,armas-429-_jpg.rf.1ea2930919e8399dff6b1772df6fc6a0.jpg,/home/constantin/Doctorat/GunDatasetNoAugSplit/train/images/armas-429-_jpg.rf.1ea2930919e8399dff6b1772df6fc6a0.jpg
train__armas-434-_jpg.jpg,train__armas-434-_jpg.txt,train,armas-434-_jpg.rf.ac3f750e66d7ff6ae75fa23c5a45fb76,armas-434-_jpg.rf.ac3f750e66d7ff6ae75fa23c5a45fb76.jpg,/home/constantin/Doctorat/GunDatasetNoAugSplit/train/images/armas-434-_jpg.rf.ac3f750e66d7ff6ae75fa23c5a45fb76.jpg
train__armas-512-_jpg.jpg,train__armas-512-_jpg.txt,train,armas-512-_jpg.rf.57ac3d11860c7864a936fbc55bb47222,armas-512-_jpg.rf.57ac3d11860c7864a936fbc55bb47222.jpg,/home/constantin/Doctorat/GunDatasetNoAugSplit/train/images/armas-512-_jpg.rf.57ac3d11860c7864a936fbc55bb47222.jpg
train__armas-554-_jpg.jpg,train__armas-554-_jpg.txt,train,armas-554-_jpg.rf.d95a09195ce1c5a2da893893c4e67ca6,armas-554-_jpg.rf.d95a09195ce1c5a2da893893c4e67ca6.jpg,/home/constantin/Doctorat/GunDatasetNoAugSplit/train/images/armas-554-_jpg.rf.d95a09195ce1c5a2da893893c4e67ca6.jpg
train__armas-984-_jpg.jpg,train__armas-984-_jpg.txt,train,armas-984-_jpg.rf.e42364329691630913804320c2da7f2b,armas-984-_jpg.rf.e42364329691630913804320c2da7f2b.jpg,/home/constantin/Doctorat/GunDatasetNoAugSplit/train/images/armas-984-_jpg.rf.e42364329691630913804320c2da7f2b.jpg
train__armas__1804__jpg.jpg,train__armas__1804__jpg.txt,train,armas__1804__jpg.rf.966b2b4da83b1c6208a2ca674452b9c4,armas__1804__jpg.rf.966b2b4da83b1c6208a2ca674452b9c4.jpg,/home/constantin/Doctorat/GunDatasetNoAugSplit/train/images/armas__1804__jpg.rf.966b2b4da83b1c6208a2ca674452b9c4.jpg
train__army-box-of-ammunition-with-ak47-rifle-and-ammunition-isolated-MW7AD7_jpg.jpg,train__army-box-of-ammunition-with-ak47-rifle-and-ammunition-isolated-MW7AD7_jpg.txt,train,army-box-of-ammunition-with-ak47-rifle-and-ammunition-isolated-MW7AD7_jpg.rf.986d781b58f08f7cab883b5eaa6b4588,army-box-of-ammunition-with-ak47-rifle-and-ammunition-isolated-MW7AD7_jpg.rf.986d781b58f08f7cab883b5eaa6b4588.jpg,/home/constantin/Doctorat/GunDatasetNoAugSplit/train/images/army-box-of-ammunition-with-ak47-rifle-and-ammunition-isolated-MW7AD7_jpg.rf.986d781b58f08f7cab883b5eaa6b4588.jpg
train__batch-199-_jpg.jpg,train__batch-199-_jpg.txt,train,batch-199-_jpg.rf.a08c92214a89255dae1423253adfab3f,batch-199-_jpg.rf.a08c92214a89255dae1423253adfab3f.jpg,/home/constantin/Doctorat/GunDatasetNoAugSplit/train/images/batch-199-_jpg.rf.a08c92214a89255dae1423253adfab3f.jpg
train__batch-207-_jpg.jpg,train__batch-207-_jpg.txt,train,batch-207-_jpg.rf.7dd53066eb47efbea4b4512ca3266c24,batch-207-_jpg.rf.7dd53066eb47efbea4b4512ca3266c24.jpg,/home/constantin/Doctorat/GunDatasetNoAugSplit/train/images/batch-207-_jpg.rf.7dd53066eb47efbea4b4512ca3266c24.jpg
train__batch-289-_jpg.jpg,train__batch-289-_jpg.txt,train,batch-289-_jpg.rf.dd4ef6bbe54316482c73d1dd01bdb7d6,batch-289-_jpg.rf.dd4ef6bbe54316482c73d1dd01bdb7d6.jpg,/home/constantin/Doctorat/GunDatasetNoAugSplit/train/images/batch-289-_jpg.rf.dd4ef6bbe54316482c73d1dd01bdb7d6.jpg
train__block-195-_jpg.jpg,train__block-195-_jpg.txt,train,block-195-_jpg.rf.145f3cd9c3e42ea994efb5584d6fc3c2,block-195-_jpg.rf.145f3cd9c3e42ea994efb5584d6fc3c2.jpg,/home/constantin/Doctorat/GunDatasetNoAugSplit/train/images/block-195-_jpg.rf.145f3cd9c3e42ea994efb5584d6fc3c2.jpg
train__block-396-_jpg.jpg,train__block-396-_jpg.txt,train,block-396-_jpg.rf.3650a07b7bae5ed484e380b1577f0a38,block-396-_jpg.rf.3650a07b7bae5ed484e380b1577f0a38.jpg,/home/constantin/Doctorat/GunDatasetNoAugSplit/train/images/block-396-_jpg.rf.3650a07b7bae5ed484e380b1577f0a38.jpg
train__block-402-_jpg.jpg,train__block-402-_jpg.txt,train,block-402-_jpg.rf.f073e0f0c38853fc3dfdc0599362d78a,block-402-_jpg.rf.f073e0f0c38853fc3dfdc0599362d78a.jpg,/home/constantin/Doctorat/GunDatasetNoAugSplit/train/images/block-402-_jpg.rf.f073e0f0c38853fc3dfdc0599362d78a.jpg
train__block-417-_jpg.jpg,train__block-417-_jpg.txt,train,block-417-_jpg.rf.5746471487dddb6170d95b744a45373b,block-417-_jpg.rf.5746471487dddb6170d95b744a45373b.jpg,/home/constantin/Doctorat/GunDatasetNoAugSplit/train/images/block-417-_jpg.rf.5746471487dddb6170d95b744a45373b.jpg
train__cleaning_tasks_000016_jpg.jpg,train__cleaning_tasks_000016_jpg.txt,train,cleaning_tasks_000016_jpg.rf.e780ddcfbcec2c2cd4bd70d74192c2f4,cleaning_tasks_000016_jpg.rf.e780ddcfbcec2c2cd4bd70d74192c2f4.jpg,/home/constantin/Doctorat/GunDatasetNoAugSplit/train/images/cleaning_tasks_000016_jpg.rf.e780ddcfbcec2c2cd4bd70d74192c2f4.jpg
train__cleaning_tasks_000023_jpg.jpg,train__cleaning_tasks_000023_jpg.txt,train,cleaning_tasks_000023_jpg.rf.c96d380ea7f8bb68c2bb050e9cde85e5,cleaning_tasks_000023_jpg.rf.c96d380ea7f8bb68c2bb050e9cde85e5.jpg,/home/constantin/Doctorat/GunDatasetNoAugSplit/train/images/cleaning_tasks_000023_jpg.rf.c96d380ea7f8bb68c2bb050e9cde85e5.jpg
train__cleaning_tasks_000052_jpg.jpg,train__cleaning_tasks_000052_jpg.txt,train,cleaning_tasks_000052_jpg.rf.16f259899163d77e1a1c2e100c795c8e,cleaning_tasks_000052_jpg.rf.16f259899163d77e1a1c2e100c795c8e.jpg,/home/constantin/Doctorat/GunDatasetNoAugSplit/train/images/cleaning_tasks_000052_jpg.rf.16f259899163d77e1a1c2e100c795c8e.jpg
train__cleaning_tasks_000077_jpg.jpg,train__cleaning_tasks_000077_jpg.txt,train,cleaning_tasks_000077_jpg.rf.cb6b52c7793d91c14bf5f018169e6c9d,cleaning_tasks_000077_jpg.rf.cb6b52c7793d91c14bf5f018169e6c9d.jpg,/home/constantin/Doctorat/GunDatasetNoAugSplit/train/images/cleaning_tasks_000077_jpg.rf.cb6b52c7793d91c14bf5f018169e6c9d.jpg
train__cleaning_tasks_000090_jpg.jpg,train__cleaning_tasks_000090_jpg.txt,train,cleaning_tasks_000090_jpg.rf.917122d32d26d2dae911d4c34d1cabe1,cleaning_tasks_000090_jpg.rf.917122d32d26d2dae911d4c34d1cabe1.jpg,/home/constantin/Doctorat/GunDatasetNoAugSplit/train/images/cleaning_tasks_000090_jpg.rf.917122d32d26d2dae911d4c34d1cabe1.jpg
train__cleaning_tasks_000145_jpg.jpg,train__cleaning_tasks_000145_jpg.txt,train,cleaning_tasks_000145_jpg.rf.d10cf49f9cf8282fbffb2128878b37fb,cleaning_tasks_000145_jpg.rf.d10cf49f9cf8282fbffb2128878b37fb.jpg,/home/constantin/Doctorat/GunDatasetNoAugSplit/train/images/cleaning_tasks_000145_jpg.rf.d10cf49f9cf8282fbffb2128878b37fb.jpg
train__cleaning_tasks_000202_jpg.jpg,train__cleaning_tasks_000202_jpg.txt,train,cleaning_tasks_000202_jpg.rf.49c8d535b90703c2c087180eeec2178f,cleaning_tasks_000202_jpg.rf.49c8d535b90703c2c087180eeec2178f.jpg,/home/constantin/Doctorat/GunDatasetNoAugSplit/train/images/cleaning_tasks_000202_jpg.rf.49c8d535b90703c2c087180eeec2178f.jpg
train__cleaning_tasks_000206_jpg.jpg,train__cleaning_tasks_000206_jpg.txt,train,cleaning_tasks_000206_jpg.rf.2892ec19db05ed6b995d0d684d8d00b9,cleaning_tasks_000206_jpg.rf.2892ec19db05ed6b995d0d684d8d00b9.jpg,/home/constantin/Doctorat/GunDatasetNoAugSplit/train/images/cleaning_tasks_000206_jpg.rf.2892ec19db05ed6b995d0d684d8d00b9.jpg
train__cleaning_tasks_000213_jpg.jpg,train__cleaning_tasks_000213_jpg.txt,train,cleaning_tasks_000213_jpg.rf.565bfc1248bdc78a1f04b6fc8567a09d,cleaning_tasks_000213_jpg.rf.565bfc1248bdc78a1f04b6fc8567a09d.jpg,/home/constantin/Doctorat/GunDatasetNoAugSplit/train/images/cleaning_tasks_000213_jpg.rf.565bfc1248bdc78a1f04b6fc8567a09d.jpg
train__cleaning_tasks_000217_jpg.jpg,train__cleaning_tasks_000217_jpg.txt,train,cleaning_tasks_000217_jpg.rf.5ee498560b3dc93d701d3f0523228beb,cleaning_tasks_000217_jpg.rf.5ee498560b3dc93d701d3f0523228beb.jpg,/home/constantin/Doctorat/GunDatasetNoAugSplit/train/images/cleaning_tasks_000217_jpg.rf.5ee498560b3dc93d701d3f0523228beb.jpg
train__cleaning_tasks_000244_jpg.jpg,train__cleaning_tasks_000244_jpg.txt,train,cleaning_tasks_000244_jpg.rf.edc743033b4e1185b2b92db7e4faa98f,cleaning_tasks_000244_jpg.rf.edc743033b4e1185b2b92db7e4faa98f.jpg,/home/constantin/Doctorat/GunDatasetNoAugSplit/train/images/cleaning_tasks_000244_jpg.rf.edc743033b4e1185b2b92db7e4faa98f.jpg
train__cleaning_tasks_000262_jpg.jpg,train__cleaning_tasks_000262_jpg.txt,train,cleaning_tasks_000262_jpg.rf.c7464366c002c72adbdae64d605a7466,cleaning_tasks_000262_jpg.rf.c7464366c002c72adbdae64d605a7466.jpg,/home/constantin/Doctorat/GunDatasetNoAugSplit/train/images/cleaning_tasks_000262_jpg.rf.c7464366c002c72adbdae64d605a7466.jpg
train__cleaning_tasks_000297_jpg.jpg,train__cleaning_tasks_000297_jpg.txt,train,cleaning_tasks_000297_jpg.rf.180c7a75255c4f1d8baa7fb01e4b1346,cleaning_tasks_000297_jpg.rf.180c7a75255c4f1d8baa7fb01e4b1346.jpg,/home/constantin/Doctorat/GunDatasetNoAugSplit/train/images/cleaning_tasks_000297_jpg.rf.180c7a75255c4f1d8baa7fb01e4b1346.jpg
train__cleaning_tasks_000306_jpg.jpg,train__cleaning_tasks_000306_jpg.txt,train,cleaning_tasks_000306_jpg.rf.d6cad0cbb67a5f6eac38444eae1089e5,cleaning_tasks_000306_jpg.rf.d6cad0cbb67a5f6eac38444eae1089e5.jpg,/home/constantin/Doctorat/GunDatasetNoAugSplit/train/images/cleaning_tasks_000306_jpg.rf.d6cad0cbb67a5f6eac38444eae1089e5.jpg
train__cleaning_tasks_000328_jpg.jpg,train__cleaning_tasks_000328_jpg.txt,train,cleaning_tasks_000328_jpg.rf.a22c1e08205c9066842f7d2127025489,cleaning_tasks_000328_jpg.rf.a22c1e08205c9066842f7d2127025489.jpg,/home/constantin/Doctorat/GunDatasetNoAugSplit/train/images/cleaning_tasks_000328_jpg.rf.a22c1e08205c9066842f7d2127025489.jpg
train__cleaning_tasks_000349_jpg.jpg,train__cleaning_tasks_000349_jpg.txt,train,cleaning_tasks_000349_jpg.rf.e00dbf080c69457af3be69c19ab121f6,cleaning_tasks_000349_jpg.rf.e00dbf080c69457af3be69c19ab121f6.jpg,/home/constantin/Doctorat/GunDatasetNoAugSplit/train/images/cleaning_tasks_000349_jpg.rf.e00dbf080c69457af3be69c19ab121f6.jpg
train__cleaning_tasks_000352_jpg.jpg,train__cleaning_tasks_000352_jpg.txt,train,cleaning_tasks_000352_jpg.rf.7172bcd9e5a1dd0ae1c2bc007405be35,cleaning_tasks_000352_jpg.rf.7172bcd9e5a1dd0ae1c2bc007405be35.jpg,/home/constantin/Doctorat/GunDatasetNoAugSplit/train/images/cleaning_tasks_000352_jpg.rf.7172bcd9e5a1dd0ae1c2bc007405be35.jpg
train__cleaning_tasks_000703_jpg.jpg,train__cleaning_tasks_000703_jpg.txt,train,cleaning_tasks_000703_jpg.rf.dfdb6bbb4501a7089ea6e09f73dcf79a,cleaning_tasks_000703_jpg.rf.dfdb6bbb4501a7089ea6e09f73dcf79a.jpg,/home/constantin/Doctorat/GunDatasetNoAugSplit/train/images/cleaning_tasks_000703_jpg.rf.dfdb6bbb4501a7089ea6e09f73dcf79a.jpg
train__cleaning_tasks_000740_jpg.jpg,train__cleaning_tasks_000740_jpg.txt,train,cleaning_tasks_000740_jpg.rf.0905c3476fdd89bfd48476d543194b81,cleaning_tasks_000740_jpg.rf.0905c3476fdd89bfd48476d543194b81.jpg,/home/constantin/Doctorat/GunDatasetNoAugSplit/train/images/cleaning_tasks_000740_jpg.rf.0905c3476fdd89bfd48476d543194b81.jpg
train__cleaning_tasks_000764_jpg.jpg,train__cleaning_tasks_000764_jpg.txt,train,cleaning_tasks_000764_jpg.rf.65de783f3a8c22b152dc2cc9b74ed9fa,cleaning_tasks_000764_jpg.rf.65de783f3a8c22b152dc2cc9b74ed9fa.jpg,/home/constantin/Doctorat/GunDatasetNoAugSplit/train/images/cleaning_tasks_000764_jpg.rf.65de783f3a8c22b152dc2cc9b74ed9fa.jpg
train__cleaning_tasks_000781_jpg.jpg,train__cleaning_tasks_000781_jpg.txt,train,cleaning_tasks_000781_jpg.rf.da72ca976d20a7ffd88684476976259d,cleaning_tasks_000781_jpg.rf.da72ca976d20a7ffd88684476976259d.jpg,/home/constantin/Doctorat/GunDatasetNoAugSplit/train/images/cleaning_tasks_000781_jpg.rf.da72ca976d20a7ffd88684476976259d.jpg
train__cleaning_tasks_000944_jpg.jpg,train__cleaning_tasks_000944_jpg.txt,train,cleaning_tasks_000944_jpg.rf.ed4b12b3fef6a7822cfd86c96dc17807,cleaning_tasks_000944_jpg.rf.ed4b12b3fef6a7822cfd86c96dc17807.jpg,/home/constantin/Doctorat/GunDatasetNoAugSplit/train/images/cleaning_tasks_000944_jpg.rf.ed4b12b3fef6a7822cfd86c96dc17807.jpg
train__cleaning_tasks_000945_jpg.jpg,train__cleaning_tasks_000945_jpg.txt,train,cleaning_tasks_000945_jpg.rf.b7d4c2693dd38826d4ffa1e20daadfe5,cleaning_tasks_000945_jpg.rf.b7d4c2693dd38826d4ffa1e20daadfe5.jpg,/home/constantin/Doctorat/GunDatasetNoAugSplit/train/images/cleaning_tasks_000945_jpg.rf.b7d4c2693dd38826d4ffa1e20daadfe5.jpg
train__cleaning_tasks_000948_jpg.jpg,train__cleaning_tasks_000948_jpg.txt,train,cleaning_tasks_000948_jpg.rf.07a46ac8dab771a9bc676718880fad8f,cleaning_tasks_000948_jpg.rf.07a46ac8dab771a9bc676718880fad8f.jpg,/home/constantin/Doctorat/GunDatasetNoAugSplit/train/images/cleaning_tasks_000948_jpg.rf.07a46ac8dab771a9bc676718880fad8f.jpg
train__cleaning_tasks_000959_jpg.jpg,train__cleaning_tasks_000959_jpg.txt,train,cleaning_tasks_000959_jpg.rf.00c765a269a22726c1e4a4ecfd5bbf1b,cleaning_tasks_000959_jpg.rf.00c765a269a22726c1e4a4ecfd5bbf1b.jpg,/home/constantin/Doctorat/GunDatasetNoAugSplit/train/images/cleaning_tasks_000959_jpg.rf.00c765a269a22726c1e4a4ecfd5bbf1b.jpg
train__cleaning_tasks_000968_jpg.jpg,train__cleaning_tasks_000968_jpg.txt,train,cleaning_tasks_000968_jpg.rf.625467de60e3877cb4cbb699f1e5f40e,cleaning_tasks_000968_jpg.rf.625467de60e3877cb4cbb699f1e5f40e.jpg,/home/constantin/Doctorat/GunDatasetNoAugSplit/train/images/cleaning_tasks_000968_jpg.rf.625467de60e3877cb4cbb699f1e5f40e.jpg
train__cleaning_tasks_000970_jpg.jpg,train__cleaning_tasks_000970_jpg.txt,train,cleaning_tasks_000970_jpg.rf.db533231db4506fe966f803682f6c6f3,cleaning_tasks_000970_jpg.rf.db533231db4506fe966f803682f6c6f3.jpg,/home/constantin/Doctorat/GunDatasetNoAugSplit/train/images/cleaning_tasks_000970_jpg.rf.db533231db4506fe966f803682f6c6f3.jpg
train__cleaning_tasks_000973_jpg.jpg,train__cleaning_tasks_000973_jpg.txt,train,cleaning_tasks_000973_jpg.rf.04f9c0267429c381c7afb02adddc67ae,cleaning_tasks_000973_jpg.rf.04f9c0267429c381c7afb02adddc67ae.jpg,/home/constantin/Doctorat/GunDatasetNoAugSplit/train/images/cleaning_tasks_000973_jpg.rf.04f9c0267429c381c7afb02adddc67ae.jpg
train__cleaning_tasks_000985_jpg.jpg,train__cleaning_tasks_000985_jpg.txt,train,cleaning_tasks_000985_jpg.rf.3f85520509c0cbbec328fdfd41382898,cleaning_tasks_000985_jpg.rf.3f85520509c0cbbec328fdfd41382898.jpg,/home/constantin/Doctorat/GunDatasetNoAugSplit/train/images/cleaning_tasks_000985_jpg.rf.3f85520509c0cbbec328fdfd41382898.jpg
train__cleaning_tasks_001046_jpg.jpg,train__cleaning_tasks_001046_jpg.txt,train,cleaning_tasks_001046_jpg.rf.b33d16492241f3ea8295452cb14ae509,cleaning_tasks_001046_jpg.rf.b33d16492241f3ea8295452cb14ae509.jpg,/home/constantin/Doctorat/GunDatasetNoAugSplit/train/images/cleaning_tasks_001046_jpg.rf.b33d16492241f3ea8295452cb14ae509.jpg
train__cleaning_tasks_001078_jpg.jpg,train__cleaning_tasks_001078_jpg.txt,train,cleaning_tasks_001078_jpg.rf.e8ad009adf5bbf0d270c6d58e38b46b8,cleaning_tasks_001078_jpg.rf.e8ad009adf5bbf0d270c6d58e38b46b8.jpg,/home/constantin/Doctorat/GunDatasetNoAugSplit/train/images/cleaning_tasks_001078_jpg.rf.e8ad009adf5bbf0d270c6d58e38b46b8.jpg
train__cleaning_tasks_001121_jpg.jpg,train__cleaning_tasks_001121_jpg.txt,train,cleaning_tasks_001121_jpg.rf.46f71bf88d962145df78e26a61826e07,cleaning_tasks_001121_jpg.rf.46f71bf88d962145df78e26a61826e07.jpg,/home/constantin/Doctorat/GunDatasetNoAugSplit/train/images/cleaning_tasks_001121_jpg.rf.46f71bf88d962145df78e26a61826e07.jpg
train__cleaning_tasks_001161_jpg.jpg,train__cleaning_tasks_001161_jpg.txt,train,cleaning_tasks_001161_jpg.rf.4c8bc043c05631facb1ceb9cb9f3536d,cleaning_tasks_001161_jpg.rf.4c8bc043c05631facb1ceb9cb9f3536d.jpg,/home/constantin/Doctorat/GunDatasetNoAugSplit/train/images/cleaning_tasks_001161_jpg.rf.4c8bc043c05631facb1ceb9cb9f3536d.jpg
train__cleaning_tasks_001263_jpg.jpg,train__cleaning_tasks_001263_jpg.txt,train,cleaning_tasks_001263_jpg.rf.cef6bd07e1f2e7bdbcb150a06372ccda,cleaning_tasks_001263_jpg.rf.cef6bd07e1f2e7bdbcb150a06372ccda.jpg,/home/constantin/Doctorat/GunDatasetNoAugSplit/train/images/cleaning_tasks_001263_jpg.rf.cef6bd07e1f2e7bdbcb150a06372ccda.jpg
train__cleaning_tasks_001269_jpg.jpg,train__cleaning_tasks_001269_jpg.txt,train,cleaning_tasks_001269_jpg.rf.88395a5bf1db09a1246de52c5615cc2a,cleaning_tasks_001269_jpg.rf.88395a5bf1db09a1246de52c5615cc2a.jpg,/home/constantin/Doctorat/GunDatasetNoAugSplit/train/images/cleaning_tasks_001269_jpg.rf.88395a5bf1db09a1246de52c5615cc2a.jpg
train__cleaning_tasks_001290_jpg.jpg,train__cleaning_tasks_001290_jpg.txt,train,cleaning_tasks_001290_jpg.rf.d0e1b4a5f8bb651ed929c408fad4b828,cleaning_tasks_001290_jpg.rf.d0e1b4a5f8bb651ed929c408fad4b828.jpg,/home/constantin/Doctorat/GunDatasetNoAugSplit/train/images/cleaning_tasks_001290_jpg.rf.d0e1b4a5f8bb651ed929c408fad4b828.jpg
train__cleaning_tasks_001320_jpg.jpg,train__cleaning_tasks_001320_jpg.txt,train,cleaning_tasks_001320_jpg.rf.702a71951393daf125eb4850deefab45,cleaning_tasks_001320_jpg.rf.702a71951393daf125eb4850deefab45.jpg,/home/constantin/Doctorat/GunDatasetNoAugSplit/train/images/cleaning_tasks_001320_jpg.rf.702a71951393daf125eb4850deefab45.jpg
train__cleaning_tasks_001373_jpg.jpg,train__cleaning_tasks_001373_jpg.txt,train,cleaning_tasks_001373_jpg.rf.8685a9ed5ea236da881f48f72585677b,cleaning_tasks_001373_jpg.rf.8685a9ed5ea236da881f48f72585677b.jpg,/home/constantin/Doctorat/GunDatasetNoAugSplit/train/images/cleaning_tasks_001373_jpg.rf.8685a9ed5ea236da881f48f72585677b.jpg
train__cleaning_tasks_001390_jpg.jpg,train__cleaning_tasks_001390_jpg.txt,train,cleaning_tasks_001390_jpg.rf.d1f0f6c2ac958447b17f53fc01d8a301,cleaning_tasks_001390_jpg.rf.d1f0f6c2ac958447b17f53fc01d8a301.jpg,/home/constantin/Doctorat/GunDatasetNoAugSplit/train/images/cleaning_tasks_001390_jpg.rf.d1f0f6c2ac958447b17f53fc01d8a301.jpg
train__cleaning_tasks_001399_jpg.jpg,train__cleaning_tasks_001399_jpg.txt,train,cleaning_tasks_001399_jpg.rf.710abd39b22ffc461dedcacf54a42830,cleaning_tasks_001399_jpg.rf.710abd39b22ffc461dedcacf54a42830.jpg,/home/constantin/Doctorat/GunDatasetNoAugSplit/train/images/cleaning_tasks_001399_jpg.rf.710abd39b22ffc461dedcacf54a42830.jpg
train__cleaning_tasks_001449_jpg.jpg,train__cleaning_tasks_001449_jpg.txt,train,cleaning_tasks_001449_jpg.rf.92860fded14c707ea772afeffc975959,cleaning_tasks_001449_jpg.rf.92860fded14c707ea772afeffc975959.jpg,/home/constantin/Doctorat/GunDatasetNoAugSplit/train/images/cleaning_tasks_001449_jpg.rf.92860fded14c707ea772afeffc975959.jpg
train__cleaning_tasks_001450_jpg.jpg,train__cleaning_tasks_001450_jpg.txt,train,cleaning_tasks_001450_jpg.rf.717b3564706b1a208c5e96cd662e6283,cleaning_tasks_001450_jpg.rf.717b3564706b1a208c5e96cd662e6283.jpg,/home/constantin/Doctorat/GunDatasetNoAugSplit/train/images/cleaning_tasks_001450_jpg.rf.717b3564706b1a208c5e96cd662e6283.jpg
train__cleaning_tasks_001484_jpg.jpg,train__cleaning_tasks_001484_jpg.txt,train,cleaning_tasks_001484_jpg.rf.0c78b6b73058e090606c0e25dec26737,cleaning_tasks_001484_jpg.rf.0c78b6b73058e090606c0e25dec26737.jpg,/home/constantin/Doctorat/GunDatasetNoAugSplit/train/images/cleaning_tasks_001484_jpg.rf.0c78b6b73058e090606c0e25dec26737.jpg
train__cleaning_tasks_001496_jpg.jpg,train__cleaning_tasks_001496_jpg.txt,train,cleaning_tasks_001496_jpg.rf.c1110ed95391b1c2d419b0e5fec0be19,cleaning_tasks_001496_jpg.rf.c1110ed95391b1c2d419b0e5fec0be19.jpg,/home/constantin/Doctorat/GunDatasetNoAugSplit/train/images/cleaning_tasks_001496_jpg.rf.c1110ed95391b1c2d419b0e5fec0be19.jpg
train__cleaning_tasks_001497_jpg.jpg,train__cleaning_tasks_001497_jpg.txt,train,cleaning_tasks_001497_jpg.rf.b7f14ad573b9a61570a53b6d3588620a,cleaning_tasks_001497_jpg.rf.b7f14ad573b9a61570a53b6d3588620a.jpg,/home/constantin/Doctorat/GunDatasetNoAugSplit/train/images/cleaning_tasks_001497_jpg.rf.b7f14ad573b9a61570a53b6d3588620a.jpg
train__cleaning_tasks_001538_jpg.jpg,train__cleaning_tasks_001538_jpg.txt,train,cleaning_tasks_001538_jpg.rf.3efc0fcfd2b2df0138ef698df3a0cb2a,cleaning_tasks_001538_jpg.rf.3efc0fcfd2b2df0138ef698df3a0cb2a.jpg,/home/constantin/Doctorat/GunDatasetNoAugSplit/train/images/cleaning_tasks_001538_jpg.rf.3efc0fcfd2b2df0138ef698df3a0cb2a.jpg
train__cleaning_tasks_001551_jpg.jpg,train__cleaning_tasks_001551_jpg.txt,train,cleaning_tasks_001551_jpg.rf.7f7ea8e681adadc3ed58d07ebd7de39d,cleaning_tasks_001551_jpg.rf.7f7ea8e681adadc3ed58d07ebd7de39d.jpg,/home/constantin/Doctorat/GunDatasetNoAugSplit/train/images/cleaning_tasks_001551_jpg.rf.7f7ea8e681adadc3ed58d07ebd7de39d.jpg
train__cleaning_tasks_001686_jpg.jpg,train__cleaning_tasks_001686_jpg.txt,train,cleaning_tasks_001686_jpg.rf.edd08f3b16dd22b2e86d00714e8539d4,cleaning_tasks_001686_jpg.rf.edd08f3b16dd22b2e86d00714e8539d4.jpg,/home/constantin/Doctorat/GunDatasetNoAugSplit/train/images/cleaning_tasks_001686_jpg.rf.edd08f3b16dd22b2e86d00714e8539d4.jpg
train__cleaning_tasks_001731_jpg.jpg,train__cleaning_tasks_001731_jpg.txt,train,cleaning_tasks_001731_jpg.rf.8870e4568fb42ba323c9843293f63859,cleaning_tasks_001731_jpg.rf.8870e4568fb42ba323c9843293f63859.jpg,/home/constantin/Doctorat/GunDatasetNoAugSplit/train/images/cleaning_tasks_001731_jpg.rf.8870e4568fb42ba323c9843293f63859.jpg
train__cleaning_tasks_001774_jpg.jpg,train__cleaning_tasks_001774_jpg.txt,train,cleaning_tasks_001774_jpg.rf.aa70514fec5e0352183e86967f4eb6bc,cleaning_tasks_001774_jpg.rf.aa70514fec5e0352183e86967f4eb6bc.jpg,/home/constantin/Doctorat/GunDatasetNoAugSplit/train/images/cleaning_tasks_001774_jpg.rf.aa70514fec5e0352183e86967f4eb6bc.jpg
train__cleaning_tasks_001830_jpg.jpg,train__cleaning_tasks_001830_jpg.txt,train,cleaning_tasks_001830_jpg.rf.1ab04ad94ddeefd058ff6ca733aba6e2,cleaning_tasks_001830_jpg.rf.1ab04ad94ddeefd058ff6ca733aba6e2.jpg,/home/constantin/Doctorat/GunDatasetNoAugSplit/train/images/cleaning_tasks_001830_jpg.rf.1ab04ad94ddeefd058ff6ca733aba6e2.jpg
train__cleaning_tasks_001846_jpg.jpg,train__cleaning_tasks_001846_jpg.txt,train,cleaning_tasks_001846_jpg.rf.8c4cd81cc7ae0018ad0f7d9a6bf32b94,cleaning_tasks_001846_jpg.rf.8c4cd81cc7ae0018ad0f7d9a6bf32b94.jpg,/home/constantin/Doctorat/GunDatasetNoAugSplit/train/images/cleaning_tasks_001846_jpg.rf.8c4cd81cc7ae0018ad0f7d9a6bf32b94.jpg
train__cleaning_tasks_001861_jpg.jpg,train__cleaning_tasks_001861_jpg.txt,train,cleaning_tasks_001861_jpg.rf.a1e33f64e2f55f67f18129aef0dba8eb,cleaning_tasks_001861_jpg.rf.a1e33f64e2f55f67f18129aef0dba8eb.jpg,/home/constantin/Doctorat/GunDatasetNoAugSplit/train/images/cleaning_tasks_001861_jpg.rf.a1e33f64e2f55f67f18129aef0dba8eb.jpg
train__cleaning_tasks_001862_jpeg.jpg,train__cleaning_tasks_001862_jpeg.txt,train,cleaning_tasks_001862_jpeg.rf.0060a8697d0ab300af44e65117dbc1c2,cleaning_tasks_001862_jpeg.rf.0060a8697d0ab300af44e65117dbc1c2.jpg,/home/constantin/Doctorat/GunDatasetNoAugSplit/train/images/cleaning_tasks_001862_jpeg.rf.0060a8697d0ab300af44e65117dbc1c2.jpg
train__cleaning_tasks_001874_jpg.jpg,train__cleaning_tasks_001874_jpg.txt,train,cleaning_tasks_001874_jpg.rf.970769e35a1db96952ab43792e16ce22,cleaning_tasks_001874_jpg.rf.970769e35a1db96952ab43792e16ce22.jpg,/home/constantin/Doctorat/GunDatasetNoAugSplit/train/images/cleaning_tasks_001874_jpg.rf.970769e35a1db96952ab43792e16ce22.jpg
train__cleaning_tasks_001894_jpg.jpg,train__cleaning_tasks_001894_jpg.txt,train,cleaning_tasks_001894_jpg.rf.e4aeb41d2b38344dca15317af843dc06,cleaning_tasks_001894_jpg.rf.e4aeb41d2b38344dca15317af843dc06.jpg,/home/constantin/Doctorat/GunDatasetNoAugSplit/train/images/cleaning_tasks_001894_jpg.rf.e4aeb41d2b38344dca15317af843dc06.jpg
train__cleaning_tasks_001896_jpg.jpg,train__cleaning_tasks_001896_jpg.txt,train,cleaning_tasks_001896_jpg.rf.3d00ab54e2d4cd8424c97f3cdcea5c69,cleaning_tasks_001896_jpg.rf.3d00ab54e2d4cd8424c97f3cdcea5c69.jpg,/home/constantin/Doctorat/GunDatasetNoAugSplit/train/images/cleaning_tasks_001896_jpg.rf.3d00ab54e2d4cd8424c97f3cdcea5c69.jpg
train__cleaning_tasks_001905_jpg.jpg,train__cleaning_tasks_001905_jpg.txt,train,cleaning_tasks_001905_jpg.rf.6f2983b8129b895a98fef88f24f1898c,cleaning_tasks_001905_jpg.rf.6f2983b8129b895a98fef88f24f1898c.jpg,/home/constantin/Doctorat/GunDatasetNoAugSplit/train/images/cleaning_tasks_001905_jpg.rf.6f2983b8129b895a98fef88f24f1898c.jpg
train__cleaning_tasks_001928_jpg.jpg,train__cleaning_tasks_001928_jpg.txt,train,cleaning_tasks_001928_jpg.rf.58d8125f0338976603a76ccdf497cd48,cleaning_tasks_001928_jpg.rf.58d8125f0338976603a76ccdf497cd48.jpg,/home/constantin/Doctorat/GunDatasetNoAugSplit/train/images/cleaning_tasks_001928_jpg.rf.58d8125f0338976603a76ccdf497cd48.jpg
train__cleaning_tasks_001936_jpg.jpg,train__cleaning_tasks_001936_jpg.txt,train,cleaning_tasks_001936_jpg.rf.4237658dfd661152f023e8d9fc1143ee,cleaning_tasks_001936_jpg.rf.4237658dfd661152f023e8d9fc1143ee.jpg,/home/constantin/Doctorat/GunDatasetNoAugSplit/train/images/cleaning_tasks_001936_jpg.rf.4237658dfd661152f023e8d9fc1143ee.jpg
train__cleaning_tasks_001954_jpg.jpg,train__cleaning_tasks_001954_jpg.txt,train,cleaning_tasks_001954_jpg.rf.46222b21b2e24705bad570972522170c,cleaning_tasks_001954_jpg.rf.46222b21b2e24705bad570972522170c.jpg,/home/constantin/Doctorat/GunDatasetNoAugSplit/train/images/cleaning_tasks_001954_jpg.rf.46222b21b2e24705bad570972522170c.jpg
train__cleaning_tasks_001962_jpg.jpg,train__cleaning_tasks_001962_jpg.txt,train,cleaning_tasks_001962_jpg.rf.5676b0bcbaa4818f72909703d85e18b6,cleaning_tasks_001962_jpg.rf.5676b0bcbaa4818f72909703d85e18b6.jpg,/home/constantin/Doctorat/GunDatasetNoAugSplit/train/images/cleaning_tasks_001962_jpg.rf.5676b0bcbaa4818f72909703d85e18b6.jpg
train__cleaning_tasks_001965_jpg.jpg,train__cleaning_tasks_001965_jpg.txt,train,cleaning_tasks_001965_jpg.rf.2f9bfc7c88408a2661408b9474ae1b90,cleaning_tasks_001965_jpg.rf.2f9bfc7c88408a2661408b9474ae1b90.jpg,/home/constantin/Doctorat/GunDatasetNoAugSplit/train/images/cleaning_tasks_001965_jpg.rf.2f9bfc7c88408a2661408b9474ae1b90.jpg
train__cleaning_tasks_001984_jpg.jpg,train__cleaning_tasks_001984_jpg.txt,train,cleaning_tasks_001984_jpg.rf.47274d4aa9c72ad505ff96e45b494fc8,cleaning_tasks_001984_jpg.rf.47274d4aa9c72ad505ff96e45b494fc8.jpg,/home/constantin/Doctorat/GunDatasetNoAugSplit/train/images/cleaning_tasks_001984_jpg.rf.47274d4aa9c72ad505ff96e45b494fc8.jpg
train__cleaning_tasks_001988_jpg.jpg,train__cleaning_tasks_001988_jpg.txt,train,cleaning_tasks_001988_jpg.rf.fe4405531e6d6fb4fea81eaf9a0d19e0,cleaning_tasks_001988_jpg.rf.fe4405531e6d6fb4fea81eaf9a0d19e0.jpg,/home/constantin/Doctorat/GunDatasetNoAugSplit/train/images/cleaning_tasks_001988_jpg.rf.fe4405531e6d6fb4fea81eaf9a0d19e0.jpg
train__cleaning_tasks_002009_jpg.jpg,train__cleaning_tasks_002009_jpg.txt,train,cleaning_tasks_002009_jpg.rf.ed6fe5275d1caf1f7e896373a32fb35f,cleaning_tasks_002009_jpg.rf.ed6fe5275d1caf1f7e896373a32fb35f.jpg,/home/constantin/Doctorat/GunDatasetNoAugSplit/train/images/cleaning_tasks_002009_jpg.rf.ed6fe5275d1caf1f7e896373a32fb35f.jpg
train__cleaning_tasks_002010_jpg.jpg,train__cleaning_tasks_002010_jpg.txt,train,cleaning_tasks_002010_jpg.rf.6f9dd0fdc70354bf49a49b028ae06b11,cleaning_tasks_002010_jpg.rf.6f9dd0fdc70354bf49a49b028ae06b11.jpg,/home/constantin/Doctorat/GunDatasetNoAugSplit/train/images/cleaning_tasks_002010_jpg.rf.6f9dd0fdc70354bf49a49b028ae06b11.jpg
train__cleaning_tasks_002011_jpg.jpg,train__cleaning_tasks_002011_jpg.txt,train,cleaning_tasks_002011_jpg.rf.9c4f6c0f06582c652c8336170b616441,cleaning_tasks_002011_jpg.rf.9c4f6c0f06582c652c8336170b616441.jpg,/home/constantin/Doctorat/GunDatasetNoAugSplit/train/images/cleaning_tasks_002011_jpg.rf.9c4f6c0f06582c652c8336170b616441.jpg
train__cleaning_tasks_002048_jpg.jpg,train__cleaning_tasks_002048_jpg.txt,train,cleaning_tasks_002048_jpg.rf.a122dd37a97095be28ed06373cccf3f9,cleaning_tasks_002048_jpg.rf.a122dd37a97095be28ed06373cccf3f9.jpg,/home/constantin/Doctorat/GunDatasetNoAugSplit/train/images/cleaning_tasks_002048_jpg.rf.a122dd37a97095be28ed06373cccf3f9.jpg
train__cleaning_tasks_002059_jpg.jpg,train__cleaning_tasks_002059_jpg.txt,train,cleaning_tasks_002059_jpg.rf.398aad845158d867714828d3e41bbc95,cleaning_tasks_002059_jpg.rf.398aad845158d867714828d3e41bbc95.jpg,/home/constantin/Doctorat/GunDatasetNoAugSplit/train/images/cleaning_tasks_002059_jpg.rf.398aad845158d867714828d3e41bbc95.jpg
train__d26378b5a144719d0d2b18cdb52b7755_jpg.jpg,train__d26378b5a144719d0d2b18cdb52b7755_jpg.txt,train,d26378b5a144719d0d2b18cdb52b7755_jpg.rf.dd314a9981a4d6a57c5a2ba96946fe1c,d26378b5a144719d0d2b18cdb52b7755_jpg.rf.dd314a9981a4d6a57c5a2ba96946fe1c.jpg,/home/constantin/Doctorat/GunDatasetNoAugSplit/train/images/d26378b5a144719d0d2b18cdb52b7755_jpg.rf.dd314a9981a4d6a57c5a2ba96946fe1c.jpg
train__d3383dc68a02a34d_jpg.jpg,train__d3383dc68a02a34d_jpg.txt,train,d3383dc68a02a34d_jpg.rf.7ec5bf98c910cf0a5a7dfd02edfe647d,d3383dc68a02a34d_jpg.rf.7ec5bf98c910cf0a5a7dfd02edfe647d.jpg,/home/constantin/Doctorat/GunDatasetNoAugSplit/train/images/d3383dc68a02a34d_jpg.rf.7ec5bf98c910cf0a5a7dfd02edfe647d.jpg
train__d4da061a306b1577_jpg.jpg,train__d4da061a306b1577_jpg.txt,train,d4da061a306b1577_jpg.rf.f6859edd9ea33543826beccfa78b91a2,d4da061a306b1577_jpg.rf.f6859edd9ea33543826beccfa78b91a2.jpg,/home/constantin/Doctorat/GunDatasetNoAugSplit/train/images/d4da061a306b1577_jpg.rf.f6859edd9ea33543826beccfa78b91a2.jpg
train__d8cb267193521602_jpg.jpg,train__d8cb267193521602_jpg.txt,train,d8cb267193521602_jpg.rf.ed8ba5b18476d6462d33a650277c26ee,d8cb267193521602_jpg.rf.ed8ba5b18476d6462d33a650277c26ee.jpg,/home/constantin/Doctorat/GunDatasetNoAugSplit/train/images/d8cb267193521602_jpg.rf.ed8ba5b18476d6462d33a650277c26ee.jpg
train__den-of-thieves2018-final-gun-fight-with-police-movie-cube01851_jpg.jpg,train__den-of-thieves2018-final-gun-fight-with-police-movie-cube01851_jpg.txt,train,den-of-thieves2018-final-gun-fight-with-police-movie-cube01851_jpg.rf.5006ec5b721ea1c753518b0b5f89e934,den-of-thieves2018-final-gun-fight-with-police-movie-cube01851_jpg.rf.5006ec5b721ea1c753518b0b5f89e934.jpg,/home/constantin/Doctorat/GunDatasetNoAugSplit/train/images/den-of-thieves2018-final-gun-fight-with-police-movie-cube01851_jpg.rf.5006ec5b721ea1c753518b0b5f89e934.jpg
train__den-of-thieves2018-final-gun-fight-with-police-movie-cube03061_jpg.jpg,train__den-of-thieves2018-final-gun-fight-with-police-movie-cube03061_jpg.txt,train,den-of-thieves2018-final-gun-fight-with-police-movie-cube03061_jpg.rf.debc6d79aa47ad8b6c19f0e71d0d6a26,den-of-thieves2018-final-gun-fight-with-police-movie-cube03061_jpg.rf.debc6d79aa47ad8b6c19f0e71d0d6a26.jpg,/home/constantin/Doctorat/GunDatasetNoAugSplit/train/images/den-of-thieves2018-final-gun-fight-with-police-movie-cube03061_jpg.rf.debc6d79aa47ad8b6c19f0e71d0d6a26.jpg
train__deyne9m-83ee3bdd-5881-434e-82d3-d45058d8861b_jpg.jpg,train__deyne9m-83ee3bdd-5881-434e-82d3-d45058d8861b_jpg.txt,train,deyne9m-83ee3bdd-5881-434e-82d3-d45058d8861b_jpg.rf.ec30d9556b3a326a49afdbc011fc4df0,deyne9m-83ee3bdd-5881-434e-82d3-d45058d8861b_jpg.rf.ec30d9556b3a326a49afdbc011fc4df0.jpg,/home/constantin/Doctorat/GunDatasetNoAugSplit/train/images/deyne9m-83ee3bdd-5881-434e-82d3-d45058d8861b_jpg.rf.ec30d9556b3a326a49afdbc011fc4df0.jpg
train__ed0db455-3824-4b8c-bbae-b71ec2ebbed0_jpg.jpg,train__ed0db455-3824-4b8c-bbae-b71ec2ebbed0_jpg.txt,train,ed0db455-3824-4b8c-bbae-b71ec2ebbed0_jpg.rf.231cbf9de3ae9acb3082c91e8b707223,ed0db455-3824-4b8c-bbae-b71ec2ebbed0_jpg.rf.231cbf9de3ae9acb3082c91e8b707223.jpg,/home/constantin/Doctorat/GunDatasetNoAugSplit/train/images/ed0db455-3824-4b8c-bbae-b71ec2ebbed0_jpg.rf.231cbf9de3ae9acb3082c91e8b707223.jpg
train__eee0fb20f1d036db_jpg.jpg,train__eee0fb20f1d036db_jpg.txt,train,eee0fb20f1d036db_jpg.rf.0b613e70ca73454b7ba319c71c4b32fd,eee0fb20f1d036db_jpg.rf.0b613e70ca73454b7ba319c71c4b32fd.jpg,/home/constantin/Doctorat/GunDatasetNoAugSplit/train/images/eee0fb20f1d036db_jpg.rf.0b613e70ca73454b7ba319c71c4b32fd.jpg
train__f7fbcfc9c633acb26461a0a35a957889_jpg.jpg,train__f7fbcfc9c633acb26461a0a35a957889_jpg.txt,train,f7fbcfc9c633acb26461a0a35a957889_jpg.rf.46e9da7bdffc87b93953359946a9c542,f7fbcfc9c633acb26461a0a35a957889_jpg.rf.46e9da7bdffc87b93953359946a9c542.jpg,/home/constantin/Doctorat/GunDatasetNoAugSplit/train/images/f7fbcfc9c633acb26461a0a35a957889_jpg.rf.46e9da7bdffc87b93953359946a9c542.jpg
train__flashlight_or_cigarette_003260_jpg.jpg,train__flashlight_or_cigarette_003260_jpg.txt,train,flashlight_or_cigarette_003260_jpg.rf.a238542f060c7b9e50d696e032b0c698,flashlight_or_cigarette_003260_jpg.rf.a238542f060c7b9e50d696e032b0c698.jpg,/home/constantin/Doctorat/GunDatasetNoAugSplit/train/images/flashlight_or_cigarette_003260_jpg.rf.a238542f060c7b9e50d696e032b0c698.jpg
train__frame0-07-44-00_jpg.jpg,train__frame0-07-44-00_jpg.txt,train,frame0-07-44-00_jpg.rf.ec08b7964f179153b5740c25dcbd3b2f,frame0-07-44-00_jpg.rf.ec08b7964f179153b5740c25dcbd3b2f.jpg,/home/constantin/Doctorat/GunDatasetNoAugSplit/train/images/frame0-07-44-00_jpg.rf.ec08b7964f179153b5740c25dcbd3b2f.jpg
train__frame28_jpg.jpg,train__frame28_jpg.txt,train,frame28_jpg.rf.c72c2a6e76b5af618f14cb09ebdd55e7,frame28_jpg.rf.c72c2a6e76b5af618f14cb09ebdd55e7.jpg,/home/constantin/Doctorat/GunDatasetNoAugSplit/train/images/frame28_jpg.rf.c72c2a6e76b5af618f14cb09ebdd55e7.jpg
train__frame29_jpg.jpg,train__frame29_jpg.txt,train,frame29_jpg.rf.a3095fa6bda15aefca12f41a3e543727,frame29_jpg.rf.a3095fa6bda15aefca12f41a3e543727.jpg,/home/constantin/Doctorat/GunDatasetNoAugSplit/train/images/frame29_jpg.rf.a3095fa6bda15aefca12f41a3e543727.jpg
train__i-2-_jpg.jpg,train__i-2-_jpg.txt,train,i-2-_jpg.rf.b7a217076082c868c22b6e205b943ddd,i-2-_jpg.rf.b7a217076082c868c22b6e205b943ddd.jpg,/home/constantin/Doctorat/GunDatasetNoAugSplit/train/images/i-2-_jpg.rf.b7a217076082c868c22b6e205b943ddd.jpg
train__ia_100000000055_jpg.jpg,train__ia_100000000055_jpg.txt,train,ia_100000000055_jpg.rf.7578b8fd83c69ce389de123ed7f28c97,ia_100000000055_jpg.rf.7578b8fd83c69ce389de123ed7f28c97.jpg,/home/constantin/Doctorat/GunDatasetNoAugSplit/train/images/ia_100000000055_jpg.rf.7578b8fd83c69ce389de123ed7f28c97.jpg
train__ia_100000000113_jpg.jpg,train__ia_100000000113_jpg.txt,train,ia_100000000113_jpg.rf.f540cf069abaea5eb66ddd465a77f77f,ia_100000000113_jpg.rf.f540cf069abaea5eb66ddd465a77f77f.jpg,/home/constantin/Doctorat/GunDatasetNoAugSplit/train/images/ia_100000000113_jpg.rf.f540cf069abaea5eb66ddd465a77f77f.jpg
train__ia_200000010_jpg.jpg,train__ia_200000010_jpg.txt,train,ia_200000010_jpg.rf.454b98bfce1a462e842ea4aa3e8ac800,ia_200000010_jpg.rf.454b98bfce1a462e842ea4aa3e8ac800.jpg,/home/constantin/Doctorat/GunDatasetNoAugSplit/train/images/ia_200000010_jpg.rf.454b98bfce1a462e842ea4aa3e8ac800.jpg
train__ia_200000036_jpg.jpg,train__ia_200000036_jpg.txt,train,ia_200000036_jpg.rf.d9694eee09edff82399a06b52ff84dfb,ia_200000036_jpg.rf.d9694eee09edff82399a06b52ff84dfb.jpg,/home/constantin/Doctorat/GunDatasetNoAugSplit/train/images/ia_200000036_jpg.rf.d9694eee09edff82399a06b52ff84dfb.jpg
train__ia_200000046_jpg.jpg,train__ia_200000046_jpg.txt,train,ia_200000046_jpg.rf.d1f49fb68a565e48ec110a16021ba526,ia_200000046_jpg.rf.d1f49fb68a565e48ec110a16021ba526.jpg,/home/constantin/Doctorat/GunDatasetNoAugSplit/train/images/ia_200000046_jpg.rf.d1f49fb68a565e48ec110a16021ba526.jpg
train__ia_200000060_jpg.jpg,train__ia_200000060_jpg.txt,train,ia_200000060_jpg.rf.c677b1ecfb62e4f7cae6060741e04675,ia_200000060_jpg.rf.c677b1ecfb62e4f7cae6060741e04675.jpg,/home/constantin/Doctorat/GunDatasetNoAugSplit/train/images/ia_200000060_jpg.rf.c677b1ecfb62e4f7cae6060741e04675.jpg
train__ia_400002191_jpg.jpg,train__ia_400002191_jpg.txt,train,ia_400002191_jpg.rf.2c3fc2d851602374b67c3c1e42c78799,ia_400002191_jpg.rf.2c3fc2d851602374b67c3c1e42c78799.jpg,/home/constantin/Doctorat/GunDatasetNoAugSplit/train/images/ia_400002191_jpg.rf.2c3fc2d851602374b67c3c1e42c78799.jpg
train__imED5TG65D4FG654DF6G54D65F4G6D5F4G6D5age_jpg.jpg,train__imED5TG65D4FG654DF6G54D65F4G6D5F4G6D5age_jpg.txt,train,imED5TG65D4FG654DF6G54D65F4G6D5F4G6D5age_jpg.rf.d1a59eecdc780957f2c7c422b47a6de4,imED5TG65D4FG654DF6G54D65F4G6D5F4G6D5age_jpg.rf.d1a59eecdc780957f2c7c422b47a6de4.jpg,/home/constantin/Doctorat/GunDatasetNoAugSplit/train/images/imED5TG65D4FG654DF6G54D65F4G6D5F4G6D5age_jpg.rf.d1a59eecdc780957f2c7c422b47a6de4.jpg
train__images-1-_jpg.jpg,train__images-1-_jpg.txt,train,images-1-_jpg.rf.6b34a6e6aaf6bca581850143eb6151e9,images-1-_jpg.rf.6b34a6e6aaf6bca581850143eb6151e9.jpg,/home/constantin/Doctorat/GunDatasetNoAugSplit/train/images/images-1-_jpg.rf.6b34a6e6aaf6bca581850143eb6151e9.jpg
train__images103_jpeg.jpg,train__images103_jpeg.txt,train,images103_jpeg.rf.c898dc688684054de9a0ab9a15a99f83,images103_jpeg.rf.c898dc688684054de9a0ab9a15a99f83.jpg,/home/constantin/Doctorat/GunDatasetNoAugSplit/train/images/images103_jpeg.rf.c898dc688684054de9a0ab9a15a99f83.jpg
train__images114_jpeg.jpg,train__images114_jpeg.txt,train,images114_jpeg.rf.a94ef935bebab05f4d1b54a7e96031dd,images114_jpeg.rf.a94ef935bebab05f4d1b54a7e96031dd.jpg,/home/constantin/Doctorat/GunDatasetNoAugSplit/train/images/images114_jpeg.rf.a94ef935bebab05f4d1b54a7e96031dd.jpg
train__images28_jpeg.jpg,train__images28_jpeg.txt,train,images28_jpeg.rf.d041015e38eb69dd8c69893fa528263c,images28_jpeg.rf.d041015e38eb69dd8c69893fa528263c.jpg,/home/constantin/Doctorat/GunDatasetNoAugSplit/train/images/images28_jpeg.rf.d041015e38eb69dd8c69893fa528263c.jpg
train__images45_jpeg.jpg,train__images45_jpeg.txt,train,images45_jpeg.rf.972ac3eba3ccfa3ea66212806f7814e8,images45_jpeg.rf.972ac3eba3ccfa3ea66212806f7814e8.jpg,/home/constantin/Doctorat/GunDatasetNoAugSplit/train/images/images45_jpeg.rf.972ac3eba3ccfa3ea66212806f7814e8.jpg
train__images_jpeg_jpg.jpg,train__images_jpeg_jpg.txt,train,images_jpeg_jpg.rf.4661024216b8d006af323873ec97f385,images_jpeg_jpg.rf.4661024216b8d006af323873ec97f385.jpg,/home/constantin/Doctorat/GunDatasetNoAugSplit/train/images/images_jpeg_jpg.rf.4661024216b8d006af323873ec97f385.jpg
train__images_jpg.jpg,train__images_jpg.txt,train,images_jpg.rf.8a10a590104169385885c1ee9e83f0a3,images_jpg.rf.8a10a590104169385885c1ee9e83f0a3.jpg,/home/constantin/Doctorat/GunDatasetNoAugSplit/train/images/images_jpg.rf.8a10a590104169385885c1ee9e83f0a3.jpg
train__istockphoto-1155183795-1024x1024_jpg.jpg,train__istockphoto-1155183795-1024x1024_jpg.txt,train,istockphoto-1155183795-1024x1024_jpg.rf.6e3f32e942e1a6b2df7857302cadd100,istockphoto-1155183795-1024x1024_jpg.rf.6e3f32e942e1a6b2df7857302cadd100.jpg,/home/constantin/Doctorat/GunDatasetNoAugSplit/train/images/istockphoto-1155183795-1024x1024_jpg.rf.6e3f32e942e1a6b2df7857302cadd100.jpg
train__istockphoto-185056848-612x612_jpg.jpg,train__istockphoto-185056848-612x612_jpg.txt,train,istockphoto-185056848-612x612_jpg.rf.d4f6ee43a90f95b116848b648092f405,istockphoto-185056848-612x612_jpg.rf.d4f6ee43a90f95b116848b648092f405.jpg,/home/constantin/Doctorat/GunDatasetNoAugSplit/train/images/istockphoto-185056848-612x612_jpg.rf.d4f6ee43a90f95b116848b648092f405.jpg
train__istockphoto-502556122-612x612_jpg.jpg,train__istockphoto-502556122-612x612_jpg.txt,train,istockphoto-502556122-612x612_jpg.rf.8ce66d82b097c897cc94cfb87406aff8,istockphoto-502556122-612x612_jpg.rf.8ce66d82b097c897cc94cfb87406aff8.jpg,/home/constantin/Doctorat/GunDatasetNoAugSplit/train/images/istockphoto-502556122-612x612_jpg.rf.8ce66d82b097c897cc94cfb87406aff8.jpg
train__istockphoto-928191676-170667a_jpg.jpg,train__istockphoto-928191676-170667a_jpg.txt,train,istockphoto-928191676-170667a_jpg.rf.b69b1b6ca8c9a50054227402605e3c99,istockphoto-928191676-170667a_jpg.rf.b69b1b6ca8c9a50054227402605e3c99.jpg,/home/constantin/Doctorat/GunDatasetNoAugSplit/train/images/istockphoto-928191676-170667a_jpg.rf.b69b1b6ca8c9a50054227402605e3c99.jpg
train__knife_1039_jpg.jpg,train__knife_1039_jpg.txt,train,knife_1039_jpg.rf.3c79ef80c5e86331a96b4ef94fc00f95,knife_1039_jpg.rf.3c79ef80c5e86331a96b4ef94fc00f95.jpg,/home/constantin/Doctorat/GunDatasetNoAugSplit/train/images/knife_1039_jpg.rf.3c79ef80c5e86331a96b4ef94fc00f95.jpg
train__knife_326_jpg.jpg,train__knife_326_jpg.txt,train,knife_326_jpg.rf.1f4a5c3352da58cdb76788accf3a06c7,knife_326_jpg.rf.1f4a5c3352da58cdb76788accf3a06c7.jpg,/home/constantin/Doctorat/GunDatasetNoAugSplit/train/images/knife_326_jpg.rf.1f4a5c3352da58cdb76788accf3a06c7.jpg
train__knife_334_jpg.jpg,train__knife_334_jpg.txt,train,knife_334_jpg.rf.167088152be4bae2d9a58fd6befba006,knife_334_jpg.rf.167088152be4bae2d9a58fd6befba006.jpg,/home/constantin/Doctorat/GunDatasetNoAugSplit/train/images/knife_334_jpg.rf.167088152be4bae2d9a58fd6befba006.jpg
train__knife_336_jpg.jpg,train__knife_336_jpg.txt,train,knife_336_jpg.rf.f706e0d545b0f582da4d97e2027f7b20,knife_336_jpg.rf.f706e0d545b0f582da4d97e2027f7b20.jpg,/home/constantin/Doctorat/GunDatasetNoAugSplit/train/images/knife_336_jpg.rf.f706e0d545b0f582da4d97e2027f7b20.jpg
train__knife_412_jpg.jpg,train__knife_412_jpg.txt,train,knife_412_jpg.rf.c51b262fda53904984739d03157f76f0,knife_412_jpg.rf.c51b262fda53904984739d03157f76f0.jpg,/home/constantin/Doctorat/GunDatasetNoAugSplit/train/images/knife_412_jpg.rf.c51b262fda53904984739d03157f76f0.jpg
train__maxresdefault-6-_jpg.jpg,train__maxresdefault-6-_jpg.txt,train,maxresdefault-6-_jpg.rf.099aed4037ab8d054b1ac99a7ea316d6,maxresdefault-6-_jpg.rf.099aed4037ab8d054b1ac99a7ea316d6.jpg,/home/constantin/Doctorat/GunDatasetNoAugSplit/train/images/maxresdefault-6-_jpg.rf.099aed4037ab8d054b1ac99a7ea316d6.jpg
train__new0_png_jpg.jpg,train__new0_png_jpg.txt,train,new0_png_jpg.rf.a5a7d10944411c9ba2ae5f8ea0dc5589,new0_png_jpg.rf.a5a7d10944411c9ba2ae5f8ea0dc5589.jpg,/home/constantin/Doctorat/GunDatasetNoAugSplit/train/images/new0_png_jpg.rf.a5a7d10944411c9ba2ae5f8ea0dc5589.jpg
train__phone_use_000031_jpeg.jpg,train__phone_use_000031_jpeg.txt,train,phone_use_000031_jpeg.rf.5863e8850d33d55a46d63cfc2eec3192,phone_use_000031_jpeg.rf.5863e8850d33d55a46d63cfc2eec3192.jpg,/home/constantin/Doctorat/GunDatasetNoAugSplit/train/images/phone_use_000031_jpeg.rf.5863e8850d33d55a46d63cfc2eec3192.jpg
train__phone_use_000119_jpg.jpg,train__phone_use_000119_jpg.txt,train,phone_use_000119_jpg.rf.62fd010e2a1403b921846ecc024458a9,phone_use_000119_jpg.rf.62fd010e2a1403b921846ecc024458a9.jpg,/home/constantin/Doctorat/GunDatasetNoAugSplit/train/images/phone_use_000119_jpg.rf.62fd010e2a1403b921846ecc024458a9.jpg
train__phone_use_000417_jpg.jpg,train__phone_use_000417_jpg.txt,train,phone_use_000417_jpg.rf.fcf67bfc988da1ab3d702d21d34a2297,phone_use_000417_jpg.rf.fcf67bfc988da1ab3d702d21d34a2297.jpg,/home/constantin/Doctorat/GunDatasetNoAugSplit/train/images/phone_use_000417_jpg.rf.fcf67bfc988da1ab3d702d21d34a2297.jpg
train__phone_use_000605_jpg.jpg,train__phone_use_000605_jpg.txt,train,phone_use_000605_jpg.rf.1a8f7ace83ab89a21e0d68e5b91c7358,phone_use_000605_jpg.rf.1a8f7ace83ab89a21e0d68e5b91c7358.jpg,/home/constantin/Doctorat/GunDatasetNoAugSplit/train/images/phone_use_000605_jpg.rf.1a8f7ace83ab89a21e0d68e5b91c7358.jpg
train__phone_use_000647_jpg.jpg,train__phone_use_000647_jpg.txt,train,phone_use_000647_jpg.rf.9fdcf6ab2f55e12ba3d3026f16ef6cdd,phone_use_000647_jpg.rf.9fdcf6ab2f55e12ba3d3026f16ef6cdd.jpg,/home/constantin/Doctorat/GunDatasetNoAugSplit/train/images/phone_use_000647_jpg.rf.9fdcf6ab2f55e12ba3d3026f16ef6cdd.jpg
train__phone_use_000652_jpg.jpg,train__phone_use_000652_jpg.txt,train,phone_use_000652_jpg.rf.08354fbdad5b900c535280431bc8a289,phone_use_000652_jpg.rf.08354fbdad5b900c535280431bc8a289.jpg,/home/constantin/Doctorat/GunDatasetNoAugSplit/train/images/phone_use_000652_jpg.rf.08354fbdad5b900c535280431bc8a289.jpg
train__pistol-63-_jpg.jpg,train__pistol-63-_jpg.txt,train,pistol-63-_jpg.rf.1f835137c22d46f439a85d9206ab705d,pistol-63-_jpg.rf.1f835137c22d46f439a85d9206ab705d.jpg,/home/constantin/Doctorat/GunDatasetNoAugSplit/train/images/pistol-63-_jpg.rf.1f835137c22d46f439a85d9206ab705d.jpg
train__pistol_261-Copy_jpg.jpg,train__pistol_261-Copy_jpg.txt,train,pistol_261-Copy_jpg.rf.c3e729533189d8999113af1af7fe317e,pistol_261-Copy_jpg.rf.c3e729533189d8999113af1af7fe317e.jpg,/home/constantin/Doctorat/GunDatasetNoAugSplit/train/images/pistol_261-Copy_jpg.rf.c3e729533189d8999113af1af7fe317e.jpg
train__pistol_559-Copy_jpg.jpg,train__pistol_559-Copy_jpg.txt,train,pistol_559-Copy_jpg.rf.226225d83f6f1782233327712b8d8f29,pistol_559-Copy_jpg.rf.226225d83f6f1782233327712b8d8f29.jpg,/home/constantin/Doctorat/GunDatasetNoAugSplit/train/images/pistol_559-Copy_jpg.rf.226225d83f6f1782233327712b8d8f29.jpg
train__real-video-100-.jpg,train__real-video-100-.txt,train,real-video-100-.rf.d0d39b56a98b8def91234e1714235ea7,real-video-100-.rf.d0d39b56a98b8def91234e1714235ea7.jpg,/home/constantin/Doctorat/GunDatasetNoAugSplit/train/images/real-video-100-.rf.d0d39b56a98b8def91234e1714235ea7.jpg
train__real-video-20-.jpg,train__real-video-20-.txt,train,real-video-20-.rf.cc025fd6854c75c11c84e8d98b676486,real-video-20-.rf.cc025fd6854c75c11c84e8d98b676486.jpg,/home/constantin/Doctorat/GunDatasetNoAugSplit/train/images/real-video-20-.rf.cc025fd6854c75c11c84e8d98b676486.jpg
train__real-video-430-.jpg,train__real-video-430-.txt,train,real-video-430-.rf.701ba9784893b91ec75bbbbce517822c,real-video-430-.rf.701ba9784893b91ec75bbbbce517822c.jpg,/home/constantin/Doctorat/GunDatasetNoAugSplit/train/images/real-video-430-.rf.701ba9784893b91ec75bbbbce517822c.jpg
train__real-video-64-.jpg,train__real-video-64-.txt,train,real-video-64-.rf.45f0247d2a078e01ccca182d27f69cda,real-video-64-.rf.45f0247d2a078e01ccca182d27f69cda.jpg,/home/constantin/Doctorat/GunDatasetNoAugSplit/train/images/real-video-64-.rf.45f0247d2a078e01ccca182d27f69cda.jpg
train__retro-wwii-bunk-soldier-equipment-his-items-include-helmet-gun-rifle-carbine-grenade-mess-kit-army-boots-more-31651682_jpg.jpg,train__retro-wwii-bunk-soldier-equipment-his-items-include-helmet-gun-rifle-carbine-grenade-mess-kit-army-boots-more-31651682_jpg.txt,train,retro-wwii-bunk-soldier-equipment-his-items-include-helmet-gun-rifle-carbine-grenade-mess-kit-army-boots-more-31651682_jpg.rf.9a5f4186bda38c196702385037bfea74,retro-wwii-bunk-soldier-equipment-his-items-include-helmet-gun-rifle-carbine-grenade-mess-kit-army-boots-more-31651682_jpg.rf.9a5f4186bda38c196702385037bfea74.jpg,/home/constantin/Doctorat/GunDatasetNoAugSplit/train/images/retro-wwii-bunk-soldier-equipment-his-items-include-helmet-gun-rifle-carbine-grenade-mess-kit-army-boots-more-31651682_jpg.rf.9a5f4186bda38c196702385037bfea74.jpg
train__rifle1003_jpg.jpg,train__rifle1003_jpg.txt,train,rifle1003_jpg.rf.5ae52ff1961a3c6b0ed52b860329aa7c,rifle1003_jpg.rf.5ae52ff1961a3c6b0ed52b860329aa7c.jpg,/home/constantin/Doctorat/GunDatasetNoAugSplit/train/images/rifle1003_jpg.rf.5ae52ff1961a3c6b0ed52b860329aa7c.jpg
train__rifle1013_jpg.jpg,train__rifle1013_jpg.txt,train,rifle1013_jpg.rf.1a993760f50e9b30d42ef1198f8debf0,rifle1013_jpg.rf.1a993760f50e9b30d42ef1198f8debf0.jpg,/home/constantin/Doctorat/GunDatasetNoAugSplit/train/images/rifle1013_jpg.rf.1a993760f50e9b30d42ef1198f8debf0.jpg
train__rifle1070_jpg.jpg,train__rifle1070_jpg.txt,train,rifle1070_jpg.rf.71ef148bb9e39f4983e9f5f6e64a316b,rifle1070_jpg.rf.71ef148bb9e39f4983e9f5f6e64a316b.jpg,/home/constantin/Doctorat/GunDatasetNoAugSplit/train/images/rifle1070_jpg.rf.71ef148bb9e39f4983e9f5f6e64a316b.jpg
train__rifle1079_jpg.jpg,train__rifle1079_jpg.txt,train,rifle1079_jpg.rf.4a6e8ca467f5d0a2432826b48c45042e,rifle1079_jpg.rf.4a6e8ca467f5d0a2432826b48c45042e.jpg,/home/constantin/Doctorat/GunDatasetNoAugSplit/train/images/rifle1079_jpg.rf.4a6e8ca467f5d0a2432826b48c45042e.jpg
train__rifle1115_jpg.jpg,train__rifle1115_jpg.txt,train,rifle1115_jpg.rf.0fc99f3bc3daf39d15aa84fd0f1389e7,rifle1115_jpg.rf.0fc99f3bc3daf39d15aa84fd0f1389e7.jpg,/home/constantin/Doctorat/GunDatasetNoAugSplit/train/images/rifle1115_jpg.rf.0fc99f3bc3daf39d15aa84fd0f1389e7.jpg
train__rifle1131_jpg.jpg,train__rifle1131_jpg.txt,train,rifle1131_jpg.rf.79194276ecf33b9197c60f362294d1f2,rifle1131_jpg.rf.79194276ecf33b9197c60f362294d1f2.jpg,/home/constantin/Doctorat/GunDatasetNoAugSplit/train/images/rifle1131_jpg.rf.79194276ecf33b9197c60f362294d1f2.jpg
train__rifle113_jpg.jpg,train__rifle113_jpg.txt,train,rifle113_jpg.rf.1bfb7baddbb5ca1515358267a0182c24,rifle113_jpg.rf.1bfb7baddbb5ca1515358267a0182c24.jpg,/home/constantin/Doctorat/GunDatasetNoAugSplit/train/images/rifle113_jpg.rf.1bfb7baddbb5ca1515358267a0182c24.jpg
train__rifle1196_jpg.jpg,train__rifle1196_jpg.txt,train,rifle1196_jpg.rf.5bde46c0148b53f6325a32cb0319ef1c,rifle1196_jpg.rf.5bde46c0148b53f6325a32cb0319ef1c.jpg,/home/constantin/Doctorat/GunDatasetNoAugSplit/train/images/rifle1196_jpg.rf.5bde46c0148b53f6325a32cb0319ef1c.jpg
train__rifle17_jpg.jpg,train__rifle17_jpg.txt,train,rifle17_jpg.rf.99e85b9b6ebc798edf7009bb108d9714,rifle17_jpg.rf.99e85b9b6ebc798edf7009bb108d9714.jpg,/home/constantin/Doctorat/GunDatasetNoAugSplit/train/images/rifle17_jpg.rf.99e85b9b6ebc798edf7009bb108d9714.jpg
train__rifle218_jpg.jpg,train__rifle218_jpg.txt,train,rifle218_jpg.rf.4c6ca8c9dae5507970d6164e37e0f041,rifle218_jpg.rf.4c6ca8c9dae5507970d6164e37e0f041.jpg,/home/constantin/Doctorat/GunDatasetNoAugSplit/train/images/rifle218_jpg.rf.4c6ca8c9dae5507970d6164e37e0f041.jpg
train__rifle276_jpg.jpg,train__rifle276_jpg.txt,train,rifle276_jpg.rf.d5900819992c66e412835e155d35b552,rifle276_jpg.rf.d5900819992c66e412835e155d35b552.jpg,/home/constantin/Doctorat/GunDatasetNoAugSplit/train/images/rifle276_jpg.rf.d5900819992c66e412835e155d35b552.jpg
train__rifle394_jpg.jpg,train__rifle394_jpg.txt,train,rifle394_jpg.rf.f5592f46a4cc269f66422007218bd1f2,rifle394_jpg.rf.f5592f46a4cc269f66422007218bd1f2.jpg,/home/constantin/Doctorat/GunDatasetNoAugSplit/train/images/rifle394_jpg.rf.f5592f46a4cc269f66422007218bd1f2.jpg
train__rifle397_jpg.jpg,train__rifle397_jpg.txt,train,rifle397_jpg.rf.8eee326c47c8d5fb031532fafcfe8d18,rifle397_jpg.rf.8eee326c47c8d5fb031532fafcfe8d18.jpg,/home/constantin/Doctorat/GunDatasetNoAugSplit/train/images/rifle397_jpg.rf.8eee326c47c8d5fb031532fafcfe8d18.jpg
train__rifle434_jpg.jpg,train__rifle434_jpg.txt,train,rifle434_jpg.rf.29817141dc338d4e6d8eb16a07878540,rifle434_jpg.rf.29817141dc338d4e6d8eb16a07878540.jpg,/home/constantin/Doctorat/GunDatasetNoAugSplit/train/images/rifle434_jpg.rf.29817141dc338d4e6d8eb16a07878540.jpg
train__rifle486_jpg.jpg,train__rifle486_jpg.txt,train,rifle486_jpg.rf.1443a0d70064c16db4ffc538cc97aff4,rifle486_jpg.rf.1443a0d70064c16db4ffc538cc97aff4.jpg,/home/constantin/Doctorat/GunDatasetNoAugSplit/train/images/rifle486_jpg.rf.1443a0d70064c16db4ffc538cc97aff4.jpg
train__rifle537_jpg.jpg,train__rifle537_jpg.txt,train,rifle537_jpg.rf.b76696c6961951e1feb79dbe88839d70,rifle537_jpg.rf.b76696c6961951e1feb79dbe88839d70.jpg,/home/constantin/Doctorat/GunDatasetNoAugSplit/train/images/rifle537_jpg.rf.b76696c6961951e1feb79dbe88839d70.jpg
train__rifle560_jpg.jpg,train__rifle560_jpg.txt,train,rifle560_jpg.rf.82f7ecdaf610a8d2c885990c5627b4a2,rifle560_jpg.rf.82f7ecdaf610a8d2c885990c5627b4a2.jpg,/home/constantin/Doctorat/GunDatasetNoAugSplit/train/images/rifle560_jpg.rf.82f7ecdaf610a8d2c885990c5627b4a2.jpg
train__rifle578_jpg.jpg,train__rifle578_jpg.txt,train,rifle578_jpg.rf.ed87920bface7aa418331885f9f3fee7,rifle578_jpg.rf.ed87920bface7aa418331885f9f3fee7.jpg,/home/constantin/Doctorat/GunDatasetNoAugSplit/train/images/rifle578_jpg.rf.ed87920bface7aa418331885f9f3fee7.jpg
train__rifle726_jpg.jpg,train__rifle726_jpg.txt,train,rifle726_jpg.rf.fcc3b325023b819e5a40d90baff78bf5,rifle726_jpg.rf.fcc3b325023b819e5a40d90baff78bf5.jpg,/home/constantin/Doctorat/GunDatasetNoAugSplit/train/images/rifle726_jpg.rf.fcc3b325023b819e5a40d90baff78bf5.jpg
train__rifle745_jpg.jpg,train__rifle745_jpg.txt,train,rifle745_jpg.rf.092deaaa88e3436b30f158a12612a0da,rifle745_jpg.rf.092deaaa88e3436b30f158a12612a0da.jpg,/home/constantin/Doctorat/GunDatasetNoAugSplit/train/images/rifle745_jpg.rf.092deaaa88e3436b30f158a12612a0da.jpg
train__rifle774_jpg.jpg,train__rifle774_jpg.txt,train,rifle774_jpg.rf.15cff3f40251154fc67a6d0669c6901e,rifle774_jpg.rf.15cff3f40251154fc67a6d0669c6901e.jpg,/home/constantin/Doctorat/GunDatasetNoAugSplit/train/images/rifle774_jpg.rf.15cff3f40251154fc67a6d0669c6901e.jpg
train__rifle821_jpg.jpg,train__rifle821_jpg.txt,train,rifle821_jpg.rf.c0786d45f957e3743558e0c98f15ce6a,rifle821_jpg.rf.c0786d45f957e3743558e0c98f15ce6a.jpg,/home/constantin/Doctorat/GunDatasetNoAugSplit/train/images/rifle821_jpg.rf.c0786d45f957e3743558e0c98f15ce6a.jpg
train__rifle924_jpg.jpg,train__rifle924_jpg.txt,train,rifle924_jpg.rf.409e2839eb983871e27b61c675bc5460,rifle924_jpg.rf.409e2839eb983871e27b61c675bc5460.jpg,/home/constantin/Doctorat/GunDatasetNoAugSplit/train/images/rifle924_jpg.rf.409e2839eb983871e27b61c675bc5460.jpg
train__rifle978_jpg.jpg,train__rifle978_jpg.txt,train,rifle978_jpg.rf.d6fcadbc4e3e59432aa014dd5eb88b7f,rifle978_jpg.rf.d6fcadbc4e3e59432aa014dd5eb88b7f.jpg,/home/constantin/Doctorat/GunDatasetNoAugSplit/train/images/rifle978_jpg.rf.d6fcadbc4e3e59432aa014dd5eb88b7f.jpg
train__rifle983_jpg.jpg,train__rifle983_jpg.txt,train,rifle983_jpg.rf.14cf109140d03142525ce3ecf5fbba22,rifle983_jpg.rf.14cf109140d03142525ce3ecf5fbba22.jpg,/home/constantin/Doctorat/GunDatasetNoAugSplit/train/images/rifle983_jpg.rf.14cf109140d03142525ce3ecf5fbba22.jpg
train__s-l500_jpg.jpg,train__s-l500_jpg.txt,train,s-l500_jpg.rf.e2fb8279620272cc80e12959fe9475bf,s-l500_jpg.rf.e2fb8279620272cc80e12959fe9475bf.jpg,/home/constantin/Doctorat/GunDatasetNoAugSplit/train/images/s-l500_jpg.rf.e2fb8279620272cc80e12959fe9475bf.jpg
train__selfie_stick_001746_jpg.jpg,train__selfie_stick_001746_jpg.txt,train,selfie_stick_001746_jpg.rf.5e8ae312d8c59506bba91c064a57dbe2,selfie_stick_001746_jpg.rf.5e8ae312d8c59506bba91c064a57dbe2.jpg,/home/constantin/Doctorat/GunDatasetNoAugSplit/train/images/selfie_stick_001746_jpg.rf.5e8ae312d8c59506bba91c064a57dbe2.jpg
train__selfie_stick_001768_jpg.jpg,train__selfie_stick_001768_jpg.txt,train,selfie_stick_001768_jpg.rf.ec4877e763f0145837376053e5646fef,selfie_stick_001768_jpg.rf.ec4877e763f0145837376053e5646fef.jpg,/home/constantin/Doctorat/GunDatasetNoAugSplit/train/images/selfie_stick_001768_jpg.rf.ec4877e763f0145837376053e5646fef.jpg
train__selfie_stick_001772_jpg.jpg,train__selfie_stick_001772_jpg.txt,train,selfie_stick_001772_jpg.rf.ca3c9298a87ec262c90918bcb03ba2bd,selfie_stick_001772_jpg.rf.ca3c9298a87ec262c90918bcb03ba2bd.jpg,/home/constantin/Doctorat/GunDatasetNoAugSplit/train/images/selfie_stick_001772_jpg.rf.ca3c9298a87ec262c90918bcb03ba2bd.jpg
train__selfie_stick_001773_jpg.jpg,train__selfie_stick_001773_jpg.txt,train,selfie_stick_001773_jpg.rf.578243510701ba91fce889a866ba21e6,selfie_stick_001773_jpg.rf.578243510701ba91fce889a866ba21e6.jpg,/home/constantin/Doctorat/GunDatasetNoAugSplit/train/images/selfie_stick_001773_jpg.rf.578243510701ba91fce889a866ba21e6.jpg
train__selfie_stick_001791_jpg.jpg,train__selfie_stick_001791_jpg.txt,train,selfie_stick_001791_jpg.rf.fea3aecf8abf3b975f48fc0f0fc5f379,selfie_stick_001791_jpg.rf.fea3aecf8abf3b975f48fc0f0fc5f379.jpg,/home/constantin/Doctorat/GunDatasetNoAugSplit/train/images/selfie_stick_001791_jpg.rf.fea3aecf8abf3b975f48fc0f0fc5f379.jpg
train__selfie_stick_001795_jpg.jpg,train__selfie_stick_001795_jpg.txt,train,selfie_stick_001795_jpg.rf.3c28921fb200fb7e27add699bc4f501f,selfie_stick_001795_jpg.rf.3c28921fb200fb7e27add699bc4f501f.jpg,/home/constantin/Doctorat/GunDatasetNoAugSplit/train/images/selfie_stick_001795_jpg.rf.3c28921fb200fb7e27add699bc4f501f.jpg
train__selfie_stick_001800_jpg.jpg,train__selfie_stick_001800_jpg.txt,train,selfie_stick_001800_jpg.rf.bad1038505c183ac6f6b618b21b803b7,selfie_stick_001800_jpg.rf.bad1038505c183ac6f6b618b21b803b7.jpg,/home/constantin/Doctorat/GunDatasetNoAugSplit/train/images/selfie_stick_001800_jpg.rf.bad1038505c183ac6f6b618b21b803b7.jpg
train__selfie_stick_001825_jpg.jpg,train__selfie_stick_001825_jpg.txt,train,selfie_stick_001825_jpg.rf.a4dcb4948f1181173566cf543235aa66,selfie_stick_001825_jpg.rf.a4dcb4948f1181173566cf543235aa66.jpg,/home/constantin/Doctorat/GunDatasetNoAugSplit/train/images/selfie_stick_001825_jpg.rf.a4dcb4948f1181173566cf543235aa66.jpg
train__selfie_stick_001830_jpg.jpg,train__selfie_stick_001830_jpg.txt,train,selfie_stick_001830_jpg.rf.2cd82babf2c56c553fee65dcb70e726c,selfie_stick_001830_jpg.rf.2cd82babf2c56c553fee65dcb70e726c.jpg,/home/constantin/Doctorat/GunDatasetNoAugSplit/train/images/selfie_stick_001830_jpg.rf.2cd82babf2c56c553fee65dcb70e726c.jpg
train__selfie_stick_001838_jpg.jpg,train__selfie_stick_001838_jpg.txt,train,selfie_stick_001838_jpg.rf.022542e56a66413a4074c9f38fe453fe,selfie_stick_001838_jpg.rf.022542e56a66413a4074c9f38fe453fe.jpg,/home/constantin/Doctorat/GunDatasetNoAugSplit/train/images/selfie_stick_001838_jpg.rf.022542e56a66413a4074c9f38fe453fe.jpg
train__selfie_stick_001842_jpg.jpg,train__selfie_stick_001842_jpg.txt,train,selfie_stick_001842_jpg.rf.2a6b53467bebc96aeaf65c4889db65d1,selfie_stick_001842_jpg.rf.2a6b53467bebc96aeaf65c4889db65d1.jpg,/home/constantin/Doctorat/GunDatasetNoAugSplit/train/images/selfie_stick_001842_jpg.rf.2a6b53467bebc96aeaf65c4889db65d1.jpg
train__selfie_stick_001843_jpg.jpg,train__selfie_stick_001843_jpg.txt,train,selfie_stick_001843_jpg.rf.0ad135f5e6162dd8359b045a48bc93a1,selfie_stick_001843_jpg.rf.0ad135f5e6162dd8359b045a48bc93a1.jpg,/home/constantin/Doctorat/GunDatasetNoAugSplit/train/images/selfie_stick_001843_jpg.rf.0ad135f5e6162dd8359b045a48bc93a1.jpg
train__selfie_stick_001844_jpg.jpg,train__selfie_stick_001844_jpg.txt,train,selfie_stick_001844_jpg.rf.8df20e0600cb02d3c9bc64007a8debbc,selfie_stick_001844_jpg.rf.8df20e0600cb02d3c9bc64007a8debbc.jpg,/home/constantin/Doctorat/GunDatasetNoAugSplit/train/images/selfie_stick_001844_jpg.rf.8df20e0600cb02d3c9bc64007a8debbc.jpg
train__selfie_stick_001846_jpg.jpg,train__selfie_stick_001846_jpg.txt,train,selfie_stick_001846_jpg.rf.6d0dbf4db8e0a4692592da782672b535,selfie_stick_001846_jpg.rf.6d0dbf4db8e0a4692592da782672b535.jpg,/home/constantin/Doctorat/GunDatasetNoAugSplit/train/images/selfie_stick_001846_jpg.rf.6d0dbf4db8e0a4692592da782672b535.jpg
train__selfie_stick_001880_jpg.jpg,train__selfie_stick_001880_jpg.txt,train,selfie_stick_001880_jpg.rf.e5239e225940ce2fd5605f07e1fdb148,selfie_stick_001880_jpg.rf.e5239e225940ce2fd5605f07e1fdb148.jpg,/home/constantin/Doctorat/GunDatasetNoAugSplit/train/images/selfie_stick_001880_jpg.rf.e5239e225940ce2fd5605f07e1fdb148.jpg
train__selfie_stick_001892_jpg.jpg,train__selfie_stick_001892_jpg.txt,train,selfie_stick_001892_jpg.rf.a1471c1cec41d14765395290554c041f,selfie_stick_001892_jpg.rf.a1471c1cec41d14765395290554c041f.jpg,/home/constantin/Doctorat/GunDatasetNoAugSplit/train/images/selfie_stick_001892_jpg.rf.a1471c1cec41d14765395290554c041f.jpg
train__selfie_stick_001904_jpg.jpg,train__selfie_stick_001904_jpg.txt,train,selfie_stick_001904_jpg.rf.80ef1d93f4a1071a8af3e78c00235352,selfie_stick_001904_jpg.rf.80ef1d93f4a1071a8af3e78c00235352.jpg,/home/constantin/Doctorat/GunDatasetNoAugSplit/train/images/selfie_stick_001904_jpg.rf.80ef1d93f4a1071a8af3e78c00235352.jpg
train__selfie_stick_001920_jpg.jpg,train__selfie_stick_001920_jpg.txt,train,selfie_stick_001920_jpg.rf.678bcef592b86356c8aae557a64799dc,selfie_stick_001920_jpg.rf.678bcef592b86356c8aae557a64799dc.jpg,/home/constantin/Doctorat/GunDatasetNoAugSplit/train/images/selfie_stick_001920_jpg.rf.678bcef592b86356c8aae557a64799dc.jpg
train__selfie_stick_001921_jpg.jpg,train__selfie_stick_001921_jpg.txt,train,selfie_stick_001921_jpg.rf.b6537309b94bc3a62195fc70a3e21eaa,selfie_stick_001921_jpg.rf.b6537309b94bc3a62195fc70a3e21eaa.jpg,/home/constantin/Doctorat/GunDatasetNoAugSplit/train/images/selfie_stick_001921_jpg.rf.b6537309b94bc3a62195fc70a3e21eaa.jpg
train__selfie_stick_001964_jpg.jpg,train__selfie_stick_001964_jpg.txt,train,selfie_stick_001964_jpg.rf.ccfc0e4fd00e882f424e804cf64e7f59,selfie_stick_001964_jpg.rf.ccfc0e4fd00e882f424e804cf64e7f59.jpg,/home/constantin/Doctorat/GunDatasetNoAugSplit/train/images/selfie_stick_001964_jpg.rf.ccfc0e4fd00e882f424e804cf64e7f59.jpg
train__selfie_stick_001970_jpg.jpg,train__selfie_stick_001970_jpg.txt,train,selfie_stick_001970_jpg.rf.2315131bc4685c074abf2e90481c07f4,selfie_stick_001970_jpg.rf.2315131bc4685c074abf2e90481c07f4.jpg,/home/constantin/Doctorat/GunDatasetNoAugSplit/train/images/selfie_stick_001970_jpg.rf.2315131bc4685c074abf2e90481c07f4.jpg
train__selfie_stick_002000_jpg.jpg,train__selfie_stick_002000_jpg.txt,train,selfie_stick_002000_jpg.rf.79570a1acb8ceff9fc67d57f3d8a8cbb,selfie_stick_002000_jpg.rf.79570a1acb8ceff9fc67d57f3d8a8cbb.jpg,/home/constantin/Doctorat/GunDatasetNoAugSplit/train/images/selfie_stick_002000_jpg.rf.79570a1acb8ceff9fc67d57f3d8a8cbb.jpg
train__selfie_stick_002023_jpg.jpg,train__selfie_stick_002023_jpg.txt,train,selfie_stick_002023_jpg.rf.cc2645c75ec24d34fdd6a7c548eb1d2d,selfie_stick_002023_jpg.rf.cc2645c75ec24d34fdd6a7c548eb1d2d.jpg,/home/constantin/Doctorat/GunDatasetNoAugSplit/train/images/selfie_stick_002023_jpg.rf.cc2645c75ec24d34fdd6a7c548eb1d2d.jpg
train__selfie_stick_002083_jpg.jpg,train__selfie_stick_002083_jpg.txt,train,selfie_stick_002083_jpg.rf.456cf8cb7c713ad63a5de176848de162,selfie_stick_002083_jpg.rf.456cf8cb7c713ad63a5de176848de162.jpg,/home/constantin/Doctorat/GunDatasetNoAugSplit/train/images/selfie_stick_002083_jpg.rf.456cf8cb7c713ad63a5de176848de162.jpg
train__selfie_stick_002101_jpg.jpg,train__selfie_stick_002101_jpg.txt,train,selfie_stick_002101_jpg.rf.5610f2c07dda4e484800465ab096c13a,selfie_stick_002101_jpg.rf.5610f2c07dda4e484800465ab096c13a.jpg,/home/constantin/Doctorat/GunDatasetNoAugSplit/train/images/selfie_stick_002101_jpg.rf.5610f2c07dda4e484800465ab096c13a.jpg
train__selfie_stick_002110_jpg.jpg,train__selfie_stick_002110_jpg.txt,train,selfie_stick_002110_jpg.rf.abc3f9af388dd2c0113e0544638b1091,selfie_stick_002110_jpg.rf.abc3f9af388dd2c0113e0544638b1091.jpg,/home/constantin/Doctorat/GunDatasetNoAugSplit/train/images/selfie_stick_002110_jpg.rf.abc3f9af388dd2c0113e0544638b1091.jpg
train__selfie_stick_002144_jpg.jpg,train__selfie_stick_002144_jpg.txt,train,selfie_stick_002144_jpg.rf.48ff261dacadc29eb4e7ead13fa43862,selfie_stick_002144_jpg.rf.48ff261dacadc29eb4e7ead13fa43862.jpg,/home/constantin/Doctorat/GunDatasetNoAugSplit/train/images/selfie_stick_002144_jpg.rf.48ff261dacadc29eb4e7ead13fa43862.jpg
train__selfie_stick_002216_jpg.jpg,train__selfie_stick_002216_jpg.txt,train,selfie_stick_002216_jpg.rf.12280c742ec839deff2cc219d5dba2be,selfie_stick_002216_jpg.rf.12280c742ec839deff2cc219d5dba2be.jpg,/home/constantin/Doctorat/GunDatasetNoAugSplit/train/images/selfie_stick_002216_jpg.rf.12280c742ec839deff2cc219d5dba2be.jpg
train__shopping_or_food_003862_jpg.jpg,train__shopping_or_food_003862_jpg.txt,train,shopping_or_food_003862_jpg.rf.ddd0d9fbc27401729aa95b1cf39fe4fd,shopping_or_food_003862_jpg.rf.ddd0d9fbc27401729aa95b1cf39fe4fd.jpg,/home/constantin/Doctorat/GunDatasetNoAugSplit/train/images/shopping_or_food_003862_jpg.rf.ddd0d9fbc27401729aa95b1cf39fe4fd.jpg
train__shopping_or_food_003863_jpg.jpg,train__shopping_or_food_003863_jpg.txt,train,shopping_or_food_003863_jpg.rf.316f9f83cd06748f16ccfcb33ece2489,shopping_or_food_003863_jpg.rf.316f9f83cd06748f16ccfcb33ece2489.jpg,/home/constantin/Doctorat/GunDatasetNoAugSplit/train/images/shopping_or_food_003863_jpg.rf.316f9f83cd06748f16ccfcb33ece2489.jpg
train__shopping_or_food_003905_jpg.jpg,train__shopping_or_food_003905_jpg.txt,train,shopping_or_food_003905_jpg.rf.65f6a63a60e776542767f8d38894cf48,shopping_or_food_003905_jpg.rf.65f6a63a60e776542767f8d38894cf48.jpg,/home/constantin/Doctorat/GunDatasetNoAugSplit/train/images/shopping_or_food_003905_jpg.rf.65f6a63a60e776542767f8d38894cf48.jpg
train__shopping_or_food_003911_jpg.jpg,train__shopping_or_food_003911_jpg.txt,train,shopping_or_food_003911_jpg.rf.1020a9f510cab5f2a613442a82896a5d,shopping_or_food_003911_jpg.rf.1020a9f510cab5f2a613442a82896a5d.jpg,/home/constantin/Doctorat/GunDatasetNoAugSplit/train/images/shopping_or_food_003911_jpg.rf.1020a9f510cab5f2a613442a82896a5d.jpg
train__shopping_or_food_004192_jpg.jpg,train__shopping_or_food_004192_jpg.txt,train,shopping_or_food_004192_jpg.rf.75e170fe99dc7fdcee5f5fdb2c115ecc,shopping_or_food_004192_jpg.rf.75e170fe99dc7fdcee5f5fdb2c115ecc.jpg,/home/constantin/Doctorat/GunDatasetNoAugSplit/train/images/shopping_or_food_004192_jpg.rf.75e170fe99dc7fdcee5f5fdb2c115ecc.jpg
train__shopping_or_food_004211_jpg.jpg,train__shopping_or_food_004211_jpg.txt,train,shopping_or_food_004211_jpg.rf.2befb7e88659802e5ada8275ab465b5f,shopping_or_food_004211_jpg.rf.2befb7e88659802e5ada8275ab465b5f.jpg,/home/constantin/Doctorat/GunDatasetNoAugSplit/train/images/shopping_or_food_004211_jpg.rf.2befb7e88659802e5ada8275ab465b5f.jpg
train__tools_in_hand_002285_jpg.jpg,train__tools_in_hand_002285_jpg.txt,train,tools_in_hand_002285_jpg.rf.c9259e1125711f0957774e46665cfa4c,tools_in_hand_002285_jpg.rf.c9259e1125711f0957774e46665cfa4c.jpg,/home/constantin/Doctorat/GunDatasetNoAugSplit/train/images/tools_in_hand_002285_jpg.rf.c9259e1125711f0957774e46665cfa4c.jpg
train__tools_in_hand_002353_jpg.jpg,train__tools_in_hand_002353_jpg.txt,train,tools_in_hand_002353_jpg.rf.3adfeffd83db19812a22b91b640cf68d,tools_in_hand_002353_jpg.rf.3adfeffd83db19812a22b91b640cf68d.jpg,/home/constantin/Doctorat/GunDatasetNoAugSplit/train/images/tools_in_hand_002353_jpg.rf.3adfeffd83db19812a22b91b640cf68d.jpg
train__tools_in_hand_002358_jpg.jpg,train__tools_in_hand_002358_jpg.txt,train,tools_in_hand_002358_jpg.rf.2ed40c83fc335769b0d77f66eb8ff205,tools_in_hand_002358_jpg.rf.2ed40c83fc335769b0d77f66eb8ff205.jpg,/home/constantin/Doctorat/GunDatasetNoAugSplit/train/images/tools_in_hand_002358_jpg.rf.2ed40c83fc335769b0d77f66eb8ff205.jpg
train__tools_in_hand_002385_jpg.jpg,train__tools_in_hand_002385_jpg.txt,train,tools_in_hand_002385_jpg.rf.7661904ad0ab79dea14d4aeba66a73d6,tools_in_hand_002385_jpg.rf.7661904ad0ab79dea14d4aeba66a73d6.jpg,/home/constantin/Doctorat/GunDatasetNoAugSplit/train/images/tools_in_hand_002385_jpg.rf.7661904ad0ab79dea14d4aeba66a73d6.jpg
train__tools_in_hand_002406_jpg.jpg,train__tools_in_hand_002406_jpg.txt,train,tools_in_hand_002406_jpg.rf.3ae9e4abc495792616debce6aca261cf,tools_in_hand_002406_jpg.rf.3ae9e4abc495792616debce6aca261cf.jpg,/home/constantin/Doctorat/GunDatasetNoAugSplit/train/images/tools_in_hand_002406_jpg.rf.3ae9e4abc495792616debce6aca261cf.jpg
train__tools_in_hand_002441_jpg.jpg,train__tools_in_hand_002441_jpg.txt,train,tools_in_hand_002441_jpg.rf.bda691b3c96a390f621de5a43cfe32bd,tools_in_hand_002441_jpg.rf.bda691b3c96a390f621de5a43cfe32bd.jpg,/home/constantin/Doctorat/GunDatasetNoAugSplit/train/images/tools_in_hand_002441_jpg.rf.bda691b3c96a390f621de5a43cfe32bd.jpg
train__tools_in_hand_002565_jpg.jpg,train__tools_in_hand_002565_jpg.txt,train,tools_in_hand_002565_jpg.rf.10d3ceb295247d67b6f46c7cd358aef0,tools_in_hand_002565_jpg.rf.10d3ceb295247d67b6f46c7cd358aef0.jpg,/home/constantin/Doctorat/GunDatasetNoAugSplit/train/images/tools_in_hand_002565_jpg.rf.10d3ceb295247d67b6f46c7cd358aef0.jpg
train__tools_in_hand_002638_jpg.jpg,train__tools_in_hand_002638_jpg.txt,train,tools_in_hand_002638_jpg.rf.23b3c1743221167fc4c39bd55a8756e7,tools_in_hand_002638_jpg.rf.23b3c1743221167fc4c39bd55a8756e7.jpg,/home/constantin/Doctorat/GunDatasetNoAugSplit/train/images/tools_in_hand_002638_jpg.rf.23b3c1743221167fc4c39bd55a8756e7.jpg
train__u-s-army-pistol-and-grenades-scene-reconstruction-liberation-of-the-CE599K_jpg.jpg,train__u-s-army-pistol-and-grenades-scene-reconstruction-liberation-of-the-CE599K_jpg.txt,train,u-s-army-pistol-and-grenades-scene-reconstruction-liberation-of-the-CE599K_jpg.rf.66ad28e805a2b6dab933116a9c62b7c0,u-s-army-pistol-and-grenades-scene-reconstruction-liberation-of-the-CE599K_jpg.rf.66ad28e805a2b6dab933116a9c62b7c0.jpg,/home/constantin/Doctorat/GunDatasetNoAugSplit/train/images/u-s-army-pistol-and-grenades-scene-reconstruction-liberation-of-the-CE599K_jpg.rf.66ad28e805a2b6dab933116a9c62b7c0.jpg
train__umbrella_000713_jpg.jpg,train__umbrella_000713_jpg.txt,train,umbrella_000713_jpg.rf.073f19f4d2a66b91472bbf941c10b79f,umbrella_000713_jpg.rf.073f19f4d2a66b91472bbf941c10b79f.jpg,/home/constantin/Doctorat/GunDatasetNoAugSplit/train/images/umbrella_000713_jpg.rf.073f19f4d2a66b91472bbf941c10b79f.jpg
train__umbrella_000739_jpg.jpg,train__umbrella_000739_jpg.txt,train,umbrella_000739_jpg.rf.b97d89fd78c8b9c0ed8063e17e83b9f6,umbrella_000739_jpg.rf.b97d89fd78c8b9c0ed8063e17e83b9f6.jpg,/home/constantin/Doctorat/GunDatasetNoAugSplit/train/images/umbrella_000739_jpg.rf.b97d89fd78c8b9c0ed8063e17e83b9f6.jpg
train__umbrella_000941_jpg.jpg,train__umbrella_000941_jpg.txt,train,umbrella_000941_jpg.rf.8d6572fb62441a5bbebf8fe945ef49c4,umbrella_000941_jpg.rf.8d6572fb62441a5bbebf8fe945ef49c4.jpg,/home/constantin/Doctorat/GunDatasetNoAugSplit/train/images/umbrella_000941_jpg.rf.8d6572fb62441a5bbebf8fe945ef49c4.jpg
train__vladrussianarms-18-01_jpg.jpg,train__vladrussianarms-18-01_jpg.txt,train,vladrussianarms-18-01_jpg.rf.b205eeea64b444bfcd9ff4aa885c4f85,vladrussianarms-18-01_jpg.rf.b205eeea64b444bfcd9ff4aa885c4f85.jpg,/home/constantin/Doctorat/GunDatasetNoAugSplit/train/images/vladrussianarms-18-01_jpg.rf.b205eeea64b444bfcd9ff4aa885c4f85.jpg
train__vladrussianarms-bolsoi_jpg.jpg,train__vladrussianarms-bolsoi_jpg.txt,train,vladrussianarms-bolsoi_jpg.rf.989327c369b5e6e03210018ab69ad72c,vladrussianarms-bolsoi_jpg.rf.989327c369b5e6e03210018ab69ad72c.jpg,/home/constantin/Doctorat/GunDatasetNoAugSplit/train/images/vladrussianarms-bolsoi_jpg.rf.989327c369b5e6e03210018ab69ad72c.jpg
train__vlcsnap-2023-09-27-19h08m44s088_jpg.jpg,train__vlcsnap-2023-09-27-19h08m44s088_jpg.txt,train,vlcsnap-2023-09-27-19h08m44s088_jpg.rf.b77a7c7b7c758e8afba426756a1b0285,vlcsnap-2023-09-27-19h08m44s088_jpg.rf.b77a7c7b7c758e8afba426756a1b0285.jpg,/home/constantin/Doctorat/GunDatasetNoAugSplit/train/images/vlcsnap-2023-09-27-19h08m44s088_jpg.rf.b77a7c7b7c758e8afba426756a1b0285.jpg
train__vlcsnap-2023-09-27-20h19m37s243_jpg.jpg,train__vlcsnap-2023-09-27-20h19m37s243_jpg.txt,train,vlcsnap-2023-09-27-20h19m37s243_jpg.rf.d4d1fb46388aa74c419a82fc88a38aa9,vlcsnap-2023-09-27-20h19m37s243_jpg.rf.d4d1fb46388aa74c419a82fc88a38aa9.jpg,/home/constantin/Doctorat/GunDatasetNoAugSplit/train/images/vlcsnap-2023-09-27-20h19m37s243_jpg.rf.d4d1fb46388aa74c419a82fc88a38aa9.jpg
train__w4_jpg.jpg,train__w4_jpg.txt,train,w4_jpg.rf.f841004677280b6932628c915026c46c,w4_jpg.rf.f841004677280b6932628c915026c46c.jpg,/home/constantin/Doctorat/GunDatasetNoAugSplit/train/images/w4_jpg.rf.f841004677280b6932628c915026c46c.jpg
train__wallet_keys_002801_png.jpg,train__wallet_keys_002801_png.txt,train,wallet_keys_002801_png.rf.57ea1b2ccdc471b3d70adbbfa63439c6,wallet_keys_002801_png.rf.57ea1b2ccdc471b3d70adbbfa63439c6.jpg,/home/constantin/Doctorat/GunDatasetNoAugSplit/train/images/wallet_keys_002801_png.rf.57ea1b2ccdc471b3d70adbbfa63439c6.jpg
train__wallet_keys_003028_jpg.jpg,train__wallet_keys_003028_jpg.txt,train,wallet_keys_003028_jpg.rf.5ba5b4a31e1fc943f4cb102ca7495b46,wallet_keys_003028_jpg.rf.5ba5b4a31e1fc943f4cb102ca7495b46.jpg,/home/constantin/Doctorat/GunDatasetNoAugSplit/train/images/wallet_keys_003028_jpg.rf.5ba5b4a31e1fc943f4cb102ca7495b46.jpg
train__water_bottle_001230_jpg.jpg,train__water_bottle_001230_jpg.txt,train,water_bottle_001230_jpg.rf.254664fff9f260899e1faad5a1cb1ddb,water_bottle_001230_jpg.rf.254664fff9f260899e1faad5a1cb1ddb.jpg,/home/constantin/Doctorat/GunDatasetNoAugSplit/train/images/water_bottle_001230_jpg.rf.254664fff9f260899e1faad5a1cb1ddb.jpg
train__water_bottle_001250_jpg.jpg,train__water_bottle_001250_jpg.txt,train,water_bottle_001250_jpg.rf.c4db9a36c21aa09623997518fe0574a6,water_bottle_001250_jpg.rf.c4db9a36c21aa09623997518fe0574a6.jpg,/home/constantin/Doctorat/GunDatasetNoAugSplit/train/images/water_bottle_001250_jpg.rf.c4db9a36c21aa09623997518fe0574a6.jpg
train__water_bottle_001477_jpg.jpg,train__water_bottle_001477_jpg.txt,train,water_bottle_001477_jpg.rf.70cf52daa5dd45ebc5b9f28f40202c62,water_bottle_001477_jpg.rf.70cf52daa5dd45ebc5b9f28f40202c62.jpg,/home/constantin/Doctorat/GunDatasetNoAugSplit/train/images/water_bottle_001477_jpg.rf.70cf52daa5dd45ebc5b9f28f40202c62.jpg
train__water_bottle_001522_jpg.jpg,train__water_bottle_001522_jpg.txt,train,water_bottle_001522_jpg.rf.ea0ff96a9a908808f3d127d46e05e4c4,water_bottle_001522_jpg.rf.ea0ff96a9a908808f3d127d46e05e4c4.jpg,/home/constantin/Doctorat/GunDatasetNoAugSplit/train/images/water_bottle_001522_jpg.rf.ea0ff96a9a908808f3d127d46e05e4c4.jpg
train__water_bottle_001561_jpg.jpg,train__water_bottle_001561_jpg.txt,train,water_bottle_001561_jpg.rf.46981169930321e71c720d964a7e8733,water_bottle_001561_jpg.rf.46981169930321e71c720d964a7e8733.jpg,/home/constantin/Doctorat/GunDatasetNoAugSplit/train/images/water_bottle_001561_jpg.rf.46981169930321e71c720d964a7e8733.jpg
train__water_bottle_001568_jpg.jpg,train__water_bottle_001568_jpg.txt,train,water_bottle_001568_jpg.rf.facada3964ba41325e7872da3065d38b,water_bottle_001568_jpg.rf.facada3964ba41325e7872da3065d38b.jpg,/home/constantin/Doctorat/GunDatasetNoAugSplit/train/images/water_bottle_001568_jpg.rf.facada3964ba41325e7872da3065d38b.jpg
train__water_bottle_001584_jpg.jpg,train__water_bottle_001584_jpg.txt,train,water_bottle_001584_jpg.rf.d1f781846eb5b04549e052bffefc0bbe,water_bottle_001584_jpg.rf.d1f781846eb5b04549e052bffefc0bbe.jpg,/home/constantin/Doctorat/GunDatasetNoAugSplit/train/images/water_bottle_001584_jpg.rf.d1f781846eb5b04549e052bffefc0bbe.jpg
train__water_bottle_001587_jpg.jpg,train__water_bottle_001587_jpg.txt,train,water_bottle_001587_jpg.rf.08bb015611a586417eab82ce6ef26579,water_bottle_001587_jpg.rf.08bb015611a586417eab82ce6ef26579.jpg,/home/constantin/Doctorat/GunDatasetNoAugSplit/train/images/water_bottle_001587_jpg.rf.08bb015611a586417eab82ce6ef26579.jpg
train__water_bottle_001608_jpg.jpg,train__water_bottle_001608_jpg.txt,train,water_bottle_001608_jpg.rf.b614e2c68a8a2d66a0cfd35bc0c1e85c,water_bottle_001608_jpg.rf.b614e2c68a8a2d66a0cfd35bc0c1e85c.jpg,/home/constantin/Doctorat/GunDatasetNoAugSplit/train/images/water_bottle_001608_jpg.rf.b614e2c68a8a2d66a0cfd35bc0c1e85c.jpg
train__water_bottle_001622_jpg.jpg,train__water_bottle_001622_jpg.txt,train,water_bottle_001622_jpg.rf.e4e29f3af5d631f83ff7e5902d3dfc1a,water_bottle_001622_jpg.rf.e4e29f3af5d631f83ff7e5902d3dfc1a.jpg,/home/constantin/Doctorat/GunDatasetNoAugSplit/train/images/water_bottle_001622_jpg.rf.e4e29f3af5d631f83ff7e5902d3dfc1a.jpg
train__weapons-and-notebook-with-pen-on-black-cloth-rifle-pistol-knife-notebook-with-pen-and-compass-picture_csp39721374_png_jpg.jpg,train__weapons-and-notebook-with-pen-on-black-cloth-rifle-pistol-knife-notebook-with-pen-and-compass-picture_csp39721374_png_jpg.txt,train,weapons-and-notebook-with-pen-on-black-cloth-rifle-pistol-knife-notebook-with-pen-and-compass-picture_csp39721374_png_jpg.rf.1c6f9e2734748b49719d2cd35555df42,weapons-and-notebook-with-pen-on-black-cloth-rifle-pistol-knife-notebook-with-pen-and-compass-picture_csp39721374_png_jpg.rf.1c6f9e2734748b49719d2cd35555df42.jpg,/home/constantin/Doctorat/GunDatasetNoAugSplit/train/images/weapons-and-notebook-with-pen-on-black-cloth-rifle-pistol-knife-notebook-with-pen-and-compass-picture_csp39721374_png_jpg.rf.1c6f9e2734748b49719d2cd35555df42.jpg
train__weapons-guns-knife-cartridges-wallpaper-preview_jpg.jpg,train__weapons-guns-knife-cartridges-wallpaper-preview_jpg.txt,train,weapons-guns-knife-cartridges-wallpaper-preview_jpg.rf.398f31ecd5f2ecd3d72c8ee3dc5c6d67,weapons-guns-knife-cartridges-wallpaper-preview_jpg.rf.398f31ecd5f2ecd3d72c8ee3dc5c6d67.jpg,/home/constantin/Doctorat/GunDatasetNoAugSplit/train/images/weapons-guns-knife-cartridges-wallpaper-preview_jpg.rf.398f31ecd5f2ecd3d72c8ee3dc5c6d67.jpg
train__youtube-33_jpg.jpg,train__youtube-33_jpg.txt,train,youtube-33_jpg.rf.f28b80aaa5d2fbe0dcbfd8a9d1d36999,youtube-33_jpg.rf.f28b80aaa5d2fbe0dcbfd8a9d1d36999.jpg,/home/constantin/Doctorat/GunDatasetNoAugSplit/train/images/youtube-33_jpg.rf.f28b80aaa5d2fbe0dcbfd8a9d1d36999.jpg
train__youtube-49_jpg.jpg,train__youtube-49_jpg.txt,train,youtube-49_jpg.rf.66c2dc7fe10388863d20d1f28110344c,youtube-49_jpg.rf.66c2dc7fe10388863d20d1f28110344c.jpg,/home/constantin/Doctorat/GunDatasetNoAugSplit/train/images/youtube-49_jpg.rf.66c2dc7fe10388863d20d1f28110344c.jpg
valid__00001bcc92282a38_jpg.jpg,valid__00001bcc92282a38_jpg.txt,valid,00001bcc92282a38_jpg.rf.fa9cb2d79a38813514861784c79f4969,00001bcc92282a38_jpg.rf.fa9cb2d79a38813514861784c79f4969.jpg,/home/constantin/Doctorat/GunDatasetNoAugSplit/valid/images/00001bcc92282a38_jpg.rf.fa9cb2d79a38813514861784c79f4969.jpg
valid__00c04a1be1f153f0_jpg.jpg,valid__00c04a1be1f153f0_jpg.txt,valid,00c04a1be1f153f0_jpg.rf.678bdd48ae14dd5c7cd36416a6c4f759,00c04a1be1f153f0_jpg.rf.678bdd48ae14dd5c7cd36416a6c4f759.jpg,/home/constantin/Doctorat/GunDatasetNoAugSplit/valid/images/00c04a1be1f153f0_jpg.rf.678bdd48ae14dd5c7cd36416a6c4f759.jpg
valid__00e8fdd668abf79ccc314a9121a7cfa5_jpg.jpg,valid__00e8fdd668abf79ccc314a9121a7cfa5_jpg.txt,valid,00e8fdd668abf79ccc314a9121a7cfa5_jpg.rf.4146561301d6115ed850953dd10df88a,00e8fdd668abf79ccc314a9121a7cfa5_jpg.rf.4146561301d6115ed850953dd10df88a.jpg,/home/constantin/Doctorat/GunDatasetNoAugSplit/valid/images/00e8fdd668abf79ccc314a9121a7cfa5_jpg.rf.4146561301d6115ed850953dd10df88a.jpg
valid__0ED81PY2V6H8ABY2LOE6CP4D1QQQZ4_jpg.jpg,valid__0ED81PY2V6H8ABY2LOE6CP4D1QQQZ4_jpg.txt,valid,0ED81PY2V6H8ABY2LOE6CP4D1QQQZ4_jpg.rf.31b79b2953555f90f1ac947d41d5bf14,0ED81PY2V6H8ABY2LOE6CP4D1QQQZ4_jpg.rf.31b79b2953555f90f1ac947d41d5bf14.jpg,/home/constantin/Doctorat/GunDatasetNoAugSplit/valid/images/0ED81PY2V6H8ABY2LOE6CP4D1QQQZ4_jpg.rf.31b79b2953555f90f1ac947d41d5bf14.jpg
valid__0GW5IS2ALWWOF82SHF70HKQWO1PV2H_jpg.jpg,valid__0GW5IS2ALWWOF82SHF70HKQWO1PV2H_jpg.txt,valid,0GW5IS2ALWWOF82SHF70HKQWO1PV2H_jpg.rf.6f389025397064e930d667b7d6da0dee,0GW5IS2ALWWOF82SHF70HKQWO1PV2H_jpg.rf.6f389025397064e930d667b7d6da0dee.jpg,/home/constantin/Doctorat/GunDatasetNoAugSplit/valid/images/0GW5IS2ALWWOF82SHF70HKQWO1PV2H_jpg.rf.6f389025397064e930d667b7d6da0dee.jpg
valid__1-132-_jpg.jpg,valid__1-132-_jpg.txt,valid,1-132-_jpg.rf.a4c3fceb23a7fe4b131789f5af7e10f3,1-132-_jpg.rf.a4c3fceb23a7fe4b131789f5af7e10f3.jpg,/home/constantin/Doctorat/GunDatasetNoAugSplit/valid/images/1-132-_jpg.rf.a4c3fceb23a7fe4b131789f5af7e10f3.jpg
valid__1954a52e-937c-4a73-b1fc-d62c319c1010_jpg.jpg,valid__1954a52e-937c-4a73-b1fc-d62c319c1010_jpg.txt,valid,1954a52e-937c-4a73-b1fc-d62c319c1010_jpg.rf.99ff5f412bb30042086a068730a9784e,1954a52e-937c-4a73-b1fc-d62c319c1010_jpg.rf.99ff5f412bb30042086a068730a9784e.jpg,/home/constantin/Doctorat/GunDatasetNoAugSplit/valid/images/1954a52e-937c-4a73-b1fc-d62c319c1010_jpg.rf.99ff5f412bb30042086a068730a9784e.jpg
valid__1b7a9f1c2c64a0b54ca0f2b8fbd232b4_jpg.jpg,valid__1b7a9f1c2c64a0b54ca0f2b8fbd232b4_jpg.txt,valid,1b7a9f1c2c64a0b54ca0f2b8fbd232b4_jpg.rf.7e0faaae180d38399c72f82a06880f09,1b7a9f1c2c64a0b54ca0f2b8fbd232b4_jpg.rf.7e0faaae180d38399c72f82a06880f09.jpg,/home/constantin/Doctorat/GunDatasetNoAugSplit/valid/images/1b7a9f1c2c64a0b54ca0f2b8fbd232b4_jpg.rf.7e0faaae180d38399c72f82a06880f09.jpg
valid__2-292-_jpg.jpg,valid__2-292-_jpg.txt,valid,2-292-_jpg.rf.48dbac14a4cde406a2371254e8395ded,2-292-_jpg.rf.48dbac14a4cde406a2371254e8395ded.jpg,/home/constantin/Doctorat/GunDatasetNoAugSplit/valid/images/2-292-_jpg.rf.48dbac14a4cde406a2371254e8395ded.jpg
valid__294_jpg.jpg,valid__294_jpg.txt,valid,294_jpg.rf.a3409ef4668a4f26ea03258fc250a808,294_jpg.rf.a3409ef4668a4f26ea03258fc250a808.jpg,/home/constantin/Doctorat/GunDatasetNoAugSplit/valid/images/294_jpg.rf.a3409ef4668a4f26ea03258fc250a808.jpg
valid__2a1f6196-yorkshire-wartime-experience-leeds-uk-august-fragmentation-hand-grenad_4xKClvk_jpg.jpg,valid__2a1f6196-yorkshire-wartime-experience-leeds-uk-august-fragmentation-hand-grenad_4xKClvk_jpg.txt,valid,2a1f6196-yorkshire-wartime-experience-leeds-uk-august-fragmentation-hand-grenad_4xKClvk_jpg.rf.e4901697cc0e44492ad6a42b43a68227,2a1f6196-yorkshire-wartime-experience-leeds-uk-august-fragmentation-hand-grenad_4xKClvk_jpg.rf.e4901697cc0e44492ad6a42b43a68227.jpg,/home/constantin/Doctorat/GunDatasetNoAugSplit/valid/images/2a1f6196-yorkshire-wartime-experience-leeds-uk-august-fragmentation-hand-grenad_4xKClvk_jpg.rf.e4901697cc0e44492ad6a42b43a68227.jpg
valid__407262159-1602932533_jpeg_jpg.jpg,valid__407262159-1602932533_jpeg_jpg.txt,valid,407262159-1602932533_jpeg_jpg.rf.832cc4da06106b97b7e03d3b59fccae9,407262159-1602932533_jpeg_jpg.rf.832cc4da06106b97b7e03d3b59fccae9.jpg,/home/constantin/Doctorat/GunDatasetNoAugSplit/valid/images/407262159-1602932533_jpeg_jpg.rf.832cc4da06106b97b7e03d3b59fccae9.jpg
valid__41-1339_jpg.jpg,valid__41-1339_jpg.txt,valid,41-1339_jpg.rf.3c272a8f94774f27d20ba6156da72754,41-1339_jpg.rf.3c272a8f94774f27d20ba6156da72754.jpg,/home/constantin/Doctorat/GunDatasetNoAugSplit/valid/images/41-1339_jpg.rf.3c272a8f94774f27d20ba6156da72754.jpg
valid__419_jpg.jpg,valid__419_jpg.txt,valid,419_jpg.rf.0a639a0fbe662954f34af5b0854190b1,419_jpg.rf.0a639a0fbe662954f34af5b0854190b1.jpg,/home/constantin/Doctorat/GunDatasetNoAugSplit/valid/images/419_jpg.rf.0a639a0fbe662954f34af5b0854190b1.jpg
valid__437151387-1610689121_jpeg.jpg,valid__437151387-1610689121_jpeg.txt,valid,437151387-1610689121_jpeg.rf.09ffdfa94c6c83929ab3dc271667a2e0,437151387-1610689121_jpeg.rf.09ffdfa94c6c83929ab3dc271667a2e0.jpg,/home/constantin/Doctorat/GunDatasetNoAugSplit/valid/images/437151387-1610689121_jpeg.rf.09ffdfa94c6c83929ab3dc271667a2e0.jpg
valid__441594209-1611826495_jpeg.jpg,valid__441594209-1611826495_jpeg.txt,valid,441594209-1611826495_jpeg.rf.d43c51ab0a365108a9640c2c02627857,441594209-1611826495_jpeg.rf.d43c51ab0a365108a9640c2c02627857.jpg,/home/constantin/Doctorat/GunDatasetNoAugSplit/valid/images/441594209-1611826495_jpeg.rf.d43c51ab0a365108a9640c2c02627857.jpg
valid__445_png_jpg.jpg,valid__445_png_jpg.txt,valid,445_png_jpg.rf.9813152c2ed49688d3b95365c02e9341,445_png_jpg.rf.9813152c2ed49688d3b95365c02e9341.jpg,/home/constantin/Doctorat/GunDatasetNoAugSplit/valid/images/445_png_jpg.rf.9813152c2ed49688d3b95365c02e9341.jpg
valid__445_png_jpg_1.jpg,valid__445_png_jpg_1.txt,valid,445_png_jpg.rf.e96f8666d9ce9083d312cdf8fff8af7e,445_png_jpg.rf.e96f8666d9ce9083d312cdf8fff8af7e.jpg,/home/constantin/Doctorat/GunDatasetNoAugSplit/valid/images/445_png_jpg.rf.e96f8666d9ce9083d312cdf8fff8af7e.jpg
valid__446_png_jpg.jpg,valid__446_png_jpg.txt,valid,446_png_jpg.rf.176636097fafaff0b926ad23a6a2388b,446_png_jpg.rf.176636097fafaff0b926ad23a6a2388b.jpg,/home/constantin/Doctorat/GunDatasetNoAugSplit/valid/images/446_png_jpg.rf.176636097fafaff0b926ad23a6a2388b.jpg
valid__44_jpg.jpg,valid__44_jpg.txt,valid,44_jpg.rf.11d1ed94fd4c6244aa952c5aee7e231d,44_jpg.rf.11d1ed94fd4c6244aa952c5aee7e231d.jpg,/home/constantin/Doctorat/GunDatasetNoAugSplit/valid/images/44_jpg.rf.11d1ed94fd4c6244aa952c5aee7e231d.jpg
valid__464617387-1617280500_jpeg.jpg,valid__464617387-1617280500_jpeg.txt,valid,464617387-1617280500_jpeg.rf.73fb455541bc51e24f589aaba3630ef7,464617387-1617280500_jpeg.rf.73fb455541bc51e24f589aaba3630ef7.jpg,/home/constantin/Doctorat/GunDatasetNoAugSplit/valid/images/464617387-1617280500_jpeg.rf.73fb455541bc51e24f589aaba3630ef7.jpg
valid__467186561-1618050984_jpeg_jpg.jpg,valid__467186561-1618050984_jpeg_jpg.txt,valid,467186561-1618050984_jpeg_jpg.rf.5ef251253ce2cc4d623d42c06e01c06c,467186561-1618050984_jpeg_jpg.rf.5ef251253ce2cc4d623d42c06e01c06c.jpg,/home/constantin/Doctorat/GunDatasetNoAugSplit/valid/images/467186561-1618050984_jpeg_jpg.rf.5ef251253ce2cc4d623d42c06e01c06c.jpg
valid__471cf188-41_jpeg_jpg.jpg,valid__471cf188-41_jpeg_jpg.txt,valid,471cf188-41_jpeg_jpg.rf.3d0d9d97c2c56b8d7ab15fecd1d32423,471cf188-41_jpeg_jpg.rf.3d0d9d97c2c56b8d7ab15fecd1d32423.jpg,/home/constantin/Doctorat/GunDatasetNoAugSplit/valid/images/471cf188-41_jpeg_jpg.rf.3d0d9d97c2c56b8d7ab15fecd1d32423.jpg
valid__47_jpg.jpg,valid__47_jpg.txt,valid,47_jpg.rf.2787aebcc8e66e6d9f1a2b8b0b722cdf,47_jpg.rf.2787aebcc8e66e6d9f1a2b8b0b722cdf.jpg,/home/constantin/Doctorat/GunDatasetNoAugSplit/valid/images/47_jpg.rf.2787aebcc8e66e6d9f1a2b8b0b722cdf.jpg
valid__5a2974d792a69b5e_jpg.jpg,valid__5a2974d792a69b5e_jpg.txt,valid,5a2974d792a69b5e_jpg.rf.b3f69bc5421ecd7dfee98b27ea91d628,5a2974d792a69b5e_jpg.rf.b3f69bc5421ecd7dfee98b27ea91d628.jpg,/home/constantin/Doctorat/GunDatasetNoAugSplit/valid/images/5a2974d792a69b5e_jpg.rf.b3f69bc5421ecd7dfee98b27ea91d628.jpg
valid__60380e22268996359493e754091eba50_jpg.jpg,valid__60380e22268996359493e754091eba50_jpg.txt,valid,60380e22268996359493e754091eba50_jpg.rf.1a61dd6f51809b143df24bbacd1c0a10,60380e22268996359493e754091eba50_jpg.rf.1a61dd6f51809b143df24bbacd1c0a10.jpg,/home/constantin/Doctorat/GunDatasetNoAugSplit/valid/images/60380e22268996359493e754091eba50_jpg.rf.1a61dd6f51809b143df24bbacd1c0a10.jpg
valid__719113974dabc25b559d177d424dae53_jpg.jpg,valid__719113974dabc25b559d177d424dae53_jpg.txt,valid,719113974dabc25b559d177d424dae53_jpg.rf.23b6b237ffaf952c21dc20ad33c2fd93,719113974dabc25b559d177d424dae53_jpg.rf.23b6b237ffaf952c21dc20ad33c2fd93.jpg,/home/constantin/Doctorat/GunDatasetNoAugSplit/valid/images/719113974dabc25b559d177d424dae53_jpg.rf.23b6b237ffaf952c21dc20ad33c2fd93.jpg
valid__843bf90c68f97c8a_jpg.jpg,valid__843bf90c68f97c8a_jpg.txt,valid,843bf90c68f97c8a_jpg.rf.1b058ec1bd7c9f5a48599af728b6744f,843bf90c68f97c8a_jpg.rf.1b058ec1bd7c9f5a48599af728b6744f.jpg,/home/constantin/Doctorat/GunDatasetNoAugSplit/valid/images/843bf90c68f97c8a_jpg.rf.1b058ec1bd7c9f5a48599af728b6744f.jpg
valid__8877420a-test6_jpg.jpg,valid__8877420a-test6_jpg.txt,valid,8877420a-test6_jpg.rf.33793114289395929057755f47c69801,8877420a-test6_jpg.rf.33793114289395929057755f47c69801.jpg,/home/constantin/Doctorat/GunDatasetNoAugSplit/valid/images/8877420a-test6_jpg.rf.33793114289395929057755f47c69801.jpg
valid__9e721e0f7ffd3593095fb0880e40f037_tn_jpg.jpg,valid__9e721e0f7ffd3593095fb0880e40f037_tn_jpg.txt,valid,9e721e0f7ffd3593095fb0880e40f037_tn_jpg.rf.ccd8108b2045e6806a939a0b74a77e37,9e721e0f7ffd3593095fb0880e40f037_tn_jpg.rf.ccd8108b2045e6806a939a0b74a77e37.jpg,/home/constantin/Doctorat/GunDatasetNoAugSplit/valid/images/9e721e0f7ffd3593095fb0880e40f037_tn_jpg.rf.ccd8108b2045e6806a939a0b74a77e37.jpg
valid__9ec5c4902249b049_jpg.jpg,valid__9ec5c4902249b049_jpg.txt,valid,9ec5c4902249b049_jpg.rf.d97a727adfe8bca111272b43e387eced,9ec5c4902249b049_jpg.rf.d97a727adfe8bca111272b43e387eced.jpg,/home/constantin/Doctorat/GunDatasetNoAugSplit/valid/images/9ec5c4902249b049_jpg.rf.d97a727adfe8bca111272b43e387eced.jpg
valid__9f7a0de742d7f80726f0092e270e684c-nerf-toys-christmas-toys_jpg.jpg,valid__9f7a0de742d7f80726f0092e270e684c-nerf-toys-christmas-toys_jpg.txt,valid,9f7a0de742d7f80726f0092e270e684c-nerf-toys-christmas-toys_jpg.rf.1898bcd39ce4bcca1bf1a2bd35565de7,9f7a0de742d7f80726f0092e270e684c-nerf-toys-christmas-toys_jpg.rf.1898bcd39ce4bcca1bf1a2bd35565de7.jpg,/home/constantin/Doctorat/GunDatasetNoAugSplit/valid/images/9f7a0de742d7f80726f0092e270e684c-nerf-toys-christmas-toys_jpg.rf.1898bcd39ce4bcca1bf1a2bd35565de7.jpg
valid__CAR00070_jpg.jpg,valid__CAR00070_jpg.txt,valid,CAR00070_jpg.rf.0aefdda2f16715865973a1918ce97c08,CAR00070_jpg.rf.0aefdda2f16715865973a1918ce97c08.jpg,/home/constantin/Doctorat/GunDatasetNoAugSplit/valid/images/CAR00070_jpg.rf.0aefdda2f16715865973a1918ce97c08.jpg
valid__DSC_0050_JPG.jpg,valid__DSC_0050_JPG.txt,valid,DSC_0050_JPG.rf.b795c776f6bf5dacb7f8d9972bd91e3e,DSC_0050_JPG.rf.b795c776f6bf5dacb7f8d9972bd91e3e.jpg,/home/constantin/Doctorat/GunDatasetNoAugSplit/valid/images/DSC_0050_JPG.rf.b795c776f6bf5dacb7f8d9972bd91e3e.jpg
valid__DSC_0069_JPG.jpg,valid__DSC_0069_JPG.txt,valid,DSC_0069_JPG.rf.34d3ec5cb05401248777500d6ca866ae,DSC_0069_JPG.rf.34d3ec5cb05401248777500d6ca866ae.jpg,/home/constantin/Doctorat/GunDatasetNoAugSplit/valid/images/DSC_0069_JPG.rf.34d3ec5cb05401248777500d6ca866ae.jpg
valid__DatasetWeapons_1203_png.jpg,valid__DatasetWeapons_1203_png.txt,valid,DatasetWeapons_1203_png.rf.4d7e8be64a69ceb8cf7ffbd44447b462,DatasetWeapons_1203_png.rf.4d7e8be64a69ceb8cf7ffbd44447b462.jpg,/home/constantin/Doctorat/GunDatasetNoAugSplit/valid/images/DatasetWeapons_1203_png.rf.4d7e8be64a69ceb8cf7ffbd44447b462.jpg
valid__DatasetWeapons_1853_png.jpg,valid__DatasetWeapons_1853_png.txt,valid,DatasetWeapons_1853_png.rf.7f2cb4977d45e7c5ff9d93f7b37fb905,DatasetWeapons_1853_png.rf.7f2cb4977d45e7c5ff9d93f7b37fb905.jpg,/home/constantin/Doctorat/GunDatasetNoAugSplit/valid/images/DatasetWeapons_1853_png.rf.7f2cb4977d45e7c5ff9d93f7b37fb905.jpg
valid__DatasetWeapons_2390_png.jpg,valid__DatasetWeapons_2390_png.txt,valid,DatasetWeapons_2390_png.rf.a578b8d83dab5edeaf0edc94908054a1,DatasetWeapons_2390_png.rf.a578b8d83dab5edeaf0edc94908054a1.jpg,/home/constantin/Doctorat/GunDatasetNoAugSplit/valid/images/DatasetWeapons_2390_png.rf.a578b8d83dab5edeaf0edc94908054a1.jpg
valid__DatasetWeapons_2532_png.jpg,valid__DatasetWeapons_2532_png.txt,valid,DatasetWeapons_2532_png.rf.7294d83be0262135ab7e097ee4d582db,DatasetWeapons_2532_png.rf.7294d83be0262135ab7e097ee4d582db.jpg,/home/constantin/Doctorat/GunDatasetNoAugSplit/valid/images/DatasetWeapons_2532_png.rf.7294d83be0262135ab7e097ee4d582db.jpg
valid__DatasetWeapons_2643_png.jpg,valid__DatasetWeapons_2643_png.txt,valid,DatasetWeapons_2643_png.rf.8ca23b5e2ee805ac780047787050f970,DatasetWeapons_2643_png.rf.8ca23b5e2ee805ac780047787050f970.jpg,/home/constantin/Doctorat/GunDatasetNoAugSplit/valid/images/DatasetWeapons_2643_png.rf.8ca23b5e2ee805ac780047787050f970.jpg
valid__DatasetWeapons_2847_png.jpg,valid__DatasetWeapons_2847_png.txt,valid,DatasetWeapons_2847_png.rf.10faae0ed2ff76f32bebb8e1204d4730,DatasetWeapons_2847_png.rf.10faae0ed2ff76f32bebb8e1204d4730.jpg,/home/constantin/Doctorat/GunDatasetNoAugSplit/valid/images/DatasetWeapons_2847_png.rf.10faae0ed2ff76f32bebb8e1204d4730.jpg
valid__DatasetWeapons_3419_png.jpg,valid__DatasetWeapons_3419_png.txt,valid,DatasetWeapons_3419_png.rf.72e4e8c806a0e433dd6594d9464a3e81,DatasetWeapons_3419_png.rf.72e4e8c806a0e433dd6594d9464a3e81.jpg,/home/constantin/Doctorat/GunDatasetNoAugSplit/valid/images/DatasetWeapons_3419_png.rf.72e4e8c806a0e433dd6594d9464a3e81.jpg
valid__DatasetWeapons_3536_png.jpg,valid__DatasetWeapons_3536_png.txt,valid,DatasetWeapons_3536_png.rf.ed4d00c7f5d415989fbd34f301b4b800,DatasetWeapons_3536_png.rf.ed4d00c7f5d415989fbd34f301b4b800.jpg,/home/constantin/Doctorat/GunDatasetNoAugSplit/valid/images/DatasetWeapons_3536_png.rf.ed4d00c7f5d415989fbd34f301b4b800.jpg
valid__DatasetWeapons_3638_png.jpg,valid__DatasetWeapons_3638_png.txt,valid,DatasetWeapons_3638_png.rf.cd9ba79f461efcb597d05107934adde0,DatasetWeapons_3638_png.rf.cd9ba79f461efcb597d05107934adde0.jpg,/home/constantin/Doctorat/GunDatasetNoAugSplit/valid/images/DatasetWeapons_3638_png.rf.cd9ba79f461efcb597d05107934adde0.jpg
valid__DatasetWeapons_4270_png.jpg,valid__DatasetWeapons_4270_png.txt,valid,DatasetWeapons_4270_png.rf.05061078714340f459db62c8f95dba13,DatasetWeapons_4270_png.rf.05061078714340f459db62c8f95dba13.jpg,/home/constantin/Doctorat/GunDatasetNoAugSplit/valid/images/DatasetWeapons_4270_png.rf.05061078714340f459db62c8f95dba13.jpg
valid__DatasetWeapons_4334_png.jpg,valid__DatasetWeapons_4334_png.txt,valid,DatasetWeapons_4334_png.rf.8f8f768e8b4ff5a965d506b77d0dda39,DatasetWeapons_4334_png.rf.8f8f768e8b4ff5a965d506b77d0dda39.jpg,/home/constantin/Doctorat/GunDatasetNoAugSplit/valid/images/DatasetWeapons_4334_png.rf.8f8f768e8b4ff5a965d506b77d0dda39.jpg
valid__DatasetWeapons_4340_png.jpg,valid__DatasetWeapons_4340_png.txt,valid,DatasetWeapons_4340_png.rf.8ad8604acfb784755f3bfa9a7d158bb7,DatasetWeapons_4340_png.rf.8ad8604acfb784755f3bfa9a7d158bb7.jpg,/home/constantin/Doctorat/GunDatasetNoAugSplit/valid/images/DatasetWeapons_4340_png.rf.8ad8604acfb784755f3bfa9a7d158bb7.jpg
valid__DatasetWeapons_4363_png.jpg,valid__DatasetWeapons_4363_png.txt,valid,DatasetWeapons_4363_png.rf.0693169d431ac4244e29e081d6cbc81d,DatasetWeapons_4363_png.rf.0693169d431ac4244e29e081d6cbc81d.jpg,/home/constantin/Doctorat/GunDatasetNoAugSplit/valid/images/DatasetWeapons_4363_png.rf.0693169d431ac4244e29e081d6cbc81d.jpg
valid__DatasetWeapons_4411_png.jpg,valid__DatasetWeapons_4411_png.txt,valid,DatasetWeapons_4411_png.rf.c3ab505f666afdc5b161b0c49d732142,DatasetWeapons_4411_png.rf.c3ab505f666afdc5b161b0c49d732142.jpg,/home/constantin/Doctorat/GunDatasetNoAugSplit/valid/images/DatasetWeapons_4411_png.rf.c3ab505f666afdc5b161b0c49d732142.jpg
valid__DatasetWeapons_4573_png.jpg,valid__DatasetWeapons_4573_png.txt,valid,DatasetWeapons_4573_png.rf.269f602e721b12cb47a298fef194f7f7,DatasetWeapons_4573_png.rf.269f602e721b12cb47a298fef194f7f7.jpg,/home/constantin/Doctorat/GunDatasetNoAugSplit/valid/images/DatasetWeapons_4573_png.rf.269f602e721b12cb47a298fef194f7f7.jpg
valid__DatasetWeapons_5198_png.jpg,valid__DatasetWeapons_5198_png.txt,valid,DatasetWeapons_5198_png.rf.36e14b334108f4746b13166fbd46a04b,DatasetWeapons_5198_png.rf.36e14b334108f4746b13166fbd46a04b.jpg,/home/constantin/Doctorat/GunDatasetNoAugSplit/valid/images/DatasetWeapons_5198_png.rf.36e14b334108f4746b13166fbd46a04b.jpg
valid__DatasetWeapons_5295_png.jpg,valid__DatasetWeapons_5295_png.txt,valid,DatasetWeapons_5295_png.rf.158d01a1fcb07a351ba71e9f1844c6be,DatasetWeapons_5295_png.rf.158d01a1fcb07a351ba71e9f1844c6be.jpg,/home/constantin/Doctorat/GunDatasetNoAugSplit/valid/images/DatasetWeapons_5295_png.rf.158d01a1fcb07a351ba71e9f1844c6be.jpg
valid__DatasetWeapons_5547_png.jpg,valid__DatasetWeapons_5547_png.txt,valid,DatasetWeapons_5547_png.rf.ee00f7eeae68cee0d8002589fc9de89e,DatasetWeapons_5547_png.rf.ee00f7eeae68cee0d8002589fc9de89e.jpg,/home/constantin/Doctorat/GunDatasetNoAugSplit/valid/images/DatasetWeapons_5547_png.rf.ee00f7eeae68cee0d8002589fc9de89e.jpg
valid__DatasetWeapons_5876_png.jpg,valid__DatasetWeapons_5876_png.txt,valid,DatasetWeapons_5876_png.rf.18f7646153e9cc35b989b73911c5aec3,DatasetWeapons_5876_png.rf.18f7646153e9cc35b989b73911c5aec3.jpg,/home/constantin/Doctorat/GunDatasetNoAugSplit/valid/images/DatasetWeapons_5876_png.rf.18f7646153e9cc35b989b73911c5aec3.jpg
valid__DatasetWeapons_5925_png.jpg,valid__DatasetWeapons_5925_png.txt,valid,DatasetWeapons_5925_png.rf.a85c974b7968bd068612a3c19228c198,DatasetWeapons_5925_png.rf.a85c974b7968bd068612a3c19228c198.jpg,/home/constantin/Doctorat/GunDatasetNoAugSplit/valid/images/DatasetWeapons_5925_png.rf.a85c974b7968bd068612a3c19228c198.jpg
valid__DatasetWeapons_6001_png.jpg,valid__DatasetWeapons_6001_png.txt,valid,DatasetWeapons_6001_png.rf.265d4968e273cf50af26067e7228bcd7,DatasetWeapons_6001_png.rf.265d4968e273cf50af26067e7228bcd7.jpg,/home/constantin/Doctorat/GunDatasetNoAugSplit/valid/images/DatasetWeapons_6001_png.rf.265d4968e273cf50af26067e7228bcd7.jpg
valid__DatasetWeapons_6276_png.jpg,valid__DatasetWeapons_6276_png.txt,valid,DatasetWeapons_6276_png.rf.99e92ef4a2ed724c2f2b26a8df69093e,DatasetWeapons_6276_png.rf.99e92ef4a2ed724c2f2b26a8df69093e.jpg,/home/constantin/Doctorat/GunDatasetNoAugSplit/valid/images/DatasetWeapons_6276_png.rf.99e92ef4a2ed724c2f2b26a8df69093e.jpg
valid__DatasetWeapons_822_png.jpg,valid__DatasetWeapons_822_png.txt,valid,DatasetWeapons_822_png.rf.f587b1c1b1e430908715ac49a4aa42b4,DatasetWeapons_822_png.rf.f587b1c1b1e430908715ac49a4aa42b4.jpg,/home/constantin/Doctorat/GunDatasetNoAugSplit/valid/images/DatasetWeapons_822_png.rf.f587b1c1b1e430908715ac49a4aa42b4.jpg
valid__FILE042_JPG_jpg.jpg,valid__FILE042_JPG_jpg.txt,valid,FILE042_JPG_jpg.rf.c7e3213410c2c3ec445b8eb072b1dab1,FILE042_JPG_jpg.rf.c7e3213410c2c3ec445b8eb072b1dab1.jpg,/home/constantin/Doctorat/GunDatasetNoAugSplit/valid/images/FILE042_JPG_jpg.rf.c7e3213410c2c3ec445b8eb072b1dab1.jpg
valid__FILE250_JPG_jpg.jpg,valid__FILE250_JPG_jpg.txt,valid,FILE250_JPG_jpg.rf.f48b57c711477aa42864d3d0843756fd,FILE250_JPG_jpg.rf.f48b57c711477aa42864d3d0843756fd.jpg,/home/constantin/Doctorat/GunDatasetNoAugSplit/valid/images/FILE250_JPG_jpg.rf.f48b57c711477aa42864d3d0843756fd.jpg
valid__FILE329_JPG_jpg.jpg,valid__FILE329_JPG_jpg.txt,valid,FILE329_JPG_jpg.rf.3591329265f65138cf94dfb682246746,FILE329_JPG_jpg.rf.3591329265f65138cf94dfb682246746.jpg,/home/constantin/Doctorat/GunDatasetNoAugSplit/valid/images/FILE329_JPG_jpg.rf.3591329265f65138cf94dfb682246746.jpg
valid__FILE5363_JPG_jpg.jpg,valid__FILE5363_JPG_jpg.txt,valid,FILE5363_JPG_jpg.rf.690a612594b41d7d48c21dff3a455703,FILE5363_JPG_jpg.rf.690a612594b41d7d48c21dff3a455703.jpg,/home/constantin/Doctorat/GunDatasetNoAugSplit/valid/images/FILE5363_JPG_jpg.rf.690a612594b41d7d48c21dff3a455703.jpg
valid__FILE806_JPG_jpg.jpg,valid__FILE806_JPG_jpg.txt,valid,FILE806_JPG_jpg.rf.8215fb86f72c84dc5f4a7f335b5fbc52,FILE806_JPG_jpg.rf.8215fb86f72c84dc5f4a7f335b5fbc52.jpg,/home/constantin/Doctorat/GunDatasetNoAugSplit/valid/images/FILE806_JPG_jpg.rf.8215fb86f72c84dc5f4a7f335b5fbc52.jpg
valid__KnifeDataset_1005_png.jpg,valid__KnifeDataset_1005_png.txt,valid,KnifeDataset_1005_png.rf.8fa9a35d39880a95fe6c7a84e9689885,KnifeDataset_1005_png.rf.8fa9a35d39880a95fe6c7a84e9689885.jpg,/home/constantin/Doctorat/GunDatasetNoAugSplit/valid/images/KnifeDataset_1005_png.rf.8fa9a35d39880a95fe6c7a84e9689885.jpg
valid__KnifeDataset_103_png.jpg,valid__KnifeDataset_103_png.txt,valid,KnifeDataset_103_png.rf.26b56b98800cfe8fc5cbe117136c0bb1,KnifeDataset_103_png.rf.26b56b98800cfe8fc5cbe117136c0bb1.jpg,/home/constantin/Doctorat/GunDatasetNoAugSplit/valid/images/KnifeDataset_103_png.rf.26b56b98800cfe8fc5cbe117136c0bb1.jpg
valid__KnifeDataset_127_png.jpg,valid__KnifeDataset_127_png.txt,valid,KnifeDataset_127_png.rf.959232f53d3b33e35651a68d50d3d8f2,KnifeDataset_127_png.rf.959232f53d3b33e35651a68d50d3d8f2.jpg,/home/constantin/Doctorat/GunDatasetNoAugSplit/valid/images/KnifeDataset_127_png.rf.959232f53d3b33e35651a68d50d3d8f2.jpg
valid__KnifeDataset_147_png.jpg,valid__KnifeDataset_147_png.txt,valid,KnifeDataset_147_png.rf.6fde1d5a718c316fe9702417d91d6f5e,KnifeDataset_147_png.rf.6fde1d5a718c316fe9702417d91d6f5e.jpg,/home/constantin/Doctorat/GunDatasetNoAugSplit/valid/images/KnifeDataset_147_png.rf.6fde1d5a718c316fe9702417d91d6f5e.jpg
valid__KnifeDataset_1830_png.jpg,valid__KnifeDataset_1830_png.txt,valid,KnifeDataset_1830_png.rf.7d0ca76e46de91859cb516fd068a4ba3,KnifeDataset_1830_png.rf.7d0ca76e46de91859cb516fd068a4ba3.jpg,/home/constantin/Doctorat/GunDatasetNoAugSplit/valid/images/KnifeDataset_1830_png.rf.7d0ca76e46de91859cb516fd068a4ba3.jpg
valid__KnifeDataset_2035_png.jpg,valid__KnifeDataset_2035_png.txt,valid,KnifeDataset_2035_png.rf.42da6cbfb8ac8a71f1d100d1ebf70716,KnifeDataset_2035_png.rf.42da6cbfb8ac8a71f1d100d1ebf70716.jpg,/home/constantin/Doctorat/GunDatasetNoAugSplit/valid/images/KnifeDataset_2035_png.rf.42da6cbfb8ac8a71f1d100d1ebf70716.jpg
valid__KnifeDataset_2659_png.jpg,valid__KnifeDataset_2659_png.txt,valid,KnifeDataset_2659_png.rf.98be0418c4cf1f0cabbade97d9d2d4d0,KnifeDataset_2659_png.rf.98be0418c4cf1f0cabbade97d9d2d4d0.jpg,/home/constantin/Doctorat/GunDatasetNoAugSplit/valid/images/KnifeDataset_2659_png.rf.98be0418c4cf1f0cabbade97d9d2d4d0.jpg
valid__KnifeDataset_2833_png.jpg,valid__KnifeDataset_2833_png.txt,valid,KnifeDataset_2833_png.rf.1999ed68c2a957e0c5b157750952f9df,KnifeDataset_2833_png.rf.1999ed68c2a957e0c5b157750952f9df.jpg,/home/constantin/Doctorat/GunDatasetNoAugSplit/valid/images/KnifeDataset_2833_png.rf.1999ed68c2a957e0c5b157750952f9df.jpg
valid__KnifeDataset_2914_png.jpg,valid__KnifeDataset_2914_png.txt,valid,KnifeDataset_2914_png.rf.f4f36a761d80d7bc9c1f8ba3ed7512be,KnifeDataset_2914_png.rf.f4f36a761d80d7bc9c1f8ba3ed7512be.jpg,/home/constantin/Doctorat/GunDatasetNoAugSplit/valid/images/KnifeDataset_2914_png.rf.f4f36a761d80d7bc9c1f8ba3ed7512be.jpg
valid__KnifeDataset_2949_png.jpg,valid__KnifeDataset_2949_png.txt,valid,KnifeDataset_2949_png.rf.fa9a8975f3306025065baa1c927fbdf3,KnifeDataset_2949_png.rf.fa9a8975f3306025065baa1c927fbdf3.jpg,/home/constantin/Doctorat/GunDatasetNoAugSplit/valid/images/KnifeDataset_2949_png.rf.fa9a8975f3306025065baa1c927fbdf3.jpg
valid__KnifeDataset_3221_png.jpg,valid__KnifeDataset_3221_png.txt,valid,KnifeDataset_3221_png.rf.cb5a82b25ec539dc843e592ea40d8c57,KnifeDataset_3221_png.rf.cb5a82b25ec539dc843e592ea40d8c57.jpg,/home/constantin/Doctorat/GunDatasetNoAugSplit/valid/images/KnifeDataset_3221_png.rf.cb5a82b25ec539dc843e592ea40d8c57.jpg
valid__KnifeDataset_339_png.jpg,valid__KnifeDataset_339_png.txt,valid,KnifeDataset_339_png.rf.92f92b5f1ed93c7a077b9b7bd6d06d6c,KnifeDataset_339_png.rf.92f92b5f1ed93c7a077b9b7bd6d06d6c.jpg,/home/constantin/Doctorat/GunDatasetNoAugSplit/valid/images/KnifeDataset_339_png.rf.92f92b5f1ed93c7a077b9b7bd6d06d6c.jpg
valid__KnifeDataset_3829_png.jpg,valid__KnifeDataset_3829_png.txt,valid,KnifeDataset_3829_png.rf.1af043024d7941fe7cc544681ae9b4a2,KnifeDataset_3829_png.rf.1af043024d7941fe7cc544681ae9b4a2.jpg,/home/constantin/Doctorat/GunDatasetNoAugSplit/valid/images/KnifeDataset_3829_png.rf.1af043024d7941fe7cc544681ae9b4a2.jpg
valid__KnifeDataset_4128_png.jpg,valid__KnifeDataset_4128_png.txt,valid,KnifeDataset_4128_png.rf.c6efe4c3ff3a73fe878b9f2b70d15962,KnifeDataset_4128_png.rf.c6efe4c3ff3a73fe878b9f2b70d15962.jpg,/home/constantin/Doctorat/GunDatasetNoAugSplit/valid/images/KnifeDataset_4128_png.rf.c6efe4c3ff3a73fe878b9f2b70d15962.jpg
valid__KnifeDataset_4280_png.jpg,valid__KnifeDataset_4280_png.txt,valid,KnifeDataset_4280_png.rf.8c1c57add7b16de76214f7683bae94f7,KnifeDataset_4280_png.rf.8c1c57add7b16de76214f7683bae94f7.jpg,/home/constantin/Doctorat/GunDatasetNoAugSplit/valid/images/KnifeDataset_4280_png.rf.8c1c57add7b16de76214f7683bae94f7.jpg
valid__KnifeDataset_4631_png.jpg,valid__KnifeDataset_4631_png.txt,valid,KnifeDataset_4631_png.rf.f1f3795dc4d6e5362373ce607ff2d446,KnifeDataset_4631_png.rf.f1f3795dc4d6e5362373ce607ff2d446.jpg,/home/constantin/Doctorat/GunDatasetNoAugSplit/valid/images/KnifeDataset_4631_png.rf.f1f3795dc4d6e5362373ce607ff2d446.jpg
valid__KnifeDataset_4725_png.jpg,valid__KnifeDataset_4725_png.txt,valid,KnifeDataset_4725_png.rf.5b909df412d86e19b7e4eb3c420e04fd,KnifeDataset_4725_png.rf.5b909df412d86e19b7e4eb3c420e04fd.jpg,/home/constantin/Doctorat/GunDatasetNoAugSplit/valid/images/KnifeDataset_4725_png.rf.5b909df412d86e19b7e4eb3c420e04fd.jpg
valid__KnifeDataset_472_png.jpg,valid__KnifeDataset_472_png.txt,valid,KnifeDataset_472_png.rf.ff68852453ccbe5189380a6d1ed62ea3,KnifeDataset_472_png.rf.ff68852453ccbe5189380a6d1ed62ea3.jpg,/home/constantin/Doctorat/GunDatasetNoAugSplit/valid/images/KnifeDataset_472_png.rf.ff68852453ccbe5189380a6d1ed62ea3.jpg
valid__KnifeDataset_486_png.jpg,valid__KnifeDataset_486_png.txt,valid,KnifeDataset_486_png.rf.f19b6e022ff0de377c1d740e9d6bf413,KnifeDataset_486_png.rf.f19b6e022ff0de377c1d740e9d6bf413.jpg,/home/constantin/Doctorat/GunDatasetNoAugSplit/valid/images/KnifeDataset_486_png.rf.f19b6e022ff0de377c1d740e9d6bf413.jpg
valid__KnifeDataset_5039_png.jpg,valid__KnifeDataset_5039_png.txt,valid,KnifeDataset_5039_png.rf.cf976bfaafdff2ab0a40605c3433c2fa,KnifeDataset_5039_png.rf.cf976bfaafdff2ab0a40605c3433c2fa.jpg,/home/constantin/Doctorat/GunDatasetNoAugSplit/valid/images/KnifeDataset_5039_png.rf.cf976bfaafdff2ab0a40605c3433c2fa.jpg
valid__KnifeDataset_5147_png.jpg,valid__KnifeDataset_5147_png.txt,valid,KnifeDataset_5147_png.rf.f525dd4885053840484b8b7f4f72d865,KnifeDataset_5147_png.rf.f525dd4885053840484b8b7f4f72d865.jpg,/home/constantin/Doctorat/GunDatasetNoAugSplit/valid/images/KnifeDataset_5147_png.rf.f525dd4885053840484b8b7f4f72d865.jpg
valid__KnifeDataset_5355_png.jpg,valid__KnifeDataset_5355_png.txt,valid,KnifeDataset_5355_png.rf.14b32894e5a0e9f4dd51893c299eacd2,KnifeDataset_5355_png.rf.14b32894e5a0e9f4dd51893c299eacd2.jpg,/home/constantin/Doctorat/GunDatasetNoAugSplit/valid/images/KnifeDataset_5355_png.rf.14b32894e5a0e9f4dd51893c299eacd2.jpg
valid__KnifeDataset_5561_png.jpg,valid__KnifeDataset_5561_png.txt,valid,KnifeDataset_5561_png.rf.6ce670baf438fc8aba2468665554995b,KnifeDataset_5561_png.rf.6ce670baf438fc8aba2468665554995b.jpg,/home/constantin/Doctorat/GunDatasetNoAugSplit/valid/images/KnifeDataset_5561_png.rf.6ce670baf438fc8aba2468665554995b.jpg
valid__KnifeDataset_576_png.jpg,valid__KnifeDataset_576_png.txt,valid,KnifeDataset_576_png.rf.a081b576e76cdb4e50e804d28c45de13,KnifeDataset_576_png.rf.a081b576e76cdb4e50e804d28c45de13.jpg,/home/constantin/Doctorat/GunDatasetNoAugSplit/valid/images/KnifeDataset_576_png.rf.a081b576e76cdb4e50e804d28c45de13.jpg
valid__KnifeDataset_5897_png.jpg,valid__KnifeDataset_5897_png.txt,valid,KnifeDataset_5897_png.rf.bf582f3c291c3f1900007fceda72d724,KnifeDataset_5897_png.rf.bf582f3c291c3f1900007fceda72d724.jpg,/home/constantin/Doctorat/GunDatasetNoAugSplit/valid/images/KnifeDataset_5897_png.rf.bf582f3c291c3f1900007fceda72d724.jpg
valid__KnifeDataset_5943_png.jpg,valid__KnifeDataset_5943_png.txt,valid,KnifeDataset_5943_png.rf.dc50cfda2cc6a348a36fff55ddcc7552,KnifeDataset_5943_png.rf.dc50cfda2cc6a348a36fff55ddcc7552.jpg,/home/constantin/Doctorat/GunDatasetNoAugSplit/valid/images/KnifeDataset_5943_png.rf.dc50cfda2cc6a348a36fff55ddcc7552.jpg
valid__KnifeDataset_6364_png.jpg,valid__KnifeDataset_6364_png.txt,valid,KnifeDataset_6364_png.rf.5c04d9d7ea41aaee390da4088bac7471,KnifeDataset_6364_png.rf.5c04d9d7ea41aaee390da4088bac7471.jpg,/home/constantin/Doctorat/GunDatasetNoAugSplit/valid/images/KnifeDataset_6364_png.rf.5c04d9d7ea41aaee390da4088bac7471.jpg
valid__KnifeDataset_6591_png.jpg,valid__KnifeDataset_6591_png.txt,valid,KnifeDataset_6591_png.rf.327c77376288d3ddcb633c85cf99cab9,KnifeDataset_6591_png.rf.327c77376288d3ddcb633c85cf99cab9.jpg,/home/constantin/Doctorat/GunDatasetNoAugSplit/valid/images/KnifeDataset_6591_png.rf.327c77376288d3ddcb633c85cf99cab9.jpg
valid__KnifeDataset_6802_png.jpg,valid__KnifeDataset_6802_png.txt,valid,KnifeDataset_6802_png.rf.c2686dbc65873b94f3d8e01be6815f06,KnifeDataset_6802_png.rf.c2686dbc65873b94f3d8e01be6815f06.jpg,/home/constantin/Doctorat/GunDatasetNoAugSplit/valid/images/KnifeDataset_6802_png.rf.c2686dbc65873b94f3d8e01be6815f06.jpg
valid__KnifeDataset_6836_png.jpg,valid__KnifeDataset_6836_png.txt,valid,KnifeDataset_6836_png.rf.71d7ea1468bdc9e7f82c953169577fa3,KnifeDataset_6836_png.rf.71d7ea1468bdc9e7f82c953169577fa3.jpg,/home/constantin/Doctorat/GunDatasetNoAugSplit/valid/images/KnifeDataset_6836_png.rf.71d7ea1468bdc9e7f82c953169577fa3.jpg
valid__KnifeDataset_736_png.jpg,valid__KnifeDataset_736_png.txt,valid,KnifeDataset_736_png.rf.bcc58cbe4b96295ce952b6c768211684,KnifeDataset_736_png.rf.bcc58cbe4b96295ce952b6c768211684.jpg,/home/constantin/Doctorat/GunDatasetNoAugSplit/valid/images/KnifeDataset_736_png.rf.bcc58cbe4b96295ce952b6c768211684.jpg
valid__KnifeDataset_81_png.jpg,valid__KnifeDataset_81_png.txt,valid,KnifeDataset_81_png.rf.4e6358a01ec463b766ed150ecbafe20d,KnifeDataset_81_png.rf.4e6358a01ec463b766ed150ecbafe20d.jpg,/home/constantin/Doctorat/GunDatasetNoAugSplit/valid/images/KnifeDataset_81_png.rf.4e6358a01ec463b766ed150ecbafe20d.jpg
valid__KnifeDataset_952_png.jpg,valid__KnifeDataset_952_png.txt,valid,KnifeDataset_952_png.rf.3cf5841cc1a9ca955c64d0841e19578d,KnifeDataset_952_png.rf.3cf5841cc1a9ca955c64d0841e19578d.jpg,/home/constantin/Doctorat/GunDatasetNoAugSplit/valid/images/KnifeDataset_952_png.rf.3cf5841cc1a9ca955c64d0841e19578d.jpg
valid__NewGunDataset1757_png.jpg,valid__NewGunDataset1757_png.txt,valid,NewGunDataset1757_png.rf.ec1baedb82fcf877a7b2d45dbd612da8,NewGunDataset1757_png.rf.ec1baedb82fcf877a7b2d45dbd612da8.jpg,/home/constantin/Doctorat/GunDatasetNoAugSplit/valid/images/NewGunDataset1757_png.rf.ec1baedb82fcf877a7b2d45dbd612da8.jpg
valid__NewGunDataset177_png.jpg,valid__NewGunDataset177_png.txt,valid,NewGunDataset177_png.rf.673bb3daad982ae5486978a72516d233,NewGunDataset177_png.rf.673bb3daad982ae5486978a72516d233.jpg,/home/constantin/Doctorat/GunDatasetNoAugSplit/valid/images/NewGunDataset177_png.rf.673bb3daad982ae5486978a72516d233.jpg
valid__NewGunDataset182_png.jpg,valid__NewGunDataset182_png.txt,valid,NewGunDataset182_png.rf.3daae10f58188e34fab843c66f78aeac,NewGunDataset182_png.rf.3daae10f58188e34fab843c66f78aeac.jpg,/home/constantin/Doctorat/GunDatasetNoAugSplit/valid/images/NewGunDataset182_png.rf.3daae10f58188e34fab843c66f78aeac.jpg
valid__NewGunDataset1842_png.jpg,valid__NewGunDataset1842_png.txt,valid,NewGunDataset1842_png.rf.1ae1a4bf35edaf4009f3f8bb7bc32d05,NewGunDataset1842_png.rf.1ae1a4bf35edaf4009f3f8bb7bc32d05.jpg,/home/constantin/Doctorat/GunDatasetNoAugSplit/valid/images/NewGunDataset1842_png.rf.1ae1a4bf35edaf4009f3f8bb7bc32d05.jpg
valid__NewGunDataset2509_png.jpg,valid__NewGunDataset2509_png.txt,valid,NewGunDataset2509_png.rf.96ceca561c24759b6ca6f5e8cee49400,NewGunDataset2509_png.rf.96ceca561c24759b6ca6f5e8cee49400.jpg,/home/constantin/Doctorat/GunDatasetNoAugSplit/valid/images/NewGunDataset2509_png.rf.96ceca561c24759b6ca6f5e8cee49400.jpg
valid__NewGunDataset2867_png.jpg,valid__NewGunDataset2867_png.txt,valid,NewGunDataset2867_png.rf.49cedb0b4f89ccf31318fe53e55f41ee,NewGunDataset2867_png.rf.49cedb0b4f89ccf31318fe53e55f41ee.jpg,/home/constantin/Doctorat/GunDatasetNoAugSplit/valid/images/NewGunDataset2867_png.rf.49cedb0b4f89ccf31318fe53e55f41ee.jpg
valid__NewGunDataset2937_png.jpg,valid__NewGunDataset2937_png.txt,valid,NewGunDataset2937_png.rf.fd61799f4d05d2ac61a2267c49a685f0,NewGunDataset2937_png.rf.fd61799f4d05d2ac61a2267c49a685f0.jpg,/home/constantin/Doctorat/GunDatasetNoAugSplit/valid/images/NewGunDataset2937_png.rf.fd61799f4d05d2ac61a2267c49a685f0.jpg
valid__NewGunDataset3068_png.jpg,valid__NewGunDataset3068_png.txt,valid,NewGunDataset3068_png.rf.7ffbf890dc085b774d3b82f0afe5af24,NewGunDataset3068_png.rf.7ffbf890dc085b774d3b82f0afe5af24.jpg,/home/constantin/Doctorat/GunDatasetNoAugSplit/valid/images/NewGunDataset3068_png.rf.7ffbf890dc085b774d3b82f0afe5af24.jpg
valid__NewGunDataset3150_png.jpg,valid__NewGunDataset3150_png.txt,valid,NewGunDataset3150_png.rf.172a39f80365a882f5406124e890f66e,NewGunDataset3150_png.rf.172a39f80365a882f5406124e890f66e.jpg,/home/constantin/Doctorat/GunDatasetNoAugSplit/valid/images/NewGunDataset3150_png.rf.172a39f80365a882f5406124e890f66e.jpg
valid__NewGunDataset3471_png.jpg,valid__NewGunDataset3471_png.txt,valid,NewGunDataset3471_png.rf.d224f8bffb6b3fed5a62241500761890,NewGunDataset3471_png.rf.d224f8bffb6b3fed5a62241500761890.jpg,/home/constantin/Doctorat/GunDatasetNoAugSplit/valid/images/NewGunDataset3471_png.rf.d224f8bffb6b3fed5a62241500761890.jpg
valid__NewGunDataset3477_png.jpg,valid__NewGunDataset3477_png.txt,valid,NewGunDataset3477_png.rf.3738e6987c795c431b7f2b38b56f5f5e,NewGunDataset3477_png.rf.3738e6987c795c431b7f2b38b56f5f5e.jpg,/home/constantin/Doctorat/GunDatasetNoAugSplit/valid/images/NewGunDataset3477_png.rf.3738e6987c795c431b7f2b38b56f5f5e.jpg
valid__NewGunDataset3480_png.jpg,valid__NewGunDataset3480_png.txt,valid,NewGunDataset3480_png.rf.177836d47570c1acc49c575fea2b0940,NewGunDataset3480_png.rf.177836d47570c1acc49c575fea2b0940.jpg,/home/constantin/Doctorat/GunDatasetNoAugSplit/valid/images/NewGunDataset3480_png.rf.177836d47570c1acc49c575fea2b0940.jpg
valid__NewGunDataset3726_png.jpg,valid__NewGunDataset3726_png.txt,valid,NewGunDataset3726_png.rf.ce916cb431af94f8210900a20a10fda9,NewGunDataset3726_png.rf.ce916cb431af94f8210900a20a10fda9.jpg,/home/constantin/Doctorat/GunDatasetNoAugSplit/valid/images/NewGunDataset3726_png.rf.ce916cb431af94f8210900a20a10fda9.jpg
valid__NewGunDataset3739_png.jpg,valid__NewGunDataset3739_png.txt,valid,NewGunDataset3739_png.rf.598acffbd377228094e9d976639bb60a,NewGunDataset3739_png.rf.598acffbd377228094e9d976639bb60a.jpg,/home/constantin/Doctorat/GunDatasetNoAugSplit/valid/images/NewGunDataset3739_png.rf.598acffbd377228094e9d976639bb60a.jpg
valid__NewGunDataset3757_png.jpg,valid__NewGunDataset3757_png.txt,valid,NewGunDataset3757_png.rf.3a3d36ea49b2d343988d4476c056dbfe,NewGunDataset3757_png.rf.3a3d36ea49b2d343988d4476c056dbfe.jpg,/home/constantin/Doctorat/GunDatasetNoAugSplit/valid/images/NewGunDataset3757_png.rf.3a3d36ea49b2d343988d4476c056dbfe.jpg
valid__NewGunDataset3825_png.jpg,valid__NewGunDataset3825_png.txt,valid,NewGunDataset3825_png.rf.beff55400897ab016ef130d10dde93bc,NewGunDataset3825_png.rf.beff55400897ab016ef130d10dde93bc.jpg,/home/constantin/Doctorat/GunDatasetNoAugSplit/valid/images/NewGunDataset3825_png.rf.beff55400897ab016ef130d10dde93bc.jpg
valid__NewGunDataset4333_png.jpg,valid__NewGunDataset4333_png.txt,valid,NewGunDataset4333_png.rf.2d8099c308606255f203c6b68f173819,NewGunDataset4333_png.rf.2d8099c308606255f203c6b68f173819.jpg,/home/constantin/Doctorat/GunDatasetNoAugSplit/valid/images/NewGunDataset4333_png.rf.2d8099c308606255f203c6b68f173819.jpg
valid__NewGunDataset4647_png.jpg,valid__NewGunDataset4647_png.txt,valid,NewGunDataset4647_png.rf.f24d6d612dee64ae6cb33152d74a14d3,NewGunDataset4647_png.rf.f24d6d612dee64ae6cb33152d74a14d3.jpg,/home/constantin/Doctorat/GunDatasetNoAugSplit/valid/images/NewGunDataset4647_png.rf.f24d6d612dee64ae6cb33152d74a14d3.jpg
valid__NewGunDataset4779_png.jpg,valid__NewGunDataset4779_png.txt,valid,NewGunDataset4779_png.rf.a47ae99795bf21c95e2920d73b53c851,NewGunDataset4779_png.rf.a47ae99795bf21c95e2920d73b53c851.jpg,/home/constantin/Doctorat/GunDatasetNoAugSplit/valid/images/NewGunDataset4779_png.rf.a47ae99795bf21c95e2920d73b53c851.jpg
valid__NewGunDataset4953_png.jpg,valid__NewGunDataset4953_png.txt,valid,NewGunDataset4953_png.rf.1168f74a778b07ba5826387b2b64e5c2,NewGunDataset4953_png.rf.1168f74a778b07ba5826387b2b64e5c2.jpg,/home/constantin/Doctorat/GunDatasetNoAugSplit/valid/images/NewGunDataset4953_png.rf.1168f74a778b07ba5826387b2b64e5c2.jpg
valid__NewGunDataset4986_png.jpg,valid__NewGunDataset4986_png.txt,valid,NewGunDataset4986_png.rf.817ca60e158308221f32f0ab4318789b,NewGunDataset4986_png.rf.817ca60e158308221f32f0ab4318789b.jpg,/home/constantin/Doctorat/GunDatasetNoAugSplit/valid/images/NewGunDataset4986_png.rf.817ca60e158308221f32f0ab4318789b.jpg
valid__NewGunDataset5042_jpg.jpg,valid__NewGunDataset5042_jpg.txt,valid,NewGunDataset5042_jpg.rf.24d58cd9c1dbfb2404448c45c5fe08bb,NewGunDataset5042_jpg.rf.24d58cd9c1dbfb2404448c45c5fe08bb.jpg,/home/constantin/Doctorat/GunDatasetNoAugSplit/valid/images/NewGunDataset5042_jpg.rf.24d58cd9c1dbfb2404448c45c5fe08bb.jpg
valid__NewGunDataset5147_png.jpg,valid__NewGunDataset5147_png.txt,valid,NewGunDataset5147_png.rf.bcb2dea9a121dcdff40dc2895bd9dbc6,NewGunDataset5147_png.rf.bcb2dea9a121dcdff40dc2895bd9dbc6.jpg,/home/constantin/Doctorat/GunDatasetNoAugSplit/valid/images/NewGunDataset5147_png.rf.bcb2dea9a121dcdff40dc2895bd9dbc6.jpg
valid__NewGunDataset5272_png.jpg,valid__NewGunDataset5272_png.txt,valid,NewGunDataset5272_png.rf.5fddc8abbaa47ae4968cb25408fb036a,NewGunDataset5272_png.rf.5fddc8abbaa47ae4968cb25408fb036a.jpg,/home/constantin/Doctorat/GunDatasetNoAugSplit/valid/images/NewGunDataset5272_png.rf.5fddc8abbaa47ae4968cb25408fb036a.jpg
valid__NewGunDataset5342_png.jpg,valid__NewGunDataset5342_png.txt,valid,NewGunDataset5342_png.rf.f67520b51d2ff009437f736ab6c75923,NewGunDataset5342_png.rf.f67520b51d2ff009437f736ab6c75923.jpg,/home/constantin/Doctorat/GunDatasetNoAugSplit/valid/images/NewGunDataset5342_png.rf.f67520b51d2ff009437f736ab6c75923.jpg
valid__NewGunDataset5358_png.jpg,valid__NewGunDataset5358_png.txt,valid,NewGunDataset5358_png.rf.0c9750db75632befc40ae18a5f7b41a5,NewGunDataset5358_png.rf.0c9750db75632befc40ae18a5f7b41a5.jpg,/home/constantin/Doctorat/GunDatasetNoAugSplit/valid/images/NewGunDataset5358_png.rf.0c9750db75632befc40ae18a5f7b41a5.jpg
valid__NewGunDataset5361_png.jpg,valid__NewGunDataset5361_png.txt,valid,NewGunDataset5361_png.rf.0b64a7621fa99acc9ff596a862789524,NewGunDataset5361_png.rf.0b64a7621fa99acc9ff596a862789524.jpg,/home/constantin/Doctorat/GunDatasetNoAugSplit/valid/images/NewGunDataset5361_png.rf.0b64a7621fa99acc9ff596a862789524.jpg
valid__NewGunDataset5483_png.jpg,valid__NewGunDataset5483_png.txt,valid,NewGunDataset5483_png.rf.fda35ab72a694d82d8ffcc0168208025,NewGunDataset5483_png.rf.fda35ab72a694d82d8ffcc0168208025.jpg,/home/constantin/Doctorat/GunDatasetNoAugSplit/valid/images/NewGunDataset5483_png.rf.fda35ab72a694d82d8ffcc0168208025.jpg
valid__NewGunDataset549_png.jpg,valid__NewGunDataset549_png.txt,valid,NewGunDataset549_png.rf.94876e6142bbb92cded3ef79639ca825,NewGunDataset549_png.rf.94876e6142bbb92cded3ef79639ca825.jpg,/home/constantin/Doctorat/GunDatasetNoAugSplit/valid/images/NewGunDataset549_png.rf.94876e6142bbb92cded3ef79639ca825.jpg
valid__NewGunDataset5538_jpg.jpg,valid__NewGunDataset5538_jpg.txt,valid,NewGunDataset5538_jpg.rf.fcacb459854089dfe8fd826a78c242dd,NewGunDataset5538_jpg.rf.fcacb459854089dfe8fd826a78c242dd.jpg,/home/constantin/Doctorat/GunDatasetNoAugSplit/valid/images/NewGunDataset5538_jpg.rf.fcacb459854089dfe8fd826a78c242dd.jpg
valid__NewGunDataset5598_png.jpg,valid__NewGunDataset5598_png.txt,valid,NewGunDataset5598_png.rf.d79269f7e259a6bd8c2e0ae635fabd05,NewGunDataset5598_png.rf.d79269f7e259a6bd8c2e0ae635fabd05.jpg,/home/constantin/Doctorat/GunDatasetNoAugSplit/valid/images/NewGunDataset5598_png.rf.d79269f7e259a6bd8c2e0ae635fabd05.jpg
valid__NewGunDataset5674_png.jpg,valid__NewGunDataset5674_png.txt,valid,NewGunDataset5674_png.rf.90c1e1f557d450f686672d6d22ac0ef0,NewGunDataset5674_png.rf.90c1e1f557d450f686672d6d22ac0ef0.jpg,/home/constantin/Doctorat/GunDatasetNoAugSplit/valid/images/NewGunDataset5674_png.rf.90c1e1f557d450f686672d6d22ac0ef0.jpg
valid__NewGunDataset5677_png.jpg,valid__NewGunDataset5677_png.txt,valid,NewGunDataset5677_png.rf.f159e5ed2df614c4b513d89cf9a943e8,NewGunDataset5677_png.rf.f159e5ed2df614c4b513d89cf9a943e8.jpg,/home/constantin/Doctorat/GunDatasetNoAugSplit/valid/images/NewGunDataset5677_png.rf.f159e5ed2df614c4b513d89cf9a943e8.jpg
valid__NewGunDataset5770_png.jpg,valid__NewGunDataset5770_png.txt,valid,NewGunDataset5770_png.rf.a02f53725d70bd6c6e46b1cf4c472fc7,NewGunDataset5770_png.rf.a02f53725d70bd6c6e46b1cf4c472fc7.jpg,/home/constantin/Doctorat/GunDatasetNoAugSplit/valid/images/NewGunDataset5770_png.rf.a02f53725d70bd6c6e46b1cf4c472fc7.jpg
valid__NewGunDataset5931_jpg.jpg,valid__NewGunDataset5931_jpg.txt,valid,NewGunDataset5931_jpg.rf.271fb6fec2798f0630c5fca78fb5fd6c,NewGunDataset5931_jpg.rf.271fb6fec2798f0630c5fca78fb5fd6c.jpg,/home/constantin/Doctorat/GunDatasetNoAugSplit/valid/images/NewGunDataset5931_jpg.rf.271fb6fec2798f0630c5fca78fb5fd6c.jpg
valid__NewGunDataset993_png.jpg,valid__NewGunDataset993_png.txt,valid,NewGunDataset993_png.rf.6b50a2247bf221500a9908b6938575ee,NewGunDataset993_png.rf.6b50a2247bf221500a9908b6938575ee.jpg,/home/constantin/Doctorat/GunDatasetNoAugSplit/valid/images/NewGunDataset993_png.rf.6b50a2247bf221500a9908b6938575ee.jpg
valid__NewGunDataset995_png.jpg,valid__NewGunDataset995_png.txt,valid,NewGunDataset995_png.rf.6ae08b726f7a3d7ee1d818490cba53ce,NewGunDataset995_png.rf.6ae08b726f7a3d7ee1d818490cba53ce.jpg,/home/constantin/Doctorat/GunDatasetNoAugSplit/valid/images/NewGunDataset995_png.rf.6ae08b726f7a3d7ee1d818490cba53ce.jpg
valid__NewWeaponDataset1150_png.jpg,valid__NewWeaponDataset1150_png.txt,valid,NewWeaponDataset1150_png.rf.a4c7537de21b69ccd364e267d2f93eae,NewWeaponDataset1150_png.rf.a4c7537de21b69ccd364e267d2f93eae.jpg,/home/constantin/Doctorat/GunDatasetNoAugSplit/valid/images/NewWeaponDataset1150_png.rf.a4c7537de21b69ccd364e267d2f93eae.jpg
valid__NewWeaponDataset1208_png.jpg,valid__NewWeaponDataset1208_png.txt,valid,NewWeaponDataset1208_png.rf.b1a203ca714d03664a962ef90a6c9cab,NewWeaponDataset1208_png.rf.b1a203ca714d03664a962ef90a6c9cab.jpg,/home/constantin/Doctorat/GunDatasetNoAugSplit/valid/images/NewWeaponDataset1208_png.rf.b1a203ca714d03664a962ef90a6c9cab.jpg
valid__NewWeaponDataset1373_png.jpg,valid__NewWeaponDataset1373_png.txt,valid,NewWeaponDataset1373_png.rf.322007af3838a2e12709d4ef99906b5d,NewWeaponDataset1373_png.rf.322007af3838a2e12709d4ef99906b5d.jpg,/home/constantin/Doctorat/GunDatasetNoAugSplit/valid/images/NewWeaponDataset1373_png.rf.322007af3838a2e12709d4ef99906b5d.jpg
valid__NewWeaponDataset1492_png.jpg,valid__NewWeaponDataset1492_png.txt,valid,NewWeaponDataset1492_png.rf.ed273cfc6ce9f8f59499cb77ab6fc824,NewWeaponDataset1492_png.rf.ed273cfc6ce9f8f59499cb77ab6fc824.jpg,/home/constantin/Doctorat/GunDatasetNoAugSplit/valid/images/NewWeaponDataset1492_png.rf.ed273cfc6ce9f8f59499cb77ab6fc824.jpg
valid__NewWeaponDataset1628_png.jpg,valid__NewWeaponDataset1628_png.txt,valid,NewWeaponDataset1628_png.rf.4c45aa5df767088859dcf8449fba2013,NewWeaponDataset1628_png.rf.4c45aa5df767088859dcf8449fba2013.jpg,/home/constantin/Doctorat/GunDatasetNoAugSplit/valid/images/NewWeaponDataset1628_png.rf.4c45aa5df767088859dcf8449fba2013.jpg
valid__NewWeaponDataset1791_png.jpg,valid__NewWeaponDataset1791_png.txt,valid,NewWeaponDataset1791_png.rf.aa1b2a313a03e61233bbc762bf1325f9,NewWeaponDataset1791_png.rf.aa1b2a313a03e61233bbc762bf1325f9.jpg,/home/constantin/Doctorat/GunDatasetNoAugSplit/valid/images/NewWeaponDataset1791_png.rf.aa1b2a313a03e61233bbc762bf1325f9.jpg
valid__NewWeaponDataset1938_png.jpg,valid__NewWeaponDataset1938_png.txt,valid,NewWeaponDataset1938_png.rf.3ef95937db8d1f1a77af6952a2adc528,NewWeaponDataset1938_png.rf.3ef95937db8d1f1a77af6952a2adc528.jpg,/home/constantin/Doctorat/GunDatasetNoAugSplit/valid/images/NewWeaponDataset1938_png.rf.3ef95937db8d1f1a77af6952a2adc528.jpg
valid__NewWeaponDataset274_png.jpg,valid__NewWeaponDataset274_png.txt,valid,NewWeaponDataset274_png.rf.e45fd6d5e085d4d062c4d200e9f56004,NewWeaponDataset274_png.rf.e45fd6d5e085d4d062c4d200e9f56004.jpg,/home/constantin/Doctorat/GunDatasetNoAugSplit/valid/images/NewWeaponDataset274_png.rf.e45fd6d5e085d4d062c4d200e9f56004.jpg
valid__NewWeaponDataset547_png.jpg,valid__NewWeaponDataset547_png.txt,valid,NewWeaponDataset547_png.rf.ba87de5b852f560b859f1d60e0f83d77,NewWeaponDataset547_png.rf.ba87de5b852f560b859f1d60e0f83d77.jpg,/home/constantin/Doctorat/GunDatasetNoAugSplit/valid/images/NewWeaponDataset547_png.rf.ba87de5b852f560b859f1d60e0f83d77.jpg
valid__NewWeaponDataset548_png.jpg,valid__NewWeaponDataset548_png.txt,valid,NewWeaponDataset548_png.rf.2a5ff5f31ac4e5943ae0dbe7e8fab8bf,NewWeaponDataset548_png.rf.2a5ff5f31ac4e5943ae0dbe7e8fab8bf.jpg,/home/constantin/Doctorat/GunDatasetNoAugSplit/valid/images/NewWeaponDataset548_png.rf.2a5ff5f31ac4e5943ae0dbe7e8fab8bf.jpg
valid__NewWeaponDataset658_png.jpg,valid__NewWeaponDataset658_png.txt,valid,NewWeaponDataset658_png.rf.814fb6c9544e8c1744c097f5eb5c7784,NewWeaponDataset658_png.rf.814fb6c9544e8c1744c097f5eb5c7784.jpg,/home/constantin/Doctorat/GunDatasetNoAugSplit/valid/images/NewWeaponDataset658_png.rf.814fb6c9544e8c1744c097f5eb5c7784.jpg
valid__NewWeaponDataset799_png.jpg,valid__NewWeaponDataset799_png.txt,valid,NewWeaponDataset799_png.rf.41944bbc0c17e1d8396316dfd1685e33,NewWeaponDataset799_png.rf.41944bbc0c17e1d8396316dfd1685e33.jpg,/home/constantin/Doctorat/GunDatasetNoAugSplit/valid/images/NewWeaponDataset799_png.rf.41944bbc0c17e1d8396316dfd1685e33.jpg
valid__PUBGGunsInRealLife-09391_jpg.jpg,valid__PUBGGunsInRealLife-09391_jpg.txt,valid,PUBGGunsInRealLife-09391_jpg.rf.04b09cbce9bee1fc668ed505f2db1231,PUBGGunsInRealLife-09391_jpg.rf.04b09cbce9bee1fc668ed505f2db1231.jpg,/home/constantin/Doctorat/GunDatasetNoAugSplit/valid/images/PUBGGunsInRealLife-09391_jpg.rf.04b09cbce9bee1fc668ed505f2db1231.jpg
valid__PUBGGunsInRealLife-10251_jpg.jpg,valid__PUBGGunsInRealLife-10251_jpg.txt,valid,PUBGGunsInRealLife-10251_jpg.rf.ad4e5bfdf7d2c36673a2d08d028e2f1e,PUBGGunsInRealLife-10251_jpg.rf.ad4e5bfdf7d2c36673a2d08d028e2f1e.jpg,/home/constantin/Doctorat/GunDatasetNoAugSplit/valid/images/PUBGGunsInRealLife-10251_jpg.rf.ad4e5bfdf7d2c36673a2d08d028e2f1e.jpg
valid__PUBGGunsInRealLife-10351_jpg.jpg,valid__PUBGGunsInRealLife-10351_jpg.txt,valid,PUBGGunsInRealLife-10351_jpg.rf.45f645003c0295da5aa019554ee9a02e,PUBGGunsInRealLife-10351_jpg.rf.45f645003c0295da5aa019554ee9a02e.jpg,/home/constantin/Doctorat/GunDatasetNoAugSplit/valid/images/PUBGGunsInRealLife-10351_jpg.rf.45f645003c0295da5aa019554ee9a02e.jpg
valid__PUBGGunsInRealLife-10871_jpg.jpg,valid__PUBGGunsInRealLife-10871_jpg.txt,valid,PUBGGunsInRealLife-10871_jpg.rf.5d9f3f85504e5f4b8fb83dd8d0655276,PUBGGunsInRealLife-10871_jpg.rf.5d9f3f85504e5f4b8fb83dd8d0655276.jpg,/home/constantin/Doctorat/GunDatasetNoAugSplit/valid/images/PUBGGunsInRealLife-10871_jpg.rf.5d9f3f85504e5f4b8fb83dd8d0655276.jpg
valid__PUBGGunsInRealLife-13371_jpg.jpg,valid__PUBGGunsInRealLife-13371_jpg.txt,valid,PUBGGunsInRealLife-13371_jpg.rf.cbc021a8ee45079f04f4f3f1b70e35c3,PUBGGunsInRealLife-13371_jpg.rf.cbc021a8ee45079f04f4f3f1b70e35c3.jpg,/home/constantin/Doctorat/GunDatasetNoAugSplit/valid/images/PUBGGunsInRealLife-13371_jpg.rf.cbc021a8ee45079f04f4f3f1b70e35c3.jpg
valid__PUBGGunsInRealLife-13661_jpg.jpg,valid__PUBGGunsInRealLife-13661_jpg.txt,valid,PUBGGunsInRealLife-13661_jpg.rf.f82a009d8fd888a73272d686b016ca9c,PUBGGunsInRealLife-13661_jpg.rf.f82a009d8fd888a73272d686b016ca9c.jpg,/home/constantin/Doctorat/GunDatasetNoAugSplit/valid/images/PUBGGunsInRealLife-13661_jpg.rf.f82a009d8fd888a73272d686b016ca9c.jpg
valid__PUBGGunsInRealLife-14001_jpg.jpg,valid__PUBGGunsInRealLife-14001_jpg.txt,valid,PUBGGunsInRealLife-14001_jpg.rf.1b96640f7fbeea44660fd4011d3d0cab,PUBGGunsInRealLife-14001_jpg.rf.1b96640f7fbeea44660fd4011d3d0cab.jpg,/home/constantin/Doctorat/GunDatasetNoAugSplit/valid/images/PUBGGunsInRealLife-14001_jpg.rf.1b96640f7fbeea44660fd4011d3d0cab.jpg
valid__Screenshot-from-2022-07-27-10-33-17_png_jpg.jpg,valid__Screenshot-from-2022-07-27-10-33-17_png_jpg.txt,valid,Screenshot-from-2022-07-27-10-33-17_png_jpg.rf.716326b82a5835770aa96aa234e6130a,Screenshot-from-2022-07-27-10-33-17_png_jpg.rf.716326b82a5835770aa96aa234e6130a.jpg,/home/constantin/Doctorat/GunDatasetNoAugSplit/valid/images/Screenshot-from-2022-07-27-10-33-17_png_jpg.rf.716326b82a5835770aa96aa234e6130a.jpg
valid__Screenshot-from-2022-07-27-10-59-14_png_jpg.jpg,valid__Screenshot-from-2022-07-27-10-59-14_png_jpg.txt,valid,Screenshot-from-2022-07-27-10-59-14_png_jpg.rf.75a2e5ec8c06e28c0c33db429c041f4e,Screenshot-from-2022-07-27-10-59-14_png_jpg.rf.75a2e5ec8c06e28c0c33db429c041f4e.jpg,/home/constantin/Doctorat/GunDatasetNoAugSplit/valid/images/Screenshot-from-2022-07-27-10-59-14_png_jpg.rf.75a2e5ec8c06e28c0c33db429c041f4e.jpg
valid__a0da1ebf753b23ef9622cd4527e0fe6d_jpg.jpg,valid__a0da1ebf753b23ef9622cd4527e0fe6d_jpg.txt,valid,a0da1ebf753b23ef9622cd4527e0fe6d_jpg.rf.56ab665ea32e95b7102357f0c6c9b5f2,a0da1ebf753b23ef9622cd4527e0fe6d_jpg.rf.56ab665ea32e95b7102357f0c6c9b5f2.jpg,/home/constantin/Doctorat/GunDatasetNoAugSplit/valid/images/a0da1ebf753b23ef9622cd4527e0fe6d_jpg.rf.56ab665ea32e95b7102357f0c6c9b5f2.jpg
valid__armas-1350-_jpg.jpg,valid__armas-1350-_jpg.txt,valid,armas-1350-_jpg.rf.a34a11e56647a683f1cb03b012fe70f9,armas-1350-_jpg.rf.a34a11e56647a683f1cb03b012fe70f9.jpg,/home/constantin/Doctorat/GunDatasetNoAugSplit/valid/images/armas-1350-_jpg.rf.a34a11e56647a683f1cb03b012fe70f9.jpg
valid__armas-1442-_jpg.jpg,valid__armas-1442-_jpg.txt,valid,armas-1442-_jpg.rf.b253d6afa972eced503706aef0f99ca1,armas-1442-_jpg.rf.b253d6afa972eced503706aef0f99ca1.jpg,/home/constantin/Doctorat/GunDatasetNoAugSplit/valid/images/armas-1442-_jpg.rf.b253d6afa972eced503706aef0f99ca1.jpg
valid__armas-1614-_jpg.jpg,valid__armas-1614-_jpg.txt,valid,armas-1614-_jpg.rf.1c8f14323f32ec211d6c38eddf443fc4,armas-1614-_jpg.rf.1c8f14323f32ec211d6c38eddf443fc4.jpg,/home/constantin/Doctorat/GunDatasetNoAugSplit/valid/images/armas-1614-_jpg.rf.1c8f14323f32ec211d6c38eddf443fc4.jpg
valid__armas-1825-_jpg.jpg,valid__armas-1825-_jpg.txt,valid,armas-1825-_jpg.rf.4ca6a9be348520fce215a9811a13c0f4,armas-1825-_jpg.rf.4ca6a9be348520fce215a9811a13c0f4.jpg,/home/constantin/Doctorat/GunDatasetNoAugSplit/valid/images/armas-1825-_jpg.rf.4ca6a9be348520fce215a9811a13c0f4.jpg
valid__armas-1852-_jpg.jpg,valid__armas-1852-_jpg.txt,valid,armas-1852-_jpg.rf.f1154e5139ad053271047a9cc0e729c3,armas-1852-_jpg.rf.f1154e5139ad053271047a9cc0e729c3.jpg,/home/constantin/Doctorat/GunDatasetNoAugSplit/valid/images/armas-1852-_jpg.rf.f1154e5139ad053271047a9cc0e729c3.jpg
valid__armas-193-_jpg.jpg,valid__armas-193-_jpg.txt,valid,armas-193-_jpg.rf.bacea0357f913462d6453c3c2240b8fd,armas-193-_jpg.rf.bacea0357f913462d6453c3c2240b8fd.jpg,/home/constantin/Doctorat/GunDatasetNoAugSplit/valid/images/armas-193-_jpg.rf.bacea0357f913462d6453c3c2240b8fd.jpg
valid__armas-272-_jpg.jpg,valid__armas-272-_jpg.txt,valid,armas-272-_jpg.rf.cc5e9ef7b2c64315590e1f16caff1061,armas-272-_jpg.rf.cc5e9ef7b2c64315590e1f16caff1061.jpg,/home/constantin/Doctorat/GunDatasetNoAugSplit/valid/images/armas-272-_jpg.rf.cc5e9ef7b2c64315590e1f16caff1061.jpg
valid__armas-666-_jpg.jpg,valid__armas-666-_jpg.txt,valid,armas-666-_jpg.rf.c3fdcdf71beb5150d8eeef93a20a8bee,armas-666-_jpg.rf.c3fdcdf71beb5150d8eeef93a20a8bee.jpg,/home/constantin/Doctorat/GunDatasetNoAugSplit/valid/images/armas-666-_jpg.rf.c3fdcdf71beb5150d8eeef93a20a8bee.jpg
valid__armas-914-_jpg.jpg,valid__armas-914-_jpg.txt,valid,armas-914-_jpg.rf.9451ab91d62bcd49578390af23ed6828,armas-914-_jpg.rf.9451ab91d62bcd49578390af23ed6828.jpg,/home/constantin/Doctorat/GunDatasetNoAugSplit/valid/images/armas-914-_jpg.rf.9451ab91d62bcd49578390af23ed6828.jpg
valid__bd65790633abe6bc_jpg.jpg,valid__bd65790633abe6bc_jpg.txt,valid,bd65790633abe6bc_jpg.rf.c2df2346fb90f843d32dab1d21d8f73a,bd65790633abe6bc_jpg.rf.c2df2346fb90f843d32dab1d21d8f73a.jpg,/home/constantin/Doctorat/GunDatasetNoAugSplit/valid/images/bd65790633abe6bc_jpg.rf.c2df2346fb90f843d32dab1d21d8f73a.jpg
valid__be046b8c8f00ff77_jpg.jpg,valid__be046b8c8f00ff77_jpg.txt,valid,be046b8c8f00ff77_jpg.rf.1e8f1fca8929e8b799a51444ec3a0479,be046b8c8f00ff77_jpg.rf.1e8f1fca8929e8b799a51444ec3a0479.jpg,/home/constantin/Doctorat/GunDatasetNoAugSplit/valid/images/be046b8c8f00ff77_jpg.rf.1e8f1fca8929e8b799a51444ec3a0479.jpg
valid__block-142-_jpg.jpg,valid__block-142-_jpg.txt,valid,block-142-_jpg.rf.6928617b69f206025f77e57780d2b7eb,block-142-_jpg.rf.6928617b69f206025f77e57780d2b7eb.jpg,/home/constantin/Doctorat/GunDatasetNoAugSplit/valid/images/block-142-_jpg.rf.6928617b69f206025f77e57780d2b7eb.jpg
valid__block-168-_jpg.jpg,valid__block-168-_jpg.txt,valid,block-168-_jpg.rf.0aa9660d5edb9e3c80d5c221c59a9e05,block-168-_jpg.rf.0aa9660d5edb9e3c80d5c221c59a9e05.jpg,/home/constantin/Doctorat/GunDatasetNoAugSplit/valid/images/block-168-_jpg.rf.0aa9660d5edb9e3c80d5c221c59a9e05.jpg
valid__block-212-_jpg.jpg,valid__block-212-_jpg.txt,valid,block-212-_jpg.rf.605b5a270ae657513aa8e198bc980de1,block-212-_jpg.rf.605b5a270ae657513aa8e198bc980de1.jpg,/home/constantin/Doctorat/GunDatasetNoAugSplit/valid/images/block-212-_jpg.rf.605b5a270ae657513aa8e198bc980de1.jpg
valid__c01faf9826c4ded2_jpg.jpg,valid__c01faf9826c4ded2_jpg.txt,valid,c01faf9826c4ded2_jpg.rf.4a5b5faa441539843a08e6e8e27b07f3,c01faf9826c4ded2_jpg.rf.4a5b5faa441539843a08e6e8e27b07f3.jpg,/home/constantin/Doctorat/GunDatasetNoAugSplit/valid/images/c01faf9826c4ded2_jpg.rf.4a5b5faa441539843a08e6e8e27b07f3.jpg
valid__cfca3f5b-34fc-4783-98a2-523f80e9440a_jpg.jpg,valid__cfca3f5b-34fc-4783-98a2-523f80e9440a_jpg.txt,valid,cfca3f5b-34fc-4783-98a2-523f80e9440a_jpg.rf.fe202e546df400af4b4e4dd569bc4aa7,cfca3f5b-34fc-4783-98a2-523f80e9440a_jpg.rf.fe202e546df400af4b4e4dd569bc4aa7.jpg,/home/constantin/Doctorat/GunDatasetNoAugSplit/valid/images/cfca3f5b-34fc-4783-98a2-523f80e9440a_jpg.rf.fe202e546df400af4b4e4dd569bc4aa7.jpg
valid__cleaning_tasks_000018_jpg.jpg,valid__cleaning_tasks_000018_jpg.txt,valid,cleaning_tasks_000018_jpg.rf.56972b0344f04df382890c6e138b1e1a,cleaning_tasks_000018_jpg.rf.56972b0344f04df382890c6e138b1e1a.jpg,/home/constantin/Doctorat/GunDatasetNoAugSplit/valid/images/cleaning_tasks_000018_jpg.rf.56972b0344f04df382890c6e138b1e1a.jpg
valid__cleaning_tasks_000086_jpg.jpg,valid__cleaning_tasks_000086_jpg.txt,valid,cleaning_tasks_000086_jpg.rf.bbffa06a7ae7a60fa7fe4f4fe29c6c6e,cleaning_tasks_000086_jpg.rf.bbffa06a7ae7a60fa7fe4f4fe29c6c6e.jpg,/home/constantin/Doctorat/GunDatasetNoAugSplit/valid/images/cleaning_tasks_000086_jpg.rf.bbffa06a7ae7a60fa7fe4f4fe29c6c6e.jpg
valid__cleaning_tasks_000140_jpg.jpg,valid__cleaning_tasks_000140_jpg.txt,valid,cleaning_tasks_000140_jpg.rf.dd0ab022d1e52f1b078f0e962d3925e7,cleaning_tasks_000140_jpg.rf.dd0ab022d1e52f1b078f0e962d3925e7.jpg,/home/constantin/Doctorat/GunDatasetNoAugSplit/valid/images/cleaning_tasks_000140_jpg.rf.dd0ab022d1e52f1b078f0e962d3925e7.jpg
valid__cleaning_tasks_000165_jpg.jpg,valid__cleaning_tasks_000165_jpg.txt,valid,cleaning_tasks_000165_jpg.rf.ce044b28344168d7040a5bffb1d4af9d,cleaning_tasks_000165_jpg.rf.ce044b28344168d7040a5bffb1d4af9d.jpg,/home/constantin/Doctorat/GunDatasetNoAugSplit/valid/images/cleaning_tasks_000165_jpg.rf.ce044b28344168d7040a5bffb1d4af9d.jpg
valid__cleaning_tasks_000221_jpg.jpg,valid__cleaning_tasks_000221_jpg.txt,valid,cleaning_tasks_000221_jpg.rf.c8b16344465a366895c43ae07b5cb211,cleaning_tasks_000221_jpg.rf.c8b16344465a366895c43ae07b5cb211.jpg,/home/constantin/Doctorat/GunDatasetNoAugSplit/valid/images/cleaning_tasks_000221_jpg.rf.c8b16344465a366895c43ae07b5cb211.jpg
valid__cleaning_tasks_000264_jpg.jpg,valid__cleaning_tasks_000264_jpg.txt,valid,cleaning_tasks_000264_jpg.rf.d1b9088069363f140124c6010f1bef2a,cleaning_tasks_000264_jpg.rf.d1b9088069363f140124c6010f1bef2a.jpg,/home/constantin/Doctorat/GunDatasetNoAugSplit/valid/images/cleaning_tasks_000264_jpg.rf.d1b9088069363f140124c6010f1bef2a.jpg
valid__cleaning_tasks_000278_jpg.jpg,valid__cleaning_tasks_000278_jpg.txt,valid,cleaning_tasks_000278_jpg.rf.223411634067f33f074985725027c0e7,cleaning_tasks_000278_jpg.rf.223411634067f33f074985725027c0e7.jpg,/home/constantin/Doctorat/GunDatasetNoAugSplit/valid/images/cleaning_tasks_000278_jpg.rf.223411634067f33f074985725027c0e7.jpg
valid__cleaning_tasks_000303_jpg.jpg,valid__cleaning_tasks_000303_jpg.txt,valid,cleaning_tasks_000303_jpg.rf.cccf666b68e2971658eee9d45ed01b94,cleaning_tasks_000303_jpg.rf.cccf666b68e2971658eee9d45ed01b94.jpg,/home/constantin/Doctorat/GunDatasetNoAugSplit/valid/images/cleaning_tasks_000303_jpg.rf.cccf666b68e2971658eee9d45ed01b94.jpg
valid__cleaning_tasks_000309_jpg.jpg,valid__cleaning_tasks_000309_jpg.txt,valid,cleaning_tasks_000309_jpg.rf.8a75dfa51ea87540acba02465bd4b0f6,cleaning_tasks_000309_jpg.rf.8a75dfa51ea87540acba02465bd4b0f6.jpg,/home/constantin/Doctorat/GunDatasetNoAugSplit/valid/images/cleaning_tasks_000309_jpg.rf.8a75dfa51ea87540acba02465bd4b0f6.jpg
valid__cleaning_tasks_000458_jpg.jpg,valid__cleaning_tasks_000458_jpg.txt,valid,cleaning_tasks_000458_jpg.rf.0da9fe0d7c5daa10ff89aef086eb4ea8,cleaning_tasks_000458_jpg.rf.0da9fe0d7c5daa10ff89aef086eb4ea8.jpg,/home/constantin/Doctorat/GunDatasetNoAugSplit/valid/images/cleaning_tasks_000458_jpg.rf.0da9fe0d7c5daa10ff89aef086eb4ea8.jpg
valid__cleaning_tasks_000531_jpg.jpg,valid__cleaning_tasks_000531_jpg.txt,valid,cleaning_tasks_000531_jpg.rf.f129d442a03b9d259c552ba82c138551,cleaning_tasks_000531_jpg.rf.f129d442a03b9d259c552ba82c138551.jpg,/home/constantin/Doctorat/GunDatasetNoAugSplit/valid/images/cleaning_tasks_000531_jpg.rf.f129d442a03b9d259c552ba82c138551.jpg
valid__cleaning_tasks_000544_jpg.jpg,valid__cleaning_tasks_000544_jpg.txt,valid,cleaning_tasks_000544_jpg.rf.64ce25a53bc52d8727c002225c2eb1ea,cleaning_tasks_000544_jpg.rf.64ce25a53bc52d8727c002225c2eb1ea.jpg,/home/constantin/Doctorat/GunDatasetNoAugSplit/valid/images/cleaning_tasks_000544_jpg.rf.64ce25a53bc52d8727c002225c2eb1ea.jpg
valid__cleaning_tasks_000553_jpg.jpg,valid__cleaning_tasks_000553_jpg.txt,valid,cleaning_tasks_000553_jpg.rf.5e7c340222ee878bfbaa8525bb351e49,cleaning_tasks_000553_jpg.rf.5e7c340222ee878bfbaa8525bb351e49.jpg,/home/constantin/Doctorat/GunDatasetNoAugSplit/valid/images/cleaning_tasks_000553_jpg.rf.5e7c340222ee878bfbaa8525bb351e49.jpg
valid__cleaning_tasks_000750_jpg.jpg,valid__cleaning_tasks_000750_jpg.txt,valid,cleaning_tasks_000750_jpg.rf.7ee48bf670a736e0f4648d84d2e0842f,cleaning_tasks_000750_jpg.rf.7ee48bf670a736e0f4648d84d2e0842f.jpg,/home/constantin/Doctorat/GunDatasetNoAugSplit/valid/images/cleaning_tasks_000750_jpg.rf.7ee48bf670a736e0f4648d84d2e0842f.jpg
valid__cleaning_tasks_000934_jpg.jpg,valid__cleaning_tasks_000934_jpg.txt,valid,cleaning_tasks_000934_jpg.rf.939819a984842c6df42e05cdaa9e3804,cleaning_tasks_000934_jpg.rf.939819a984842c6df42e05cdaa9e3804.jpg,/home/constantin/Doctorat/GunDatasetNoAugSplit/valid/images/cleaning_tasks_000934_jpg.rf.939819a984842c6df42e05cdaa9e3804.jpg
valid__cleaning_tasks_000951_jpg.jpg,valid__cleaning_tasks_000951_jpg.txt,valid,cleaning_tasks_000951_jpg.rf.cbc4a32b4e2f20b1e70c61fc2e26906e,cleaning_tasks_000951_jpg.rf.cbc4a32b4e2f20b1e70c61fc2e26906e.jpg,/home/constantin/Doctorat/GunDatasetNoAugSplit/valid/images/cleaning_tasks_000951_jpg.rf.cbc4a32b4e2f20b1e70c61fc2e26906e.jpg
valid__cleaning_tasks_001005_jpg.jpg,valid__cleaning_tasks_001005_jpg.txt,valid,cleaning_tasks_001005_jpg.rf.2e5e95fc5780ff3369f268d09dfdccb4,cleaning_tasks_001005_jpg.rf.2e5e95fc5780ff3369f268d09dfdccb4.jpg,/home/constantin/Doctorat/GunDatasetNoAugSplit/valid/images/cleaning_tasks_001005_jpg.rf.2e5e95fc5780ff3369f268d09dfdccb4.jpg
valid__cleaning_tasks_001043_jpg.jpg,valid__cleaning_tasks_001043_jpg.txt,valid,cleaning_tasks_001043_jpg.rf.9347f668c018424db43751b276225f1c,cleaning_tasks_001043_jpg.rf.9347f668c018424db43751b276225f1c.jpg,/home/constantin/Doctorat/GunDatasetNoAugSplit/valid/images/cleaning_tasks_001043_jpg.rf.9347f668c018424db43751b276225f1c.jpg
valid__cleaning_tasks_001213_jpg.jpg,valid__cleaning_tasks_001213_jpg.txt,valid,cleaning_tasks_001213_jpg.rf.8ecdc770fa7a6f46fcf4515fca27bf34,cleaning_tasks_001213_jpg.rf.8ecdc770fa7a6f46fcf4515fca27bf34.jpg,/home/constantin/Doctorat/GunDatasetNoAugSplit/valid/images/cleaning_tasks_001213_jpg.rf.8ecdc770fa7a6f46fcf4515fca27bf34.jpg
valid__cleaning_tasks_001343_jpg.jpg,valid__cleaning_tasks_001343_jpg.txt,valid,cleaning_tasks_001343_jpg.rf.de1e02a0648822b1381df951e5002011,cleaning_tasks_001343_jpg.rf.de1e02a0648822b1381df951e5002011.jpg,/home/constantin/Doctorat/GunDatasetNoAugSplit/valid/images/cleaning_tasks_001343_jpg.rf.de1e02a0648822b1381df951e5002011.jpg
valid__cleaning_tasks_001517_jpg.jpg,valid__cleaning_tasks_001517_jpg.txt,valid,cleaning_tasks_001517_jpg.rf.548d07b7a74d239a880aae86c3c9bc63,cleaning_tasks_001517_jpg.rf.548d07b7a74d239a880aae86c3c9bc63.jpg,/home/constantin/Doctorat/GunDatasetNoAugSplit/valid/images/cleaning_tasks_001517_jpg.rf.548d07b7a74d239a880aae86c3c9bc63.jpg
valid__cleaning_tasks_001601_jpg.jpg,valid__cleaning_tasks_001601_jpg.txt,valid,cleaning_tasks_001601_jpg.rf.636558844748e30cd65b9e99c12ea15f,cleaning_tasks_001601_jpg.rf.636558844748e30cd65b9e99c12ea15f.jpg,/home/constantin/Doctorat/GunDatasetNoAugSplit/valid/images/cleaning_tasks_001601_jpg.rf.636558844748e30cd65b9e99c12ea15f.jpg
valid__cleaning_tasks_001643_jpg.jpg,valid__cleaning_tasks_001643_jpg.txt,valid,cleaning_tasks_001643_jpg.rf.744b3e52f0023f951297e84a80b7710b,cleaning_tasks_001643_jpg.rf.744b3e52f0023f951297e84a80b7710b.jpg,/home/constantin/Doctorat/GunDatasetNoAugSplit/valid/images/cleaning_tasks_001643_jpg.rf.744b3e52f0023f951297e84a80b7710b.jpg
valid__cleaning_tasks_001684_jpg.jpg,valid__cleaning_tasks_001684_jpg.txt,valid,cleaning_tasks_001684_jpg.rf.f3b7a79d0feabb8b15e7602300dead54,cleaning_tasks_001684_jpg.rf.f3b7a79d0feabb8b15e7602300dead54.jpg,/home/constantin/Doctorat/GunDatasetNoAugSplit/valid/images/cleaning_tasks_001684_jpg.rf.f3b7a79d0feabb8b15e7602300dead54.jpg
valid__cleaning_tasks_001735_jpg.jpg,valid__cleaning_tasks_001735_jpg.txt,valid,cleaning_tasks_001735_jpg.rf.8aeebe9c5395dad212fc954ae4a004ac,cleaning_tasks_001735_jpg.rf.8aeebe9c5395dad212fc954ae4a004ac.jpg,/home/constantin/Doctorat/GunDatasetNoAugSplit/valid/images/cleaning_tasks_001735_jpg.rf.8aeebe9c5395dad212fc954ae4a004ac.jpg
valid__cleaning_tasks_001782_jpg.jpg,valid__cleaning_tasks_001782_jpg.txt,valid,cleaning_tasks_001782_jpg.rf.ba145c2b54daa181779ed801e2cdf5df,cleaning_tasks_001782_jpg.rf.ba145c2b54daa181779ed801e2cdf5df.jpg,/home/constantin/Doctorat/GunDatasetNoAugSplit/valid/images/cleaning_tasks_001782_jpg.rf.ba145c2b54daa181779ed801e2cdf5df.jpg
valid__cleaning_tasks_001851_jpg.jpg,valid__cleaning_tasks_001851_jpg.txt,valid,cleaning_tasks_001851_jpg.rf.dde79421944a20fd9d06e0ce6a3c3c3f,cleaning_tasks_001851_jpg.rf.dde79421944a20fd9d06e0ce6a3c3c3f.jpg,/home/constantin/Doctorat/GunDatasetNoAugSplit/valid/images/cleaning_tasks_001851_jpg.rf.dde79421944a20fd9d06e0ce6a3c3c3f.jpg
valid__cleaning_tasks_001895_jpg.jpg,valid__cleaning_tasks_001895_jpg.txt,valid,cleaning_tasks_001895_jpg.rf.23e4ee27a89de8aaca60c6e6a567dbd3,cleaning_tasks_001895_jpg.rf.23e4ee27a89de8aaca60c6e6a567dbd3.jpg,/home/constantin/Doctorat/GunDatasetNoAugSplit/valid/images/cleaning_tasks_001895_jpg.rf.23e4ee27a89de8aaca60c6e6a567dbd3.jpg
valid__cleaning_tasks_001921_jpg.jpg,valid__cleaning_tasks_001921_jpg.txt,valid,cleaning_tasks_001921_jpg.rf.392ca40a9f45dd598053aac83dc0ea1b,cleaning_tasks_001921_jpg.rf.392ca40a9f45dd598053aac83dc0ea1b.jpg,/home/constantin/Doctorat/GunDatasetNoAugSplit/valid/images/cleaning_tasks_001921_jpg.rf.392ca40a9f45dd598053aac83dc0ea1b.jpg
valid__cleaning_tasks_001937_jpg.jpg,valid__cleaning_tasks_001937_jpg.txt,valid,cleaning_tasks_001937_jpg.rf.e93530d9a74acf582c20d258f99f3b6e,cleaning_tasks_001937_jpg.rf.e93530d9a74acf582c20d258f99f3b6e.jpg,/home/constantin/Doctorat/GunDatasetNoAugSplit/valid/images/cleaning_tasks_001937_jpg.rf.e93530d9a74acf582c20d258f99f3b6e.jpg
valid__cleaning_tasks_002005_jpg.jpg,valid__cleaning_tasks_002005_jpg.txt,valid,cleaning_tasks_002005_jpg.rf.3d8f822410884571ef8182d330863a9a,cleaning_tasks_002005_jpg.rf.3d8f822410884571ef8182d330863a9a.jpg,/home/constantin/Doctorat/GunDatasetNoAugSplit/valid/images/cleaning_tasks_002005_jpg.rf.3d8f822410884571ef8182d330863a9a.jpg
valid__f57dfad11ea401d6_jpg.jpg,valid__f57dfad11ea401d6_jpg.txt,valid,f57dfad11ea401d6_jpg.rf.000a9694b0e7f4a142b17e95932c88ca,f57dfad11ea401d6_jpg.rf.000a9694b0e7f4a142b17e95932c88ca.jpg,/home/constantin/Doctorat/GunDatasetNoAugSplit/valid/images/f57dfad11ea401d6_jpg.rf.000a9694b0e7f4a142b17e95932c88ca.jpg
valid__fd26c4f23cbd013397243d2daf6975fe_jpg.jpg,valid__fd26c4f23cbd013397243d2daf6975fe_jpg.txt,valid,fd26c4f23cbd013397243d2daf6975fe_jpg.rf.067d37b8a4e7972069fe13ef303bea0b,fd26c4f23cbd013397243d2daf6975fe_jpg.rf.067d37b8a4e7972069fe13ef303bea0b.jpg,/home/constantin/Doctorat/GunDatasetNoAugSplit/valid/images/fd26c4f23cbd013397243d2daf6975fe_jpg.rf.067d37b8a4e7972069fe13ef303bea0b.jpg
valid__frame9100_jpg.jpg,valid__frame9100_jpg.txt,valid,frame9100_jpg.rf.4dba7da42387aef87927ec8bd4c859c4,frame9100_jpg.rf.4dba7da42387aef87927ec8bd4c859c4.jpg,/home/constantin/Doctorat/GunDatasetNoAugSplit/valid/images/frame9100_jpg.rf.4dba7da42387aef87927ec8bd4c859c4.jpg
valid__guns-knife-seized-kitchener_png_jpg.jpg,valid__guns-knife-seized-kitchener_png_jpg.txt,valid,guns-knife-seized-kitchener_png_jpg.rf.1d00f7b1c3dbb1049ae04ecc8cdba5a3,guns-knife-seized-kitchener_png_jpg.rf.1d00f7b1c3dbb1049ae04ecc8cdba5a3.jpg,/home/constantin/Doctorat/GunDatasetNoAugSplit/valid/images/guns-knife-seized-kitchener_png_jpg.rf.1d00f7b1c3dbb1049ae04ecc8cdba5a3.jpg
valid__hand-grenade-gun-and-ammunition-german-delivery-of-arms-EC41F7_jpg.jpg,valid__hand-grenade-gun-and-ammunition-german-delivery-of-arms-EC41F7_jpg.txt,valid,hand-grenade-gun-and-ammunition-german-delivery-of-arms-EC41F7_jpg.rf.98e3f34d61c573cb2b267feba0f8d2e8,hand-grenade-gun-and-ammunition-german-delivery-of-arms-EC41F7_jpg.rf.98e3f34d61c573cb2b267feba0f8d2e8.jpg,/home/constantin/Doctorat/GunDatasetNoAugSplit/valid/images/hand-grenade-gun-and-ammunition-german-delivery-of-arms-EC41F7_jpg.rf.98e3f34d61c573cb2b267feba0f8d2e8.jpg
valid__ia_100000000120_jpg.jpg,valid__ia_100000000120_jpg.txt,valid,ia_100000000120_jpg.rf.08e88e153cdd699195a35695cb894e1f,ia_100000000120_jpg.rf.08e88e153cdd699195a35695cb894e1f.jpg,/home/constantin/Doctorat/GunDatasetNoAugSplit/valid/images/ia_100000000120_jpg.rf.08e88e153cdd699195a35695cb894e1f.jpg
valid__ia_200000032_jpg.jpg,valid__ia_200000032_jpg.txt,valid,ia_200000032_jpg.rf.471e22bdd64305f3ef63308855fa67b6,ia_200000032_jpg.rf.471e22bdd64305f3ef63308855fa67b6.jpg,/home/constantin/Doctorat/GunDatasetNoAugSplit/valid/images/ia_200000032_jpg.rf.471e22bdd64305f3ef63308855fa67b6.jpg
valid__images211_jpeg.jpg,valid__images211_jpeg.txt,valid,images211_jpeg.rf.b55c99745b0e1e17bf8d7881dd7944de,images211_jpeg.rf.b55c99745b0e1e17bf8d7881dd7944de.jpg,/home/constantin/Doctorat/GunDatasetNoAugSplit/valid/images/images211_jpeg.rf.b55c99745b0e1e17bf8d7881dd7944de.jpg
valid__knife_183_jpg.jpg,valid__knife_183_jpg.txt,valid,knife_183_jpg.rf.1295867a6c670ae13f8bde20112dd8ba,knife_183_jpg.rf.1295867a6c670ae13f8bde20112dd8ba.jpg,/home/constantin/Doctorat/GunDatasetNoAugSplit/valid/images/knife_183_jpg.rf.1295867a6c670ae13f8bde20112dd8ba.jpg
valid__knife_585_jpg.jpg,valid__knife_585_jpg.txt,valid,knife_585_jpg.rf.7e78bac477752888dc84c7561bd5048b,knife_585_jpg.rf.7e78bac477752888dc84c7561bd5048b.jpg,/home/constantin/Doctorat/GunDatasetNoAugSplit/valid/images/knife_585_jpg.rf.7e78bac477752888dc84c7561bd5048b.jpg
valid__new1_png_jpg.jpg,valid__new1_png_jpg.txt,valid,new1_png_jpg.rf.01fa1e74feb150468e9b6ee2fb181a99,new1_png_jpg.rf.01fa1e74feb150468e9b6ee2fb181a99.jpg,/home/constantin/Doctorat/GunDatasetNoAugSplit/valid/images/new1_png_jpg.rf.01fa1e74feb150468e9b6ee2fb181a99.jpg
valid__new1_png_jpg_1.jpg,valid__new1_png_jpg_1.txt,valid,new1_png_jpg.rf.af713c924bda0cc2147f8bcdf3c68aed,new1_png_jpg.rf.af713c924bda0cc2147f8bcdf3c68aed.jpg,/home/constantin/Doctorat/GunDatasetNoAugSplit/valid/images/new1_png_jpg.rf.af713c924bda0cc2147f8bcdf3c68aed.jpg
valid__phone_use_000363_jpg.jpg,valid__phone_use_000363_jpg.txt,valid,phone_use_000363_jpg.rf.b5796e63e8c208b2e58d937e1f068c3d,phone_use_000363_jpg.rf.b5796e63e8c208b2e58d937e1f068c3d.jpg,/home/constantin/Doctorat/GunDatasetNoAugSplit/valid/images/phone_use_000363_jpg.rf.b5796e63e8c208b2e58d937e1f068c3d.jpg
valid__phone_use_000366_jpg.jpg,valid__phone_use_000366_jpg.txt,valid,phone_use_000366_jpg.rf.5c92930b401b2c4a1fc7f9874d08de38,phone_use_000366_jpg.rf.5c92930b401b2c4a1fc7f9874d08de38.jpg,/home/constantin/Doctorat/GunDatasetNoAugSplit/valid/images/phone_use_000366_jpg.rf.5c92930b401b2c4a1fc7f9874d08de38.jpg
valid__phone_use_000369_jpg.jpg,valid__phone_use_000369_jpg.txt,valid,phone_use_000369_jpg.rf.09c6bea665eaf214cbf8714674389f79,phone_use_000369_jpg.rf.09c6bea665eaf214cbf8714674389f79.jpg,/home/constantin/Doctorat/GunDatasetNoAugSplit/valid/images/phone_use_000369_jpg.rf.09c6bea665eaf214cbf8714674389f79.jpg
valid__phone_use_000627_jpg.jpg,valid__phone_use_000627_jpg.txt,valid,phone_use_000627_jpg.rf.4d4bcf57263b9112d43c1f9e8599b464,phone_use_000627_jpg.rf.4d4bcf57263b9112d43c1f9e8599b464.jpg,/home/constantin/Doctorat/GunDatasetNoAugSplit/valid/images/phone_use_000627_jpg.rf.4d4bcf57263b9112d43c1f9e8599b464.jpg
valid__phone_use_000630_jpg.jpg,valid__phone_use_000630_jpg.txt,valid,phone_use_000630_jpg.rf.62198e532f44c43f7ee0714217df3a65,phone_use_000630_jpg.rf.62198e532f44c43f7ee0714217df3a65.jpg,/home/constantin/Doctorat/GunDatasetNoAugSplit/valid/images/phone_use_000630_jpg.rf.62198e532f44c43f7ee0714217df3a65.jpg
valid__phone_use_000671_jpg.jpg,valid__phone_use_000671_jpg.txt,valid,phone_use_000671_jpg.rf.ce90ba848d4e817f9693ad7a9033e3f5,phone_use_000671_jpg.rf.ce90ba848d4e817f9693ad7a9033e3f5.jpg,/home/constantin/Doctorat/GunDatasetNoAugSplit/valid/images/phone_use_000671_jpg.rf.ce90ba848d4e817f9693ad7a9033e3f5.jpg
valid__pistol-2096-_jpg.jpg,valid__pistol-2096-_jpg.txt,valid,pistol-2096-_jpg.rf.2ca4693bc8f5c88c84e8267973c22f45,pistol-2096-_jpg.rf.2ca4693bc8f5c88c84e8267973c22f45.jpg,/home/constantin/Doctorat/GunDatasetNoAugSplit/valid/images/pistol-2096-_jpg.rf.2ca4693bc8f5c88c84e8267973c22f45.jpg
valid__pistol749_jpg.jpg,valid__pistol749_jpg.txt,valid,pistol749_jpg.rf.2bfd90001a1cc09a28043ff51a481e11,pistol749_jpg.rf.2bfd90001a1cc09a28043ff51a481e11.jpg,/home/constantin/Doctorat/GunDatasetNoAugSplit/valid/images/pistol749_jpg.rf.2bfd90001a1cc09a28043ff51a481e11.jpg
valid__rifle1018_jpg.jpg,valid__rifle1018_jpg.txt,valid,rifle1018_jpg.rf.362b79d459c8daf800098fa3ea462378,rifle1018_jpg.rf.362b79d459c8daf800098fa3ea462378.jpg,/home/constantin/Doctorat/GunDatasetNoAugSplit/valid/images/rifle1018_jpg.rf.362b79d459c8daf800098fa3ea462378.jpg
valid__rifle15_jpg.jpg,valid__rifle15_jpg.txt,valid,rifle15_jpg.rf.ac58b35128d3b7df3cc760581a102346,rifle15_jpg.rf.ac58b35128d3b7df3cc760581a102346.jpg,/home/constantin/Doctorat/GunDatasetNoAugSplit/valid/images/rifle15_jpg.rf.ac58b35128d3b7df3cc760581a102346.jpg
valid__rifle186_jpg.jpg,valid__rifle186_jpg.txt,valid,rifle186_jpg.rf.9f4f53bc996dafbc3df9a3a54b3cc2d2,rifle186_jpg.rf.9f4f53bc996dafbc3df9a3a54b3cc2d2.jpg,/home/constantin/Doctorat/GunDatasetNoAugSplit/valid/images/rifle186_jpg.rf.9f4f53bc996dafbc3df9a3a54b3cc2d2.jpg
valid__rifle187_jpg.jpg,valid__rifle187_jpg.txt,valid,rifle187_jpg.rf.7f744210c22f554470a04411f1ca5bc4,rifle187_jpg.rf.7f744210c22f554470a04411f1ca5bc4.jpg,/home/constantin/Doctorat/GunDatasetNoAugSplit/valid/images/rifle187_jpg.rf.7f744210c22f554470a04411f1ca5bc4.jpg
valid__rifle235_jpg.jpg,valid__rifle235_jpg.txt,valid,rifle235_jpg.rf.2b433b1683b622aba82f14a87cae4876,rifle235_jpg.rf.2b433b1683b622aba82f14a87cae4876.jpg,/home/constantin/Doctorat/GunDatasetNoAugSplit/valid/images/rifle235_jpg.rf.2b433b1683b622aba82f14a87cae4876.jpg
valid__rifle258_jpg.jpg,valid__rifle258_jpg.txt,valid,rifle258_jpg.rf.ee58008a81528cf5c7d77fd51e2d100e,rifle258_jpg.rf.ee58008a81528cf5c7d77fd51e2d100e.jpg,/home/constantin/Doctorat/GunDatasetNoAugSplit/valid/images/rifle258_jpg.rf.ee58008a81528cf5c7d77fd51e2d100e.jpg
valid__rifle393_jpg.jpg,valid__rifle393_jpg.txt,valid,rifle393_jpg.rf.b97620a9578bddab77fc49e0697928cf,rifle393_jpg.rf.b97620a9578bddab77fc49e0697928cf.jpg,/home/constantin/Doctorat/GunDatasetNoAugSplit/valid/images/rifle393_jpg.rf.b97620a9578bddab77fc49e0697928cf.jpg
valid__rifle395_jpg.jpg,valid__rifle395_jpg.txt,valid,rifle395_jpg.rf.be229caf3002ffdd4f286716a2fce12b,rifle395_jpg.rf.be229caf3002ffdd4f286716a2fce12b.jpg,/home/constantin/Doctorat/GunDatasetNoAugSplit/valid/images/rifle395_jpg.rf.be229caf3002ffdd4f286716a2fce12b.jpg
valid__rifle398_jpg.jpg,valid__rifle398_jpg.txt,valid,rifle398_jpg.rf.9b5edaa7b9a5a991eb01c2d84a0c26d4,rifle398_jpg.rf.9b5edaa7b9a5a991eb01c2d84a0c26d4.jpg,/home/constantin/Doctorat/GunDatasetNoAugSplit/valid/images/rifle398_jpg.rf.9b5edaa7b9a5a991eb01c2d84a0c26d4.jpg
valid__rifle592_jpg.jpg,valid__rifle592_jpg.txt,valid,rifle592_jpg.rf.a54f8985a83255e1d6746213b896556e,rifle592_jpg.rf.a54f8985a83255e1d6746213b896556e.jpg,/home/constantin/Doctorat/GunDatasetNoAugSplit/valid/images/rifle592_jpg.rf.a54f8985a83255e1d6746213b896556e.jpg
valid__rifle599_jpg.jpg,valid__rifle599_jpg.txt,valid,rifle599_jpg.rf.9bf77db390e6e8bcfdc39ba5d74ba238,rifle599_jpg.rf.9bf77db390e6e8bcfdc39ba5d74ba238.jpg,/home/constantin/Doctorat/GunDatasetNoAugSplit/valid/images/rifle599_jpg.rf.9bf77db390e6e8bcfdc39ba5d74ba238.jpg
valid__rifle615_jpg.jpg,valid__rifle615_jpg.txt,valid,rifle615_jpg.rf.a4d2edc45172e61d21422848d1855bc6,rifle615_jpg.rf.a4d2edc45172e61d21422848d1855bc6.jpg,/home/constantin/Doctorat/GunDatasetNoAugSplit/valid/images/rifle615_jpg.rf.a4d2edc45172e61d21422848d1855bc6.jpg
valid__rifle714_jpg.jpg,valid__rifle714_jpg.txt,valid,rifle714_jpg.rf.1e3c6003a10ac63103cf023ece947fb1,rifle714_jpg.rf.1e3c6003a10ac63103cf023ece947fb1.jpg,/home/constantin/Doctorat/GunDatasetNoAugSplit/valid/images/rifle714_jpg.rf.1e3c6003a10ac63103cf023ece947fb1.jpg
valid__rifle719_jpg.jpg,valid__rifle719_jpg.txt,valid,rifle719_jpg.rf.168d28a16bff8bc8a8dd7a398589b93a,rifle719_jpg.rf.168d28a16bff8bc8a8dd7a398589b93a.jpg,/home/constantin/Doctorat/GunDatasetNoAugSplit/valid/images/rifle719_jpg.rf.168d28a16bff8bc8a8dd7a398589b93a.jpg
valid__rifle827_jpg.jpg,valid__rifle827_jpg.txt,valid,rifle827_jpg.rf.a9ccd0b3887f9f1f05cd2c56ca10ca2f,rifle827_jpg.rf.a9ccd0b3887f9f1f05cd2c56ca10ca2f.jpg,/home/constantin/Doctorat/GunDatasetNoAugSplit/valid/images/rifle827_jpg.rf.a9ccd0b3887f9f1f05cd2c56ca10ca2f.jpg
valid__selfie_stick_001735_jpg.jpg,valid__selfie_stick_001735_jpg.txt,valid,selfie_stick_001735_jpg.rf.1882bff64f2e93218a54a97342d9e17f,selfie_stick_001735_jpg.rf.1882bff64f2e93218a54a97342d9e17f.jpg,/home/constantin/Doctorat/GunDatasetNoAugSplit/valid/images/selfie_stick_001735_jpg.rf.1882bff64f2e93218a54a97342d9e17f.jpg
valid__selfie_stick_001796_jpg.jpg,valid__selfie_stick_001796_jpg.txt,valid,selfie_stick_001796_jpg.rf.3d9ed4f6227640744565234384147893,selfie_stick_001796_jpg.rf.3d9ed4f6227640744565234384147893.jpg,/home/constantin/Doctorat/GunDatasetNoAugSplit/valid/images/selfie_stick_001796_jpg.rf.3d9ed4f6227640744565234384147893.jpg
valid__selfie_stick_001829_jpg.jpg,valid__selfie_stick_001829_jpg.txt,valid,selfie_stick_001829_jpg.rf.3e5f23788450e7ababda88ba41ccc12b,selfie_stick_001829_jpg.rf.3e5f23788450e7ababda88ba41ccc12b.jpg,/home/constantin/Doctorat/GunDatasetNoAugSplit/valid/images/selfie_stick_001829_jpg.rf.3e5f23788450e7ababda88ba41ccc12b.jpg
valid__selfie_stick_001882_jpg.jpg,valid__selfie_stick_001882_jpg.txt,valid,selfie_stick_001882_jpg.rf.9119f4d611031d83dd9377280e627d28,selfie_stick_001882_jpg.rf.9119f4d611031d83dd9377280e627d28.jpg,/home/constantin/Doctorat/GunDatasetNoAugSplit/valid/images/selfie_stick_001882_jpg.rf.9119f4d611031d83dd9377280e627d28.jpg
valid__selfie_stick_001945_jpg.jpg,valid__selfie_stick_001945_jpg.txt,valid,selfie_stick_001945_jpg.rf.30b527e37b1b0b5848fca6eb6c9cd96e,selfie_stick_001945_jpg.rf.30b527e37b1b0b5848fca6eb6c9cd96e.jpg,/home/constantin/Doctorat/GunDatasetNoAugSplit/valid/images/selfie_stick_001945_jpg.rf.30b527e37b1b0b5848fca6eb6c9cd96e.jpg
valid__selfie_stick_001965_jpg.jpg,valid__selfie_stick_001965_jpg.txt,valid,selfie_stick_001965_jpg.rf.dc9c8fff4e457491ba23777260a44147,selfie_stick_001965_jpg.rf.dc9c8fff4e457491ba23777260a44147.jpg,/home/constantin/Doctorat/GunDatasetNoAugSplit/valid/images/selfie_stick_001965_jpg.rf.dc9c8fff4e457491ba23777260a44147.jpg
valid__selfie_stick_002159_jpg.jpg,valid__selfie_stick_002159_jpg.txt,valid,selfie_stick_002159_jpg.rf.761ff68a122a336ee0dbda7802347b9a,selfie_stick_002159_jpg.rf.761ff68a122a336ee0dbda7802347b9a.jpg,/home/constantin/Doctorat/GunDatasetNoAugSplit/valid/images/selfie_stick_002159_jpg.rf.761ff68a122a336ee0dbda7802347b9a.jpg
valid__shopping_or_food_003993_jpg.jpg,valid__shopping_or_food_003993_jpg.txt,valid,shopping_or_food_003993_jpg.rf.10b94300218ace31a7e3cd05df989e6c,shopping_or_food_003993_jpg.rf.10b94300218ace31a7e3cd05df989e6c.jpg,/home/constantin/Doctorat/GunDatasetNoAugSplit/valid/images/shopping_or_food_003993_jpg.rf.10b94300218ace31a7e3cd05df989e6c.jpg
valid__tools_in_hand_002643_jpg.jpg,valid__tools_in_hand_002643_jpg.txt,valid,tools_in_hand_002643_jpg.rf.5e2848b2793cb55fc6cc78caa5878866,tools_in_hand_002643_jpg.rf.5e2848b2793cb55fc6cc78caa5878866.jpg,/home/constantin/Doctorat/GunDatasetNoAugSplit/valid/images/tools_in_hand_002643_jpg.rf.5e2848b2793cb55fc6cc78caa5878866.jpg
valid__tools_in_hand_002722_jpg.jpg,valid__tools_in_hand_002722_jpg.txt,valid,tools_in_hand_002722_jpg.rf.9ebf32fdff6baa1a1f3dde298e9be19f,tools_in_hand_002722_jpg.rf.9ebf32fdff6baa1a1f3dde298e9be19f.jpg,/home/constantin/Doctorat/GunDatasetNoAugSplit/valid/images/tools_in_hand_002722_jpg.rf.9ebf32fdff6baa1a1f3dde298e9be19f.jpg
valid__umbrella_000770_jpg.jpg,valid__umbrella_000770_jpg.txt,valid,umbrella_000770_jpg.rf.c4efcba5d213c185a955786a80b4f01b,umbrella_000770_jpg.rf.c4efcba5d213c185a955786a80b4f01b.jpg,/home/constantin/Doctorat/GunDatasetNoAugSplit/valid/images/umbrella_000770_jpg.rf.c4efcba5d213c185a955786a80b4f01b.jpg
valid__umbrella_001195_jpg.jpg,valid__umbrella_001195_jpg.txt,valid,umbrella_001195_jpg.rf.0ac4760bdee3a064b58963e6daf4ccea,umbrella_001195_jpg.rf.0ac4760bdee3a064b58963e6daf4ccea.jpg,/home/constantin/Doctorat/GunDatasetNoAugSplit/valid/images/umbrella_001195_jpg.rf.0ac4760bdee3a064b58963e6daf4ccea.jpg
valid__wallet_keys_002956_jpg.jpg,valid__wallet_keys_002956_jpg.txt,valid,wallet_keys_002956_jpg.rf.2e43378a5eecf8f5d4556173d5b49ff4,wallet_keys_002956_jpg.rf.2e43378a5eecf8f5d4556173d5b49ff4.jpg,/home/constantin/Doctorat/GunDatasetNoAugSplit/valid/images/wallet_keys_002956_jpg.rf.2e43378a5eecf8f5d4556173d5b49ff4.jpg
valid__wallet_keys_003094_jpg.jpg,valid__wallet_keys_003094_jpg.txt,valid,wallet_keys_003094_jpg.rf.3e10481fb03fb02e9043236f40652195,wallet_keys_003094_jpg.rf.3e10481fb03fb02e9043236f40652195.jpg,/home/constantin/Doctorat/GunDatasetNoAugSplit/valid/images/wallet_keys_003094_jpg.rf.3e10481fb03fb02e9043236f40652195.jpg
valid__water_bottle_001680_jpg.jpg,valid__water_bottle_001680_jpg.txt,valid,water_bottle_001680_jpg.rf.f93de94cf5691bfdc9fb355a66550a28,water_bottle_001680_jpg.rf.f93de94cf5691bfdc9fb355a66550a28.jpg,/home/constantin/Doctorat/GunDatasetNoAugSplit/valid/images/water_bottle_001680_jpg.rf.f93de94cf5691bfdc9fb355a66550a28.jpg
valid__water_bottle_001687_jpg.jpg,valid__water_bottle_001687_jpg.txt,valid,water_bottle_001687_jpg.rf.5328cccc4e1ce08c0c80df699eb39339,water_bottle_001687_jpg.rf.5328cccc4e1ce08c0c80df699eb39339.jpg,/home/constantin/Doctorat/GunDatasetNoAugSplit/valid/images/water_bottle_001687_jpg.rf.5328cccc4e1ce08c0c80df699eb39339.jpg
valid__youtube-41_jpg.jpg,valid__youtube-41_jpg.txt,valid,youtube-41_jpg.rf.47e22ae8d396fc5caac08dbc439a35bc,youtube-41_jpg.rf.47e22ae8d396fc5caac08dbc439a35bc.jpg,/home/constantin/Doctorat/GunDatasetNoAugSplit/valid/images/youtube-41_jpg.rf.47e22ae8d396fc5caac08dbc439a35bc.jpg
valid__youtube-42_jpg.jpg,valid__youtube-42_jpg.txt,valid,youtube-42_jpg.rf.c7f2390f85160f339982a01aaf31b8ad,youtube-42_jpg.rf.c7f2390f85160f339982a01aaf31b8ad.jpg,/home/constantin/Doctorat/GunDatasetNoAugSplit/valid/images/youtube-42_jpg.rf.c7f2390f85160f339982a01aaf31b8ad.jpg
test__00-main-military-tactical-weapons-and-poses-for-genesis-8-daz3d_1_jpg.jpg,test__00-main-military-tactical-weapons-and-poses-for-genesis-8-daz3d_1_jpg.txt,test,00-main-military-tactical-weapons-and-poses-for-genesis-8-daz3d_1_jpg.rf.e285fd7ac1ba8c4e454ea1c4e83c1f71,00-main-military-tactical-weapons-and-poses-for-genesis-8-daz3d_1_jpg.rf.e285fd7ac1ba8c4e454ea1c4e83c1f71.jpg,/home/constantin/Doctorat/GunDatasetNoAugSplit/test/images/00-main-military-tactical-weapons-and-poses-for-genesis-8-daz3d_1_jpg.rf.e285fd7ac1ba8c4e454ea1c4e83c1f71.jpg
test__076_jpg.jpg,test__076_jpg.txt,test,076_jpg.rf.4cfae648fe22d7dc6c7094e445ba6fce,076_jpg.rf.4cfae648fe22d7dc6c7094e445ba6fce.jpg,/home/constantin/Doctorat/GunDatasetNoAugSplit/test/images/076_jpg.rf.4cfae648fe22d7dc6c7094e445ba6fce.jpg
test__09b1cdcfc7ce483664be16e44797e410_tn_jpg.jpg,test__09b1cdcfc7ce483664be16e44797e410_tn_jpg.txt,test,09b1cdcfc7ce483664be16e44797e410_tn_jpg.rf.d5437fe9f1e2236d5b9cef14fd425fde,09b1cdcfc7ce483664be16e44797e410_tn_jpg.rf.d5437fe9f1e2236d5b9cef14fd425fde.jpg,/home/constantin/Doctorat/GunDatasetNoAugSplit/test/images/09b1cdcfc7ce483664be16e44797e410_tn_jpg.rf.d5437fe9f1e2236d5b9cef14fd425fde.jpg
test__1-23-_jpg.jpg,test__1-23-_jpg.txt,test,1-23-_jpg.rf.c5cd6c35c63c9392c07a24175db122b4,1-23-_jpg.rf.c5cd6c35c63c9392c07a24175db122b4.jpg,/home/constantin/Doctorat/GunDatasetNoAugSplit/test/images/1-23-_jpg.rf.c5cd6c35c63c9392c07a24175db122b4.jpg
test__102_jpeg_jpg.jpg,test__102_jpeg_jpg.txt,test,102_jpeg_jpg.rf.598709a1bdd618e5eb2970ddf753be9e,102_jpeg_jpg.rf.598709a1bdd618e5eb2970ddf753be9e.jpg,/home/constantin/Doctorat/GunDatasetNoAugSplit/test/images/102_jpeg_jpg.rf.598709a1bdd618e5eb2970ddf753be9e.jpg
test__129b16b2649fdf41_jpg.jpg,test__129b16b2649fdf41_jpg.txt,test,129b16b2649fdf41_jpg.rf.75903531af8e9e0d1f640be66f8ecb60,129b16b2649fdf41_jpg.rf.75903531af8e9e0d1f640be66f8ecb60.jpg,/home/constantin/Doctorat/GunDatasetNoAugSplit/test/images/129b16b2649fdf41_jpg.rf.75903531af8e9e0d1f640be66f8ecb60.jpg
test__129b16b2649fdf41_jpg_1.jpg,test__129b16b2649fdf41_jpg_1.txt,test,129b16b2649fdf41_jpg.rf.e763fe9b6a3ef0d808def87acd358bf5,129b16b2649fdf41_jpg.rf.e763fe9b6a3ef0d808def87acd358bf5.jpg,/home/constantin/Doctorat/GunDatasetNoAugSplit/test/images/129b16b2649fdf41_jpg.rf.e763fe9b6a3ef0d808def87acd358bf5.jpg
test__12_jpeg_jpg.jpg,test__12_jpeg_jpg.txt,test,12_jpeg_jpg.rf.ab910ec8a794325106dd2d25ef028665,12_jpeg_jpg.rf.ab910ec8a794325106dd2d25ef028665.jpg,/home/constantin/Doctorat/GunDatasetNoAugSplit/test/images/12_jpeg_jpg.rf.ab910ec8a794325106dd2d25ef028665.jpg
test__163_jpg.jpg,test__163_jpg.txt,test,163_jpg.rf.a79c0666119cc7bb17bb7f9b9dcdba99,163_jpg.rf.a79c0666119cc7bb17bb7f9b9dcdba99.jpg,/home/constantin/Doctorat/GunDatasetNoAugSplit/test/images/163_jpg.rf.a79c0666119cc7bb17bb7f9b9dcdba99.jpg
test__174611_1_800_jpg.jpg,test__174611_1_800_jpg.txt,test,174611_1_800_jpg.rf.1cf04c29068f93afe8dd669616f9fa45,174611_1_800_jpg.rf.1cf04c29068f93afe8dd669616f9fa45.jpg,/home/constantin/Doctorat/GunDatasetNoAugSplit/test/images/174611_1_800_jpg.rf.1cf04c29068f93afe8dd669616f9fa45.jpg
test__28144548_00__01304_jpg.jpg,test__28144548_00__01304_jpg.txt,test,28144548_00__01304_jpg.rf.cbc1a02c4dee83fe93236cde2240f167,28144548_00__01304_jpg.rf.cbc1a02c4dee83fe93236cde2240f167.jpg,/home/constantin/Doctorat/GunDatasetNoAugSplit/test/images/28144548_00__01304_jpg.rf.cbc1a02c4dee83fe93236cde2240f167.jpg
test__2814469_00__02476_jpg.jpg,test__2814469_00__02476_jpg.txt,test,2814469_00__02476_jpg.rf.f628100059a02d387fc3bcf420516ce0,2814469_00__02476_jpg.rf.f628100059a02d387fc3bcf420516ce0.jpg,/home/constantin/Doctorat/GunDatasetNoAugSplit/test/images/2814469_00__02476_jpg.rf.f628100059a02d387fc3bcf420516ce0.jpg
test__28162829_17__12892_jpg.jpg,test__28162829_17__12892_jpg.txt,test,28162829_17__12892_jpg.rf.08fbd518696fb6279b8f20cde4733477,28162829_17__12892_jpg.rf.08fbd518696fb6279b8f20cde4733477.jpg,/home/constantin/Doctorat/GunDatasetNoAugSplit/test/images/28162829_17__12892_jpg.rf.08fbd518696fb6279b8f20cde4733477.jpg
test__401da6cdaf41f93f_jpg.jpg,test__401da6cdaf41f93f_jpg.txt,test,401da6cdaf41f93f_jpg.rf.90bd2767c148970f593ea3ee3247825e,401da6cdaf41f93f_jpg.rf.90bd2767c148970f593ea3ee3247825e.jpg,/home/constantin/Doctorat/GunDatasetNoAugSplit/test/images/401da6cdaf41f93f_jpg.rf.90bd2767c148970f593ea3ee3247825e.jpg
test__408024239-1603173813_jpeg_jpg.jpg,test__408024239-1603173813_jpeg_jpg.txt,test,408024239-1603173813_jpeg_jpg.rf.6337a8074d924e92ed0c6b52d203f330,408024239-1603173813_jpeg_jpg.rf.6337a8074d924e92ed0c6b52d203f330.jpg,/home/constantin/Doctorat/GunDatasetNoAugSplit/test/images/408024239-1603173813_jpeg_jpg.rf.6337a8074d924e92ed0c6b52d203f330.jpg
test__408024239-1603173813_jpeg_jpg_1.jpg,test__408024239-1603173813_jpeg_jpg_1.txt,test,408024239-1603173813_jpeg_jpg.rf.db13aa48b11d78e1e3100d5b9493697e,408024239-1603173813_jpeg_jpg.rf.db13aa48b11d78e1e3100d5b9493697e.jpg,/home/constantin/Doctorat/GunDatasetNoAugSplit/test/images/408024239-1603173813_jpeg_jpg.rf.db13aa48b11d78e1e3100d5b9493697e.jpg
test__40a182b2-240_F_377264034_NYz0m47M7T6AhxoNXdQkcr4svwa7f7Fs_jpg.jpg,test__40a182b2-240_F_377264034_NYz0m47M7T6AhxoNXdQkcr4svwa7f7Fs_jpg.txt,test,40a182b2-240_F_377264034_NYz0m47M7T6AhxoNXdQkcr4svwa7f7Fs_jpg.rf.f412073b798fb448c631d3b3fcc117b9,40a182b2-240_F_377264034_NYz0m47M7T6AhxoNXdQkcr4svwa7f7Fs_jpg.rf.f412073b798fb448c631d3b3fcc117b9.jpg,/home/constantin/Doctorat/GunDatasetNoAugSplit/test/images/40a182b2-240_F_377264034_NYz0m47M7T6AhxoNXdQkcr4svwa7f7Fs_jpg.rf.f412073b798fb448c631d3b3fcc117b9.jpg
test__41-1317_jpg.jpg,test__41-1317_jpg.txt,test,41-1317_jpg.rf.c5c7ffa7af1698f0ca4a1fea1795144d,41-1317_jpg.rf.c5c7ffa7af1698f0ca4a1fea1795144d.jpg,/home/constantin/Doctorat/GunDatasetNoAugSplit/test/images/41-1317_jpg.rf.c5c7ffa7af1698f0ca4a1fea1795144d.jpg
test__41-1421_jpg.jpg,test__41-1421_jpg.txt,test,41-1421_jpg.rf.6f8e6b5c6b68e6bae40fd94a2152d1e9,41-1421_jpg.rf.6f8e6b5c6b68e6bae40fd94a2152d1e9.jpg,/home/constantin/Doctorat/GunDatasetNoAugSplit/test/images/41-1421_jpg.rf.6f8e6b5c6b68e6bae40fd94a2152d1e9.jpg
test__452684237-1614940309_jpeg_jpg.jpg,test__452684237-1614940309_jpeg_jpg.txt,test,452684237-1614940309_jpeg_jpg.rf.ff77dddf9cb192f5af26305b3ab23214,452684237-1614940309_jpeg_jpg.rf.ff77dddf9cb192f5af26305b3ab23214.jpg,/home/constantin/Doctorat/GunDatasetNoAugSplit/test/images/452684237-1614940309_jpeg_jpg.rf.ff77dddf9cb192f5af26305b3ab23214.jpg
test__482218799-1622270367_jpeg.jpg,test__482218799-1622270367_jpeg.txt,test,482218799-1622270367_jpeg.rf.b717c4ca4b6ad478b5bb105da75f5cc0,482218799-1622270367_jpeg.rf.b717c4ca4b6ad478b5bb105da75f5cc0.jpg,/home/constantin/Doctorat/GunDatasetNoAugSplit/test/images/482218799-1622270367_jpeg.rf.b717c4ca4b6ad478b5bb105da75f5cc0.jpg
test__494032583-1625577208_jpeg.jpg,test__494032583-1625577208_jpeg.txt,test,494032583-1625577208_jpeg.rf.91bf0c850b83c156d01b51a68d296cad,494032583-1625577208_jpeg.rf.91bf0c850b83c156d01b51a68d296cad.jpg,/home/constantin/Doctorat/GunDatasetNoAugSplit/test/images/494032583-1625577208_jpeg.rf.91bf0c850b83c156d01b51a68d296cad.jpg
test__51_jpeg_jpg.jpg,test__51_jpeg_jpg.txt,test,51_jpeg_jpg.rf.e9a8374be8396f8ad61e82c631d1aa2e,51_jpeg_jpg.rf.e9a8374be8396f8ad61e82c631d1aa2e.jpg,/home/constantin/Doctorat/GunDatasetNoAugSplit/test/images/51_jpeg_jpg.rf.e9a8374be8396f8ad61e82c631d1aa2e.jpg
test__53c4400f84904c855f000037_jpg.jpg,test__53c4400f84904c855f000037_jpg.txt,test,53c4400f84904c855f000037_jpg.rf.31c0a830de7bdd945d65de2604740113,53c4400f84904c855f000037_jpg.rf.31c0a830de7bdd945d65de2604740113.jpg,/home/constantin/Doctorat/GunDatasetNoAugSplit/test/images/53c4400f84904c855f000037_jpg.rf.31c0a830de7bdd945d65de2604740113.jpg
test__55600361e7d4e744728870dbb23d5895_jpg.jpg,test__55600361e7d4e744728870dbb23d5895_jpg.txt,test,55600361e7d4e744728870dbb23d5895_jpg.rf.96e650943c5e9b88b5876ce5ebdccb54,55600361e7d4e744728870dbb23d5895_jpg.rf.96e650943c5e9b88b5876ce5ebdccb54.jpg,/home/constantin/Doctorat/GunDatasetNoAugSplit/test/images/55600361e7d4e744728870dbb23d5895_jpg.rf.96e650943c5e9b88b5876ce5ebdccb54.jpg
test__5daf50a75f340f0a_jpg.jpg,test__5daf50a75f340f0a_jpg.txt,test,5daf50a75f340f0a_jpg.rf.cad07ada821f8d681a317da0daac46ba,5daf50a75f340f0a_jpg.rf.cad07ada821f8d681a317da0daac46ba.jpg,/home/constantin/Doctorat/GunDatasetNoAugSplit/test/images/5daf50a75f340f0a_jpg.rf.cad07ada821f8d681a317da0daac46ba.jpg
test__5daf50a75f340f0a_jpg_1.jpg,test__5daf50a75f340f0a_jpg_1.txt,test,5daf50a75f340f0a_jpg.rf.d30a59ea9dc5ab337b5d5d1e5c86daf3,5daf50a75f340f0a_jpg.rf.d30a59ea9dc5ab337b5d5d1e5c86daf3.jpg,/home/constantin/Doctorat/GunDatasetNoAugSplit/test/images/5daf50a75f340f0a_jpg.rf.d30a59ea9dc5ab337b5d5d1e5c86daf3.jpg
test__65687f52be95be4dc1a68b38769e761a_jpg.jpg,test__65687f52be95be4dc1a68b38769e761a_jpg.txt,test,65687f52be95be4dc1a68b38769e761a_jpg.rf.152e37e5f77bd2602029a2acbba323f1,65687f52be95be4dc1a68b38769e761a_jpg.rf.152e37e5f77bd2602029a2acbba323f1.jpg,/home/constantin/Doctorat/GunDatasetNoAugSplit/test/images/65687f52be95be4dc1a68b38769e761a_jpg.rf.152e37e5f77bd2602029a2acbba323f1.jpg
test__6bd0d404f4b998d8265c4fc95916807b_jpg.jpg,test__6bd0d404f4b998d8265c4fc95916807b_jpg.txt,test,6bd0d404f4b998d8265c4fc95916807b_jpg.rf.e3a697d2ce75b4f60d5b6bfc0e11bdc0,6bd0d404f4b998d8265c4fc95916807b_jpg.rf.e3a697d2ce75b4f60d5b6bfc0e11bdc0.jpg,/home/constantin/Doctorat/GunDatasetNoAugSplit/test/images/6bd0d404f4b998d8265c4fc95916807b_jpg.rf.e3a697d2ce75b4f60d5b6bfc0e11bdc0.jpg
test__7020d5772191c771_jpg.jpg,test__7020d5772191c771_jpg.txt,test,7020d5772191c771_jpg.rf.34057bec8223bea59700b1dfb55ae35a,7020d5772191c771_jpg.rf.34057bec8223bea59700b1dfb55ae35a.jpg,/home/constantin/Doctorat/GunDatasetNoAugSplit/test/images/7020d5772191c771_jpg.rf.34057bec8223bea59700b1dfb55ae35a.jpg
test__770a8d4469d50c3b_jpg.jpg,test__770a8d4469d50c3b_jpg.txt,test,770a8d4469d50c3b_jpg.rf.94ae6e9c90f253025d975de78c2051ec,770a8d4469d50c3b_jpg.rf.94ae6e9c90f253025d975de78c2051ec.jpg,/home/constantin/Doctorat/GunDatasetNoAugSplit/test/images/770a8d4469d50c3b_jpg.rf.94ae6e9c90f253025d975de78c2051ec.jpg
test__7b8bcf8ff6e0d8746ad47a70d0a8893a-desert-eagle-weapons-guns_jpg.jpg,test__7b8bcf8ff6e0d8746ad47a70d0a8893a-desert-eagle-weapons-guns_jpg.txt,test,7b8bcf8ff6e0d8746ad47a70d0a8893a-desert-eagle-weapons-guns_jpg.rf.0b0990efcbf7e39fbfedcd342cffcd3a,7b8bcf8ff6e0d8746ad47a70d0a8893a-desert-eagle-weapons-guns_jpg.rf.0b0990efcbf7e39fbfedcd342cffcd3a.jpg,/home/constantin/Doctorat/GunDatasetNoAugSplit/test/images/7b8bcf8ff6e0d8746ad47a70d0a8893a-desert-eagle-weapons-guns_jpg.rf.0b0990efcbf7e39fbfedcd342cffcd3a.jpg
test__8b1c570f996fff2ded3ed802a3a99129_jpg.jpg,test__8b1c570f996fff2ded3ed802a3a99129_jpg.txt,test,8b1c570f996fff2ded3ed802a3a99129_jpg.rf.da0818f4d3b018aaee92a51f0933c726,8b1c570f996fff2ded3ed802a3a99129_jpg.rf.da0818f4d3b018aaee92a51f0933c726.jpg,/home/constantin/Doctorat/GunDatasetNoAugSplit/test/images/8b1c570f996fff2ded3ed802a3a99129_jpg.rf.da0818f4d3b018aaee92a51f0933c726.jpg
test__99852e3515a52a26_jpg.jpg,test__99852e3515a52a26_jpg.txt,test,99852e3515a52a26_jpg.rf.4fa33a75761e970a52656ec57f8168a0,99852e3515a52a26_jpg.rf.4fa33a75761e970a52656ec57f8168a0.jpg,/home/constantin/Doctorat/GunDatasetNoAugSplit/test/images/99852e3515a52a26_jpg.rf.4fa33a75761e970a52656ec57f8168a0.jpg
test__CAR00151_jpg.jpg,test__CAR00151_jpg.txt,test,CAR00151_jpg.rf.69372643297f161019c9b10fe8b476ba,CAR00151_jpg.rf.69372643297f161019c9b10fe8b476ba.jpg,/home/constantin/Doctorat/GunDatasetNoAugSplit/test/images/CAR00151_jpg.rf.69372643297f161019c9b10fe8b476ba.jpg
test__CAR00151_jpg_1.jpg,test__CAR00151_jpg_1.txt,test,CAR00151_jpg.rf.af05b51f9aea796428a925766a5dad19,CAR00151_jpg.rf.af05b51f9aea796428a925766a5dad19.jpg,/home/constantin/Doctorat/GunDatasetNoAugSplit/test/images/CAR00151_jpg.rf.af05b51f9aea796428a925766a5dad19.jpg
test__CAR00279-Copy_jpg.jpg,test__CAR00279-Copy_jpg.txt,test,CAR00279-Copy_jpg.rf.27a334a1baea91a3ed7019a89849c57c,CAR00279-Copy_jpg.rf.27a334a1baea91a3ed7019a89849c57c.jpg,/home/constantin/Doctorat/GunDatasetNoAugSplit/test/images/CAR00279-Copy_jpg.rf.27a334a1baea91a3ed7019a89849c57c.jpg
test__DatasetWeapons_1012_png.jpg,test__DatasetWeapons_1012_png.txt,test,DatasetWeapons_1012_png.rf.92b21c2eacc9504f87eea5ba7d4d87e3,DatasetWeapons_1012_png.rf.92b21c2eacc9504f87eea5ba7d4d87e3.jpg,/home/constantin/Doctorat/GunDatasetNoAugSplit/test/images/DatasetWeapons_1012_png.rf.92b21c2eacc9504f87eea5ba7d4d87e3.jpg
test__DatasetWeapons_1616_png.jpg,test__DatasetWeapons_1616_png.txt,test,DatasetWeapons_1616_png.rf.a94557651f06f51a70670fb66dcf9d5b,DatasetWeapons_1616_png.rf.a94557651f06f51a70670fb66dcf9d5b.jpg,/home/constantin/Doctorat/GunDatasetNoAugSplit/test/images/DatasetWeapons_1616_png.rf.a94557651f06f51a70670fb66dcf9d5b.jpg
test__DatasetWeapons_1807_png.jpg,test__DatasetWeapons_1807_png.txt,test,DatasetWeapons_1807_png.rf.c498c8dc7fd93d3e5b6996ddb6dea12d,DatasetWeapons_1807_png.rf.c498c8dc7fd93d3e5b6996ddb6dea12d.jpg,/home/constantin/Doctorat/GunDatasetNoAugSplit/test/images/DatasetWeapons_1807_png.rf.c498c8dc7fd93d3e5b6996ddb6dea12d.jpg
test__DatasetWeapons_2020_png.jpg,test__DatasetWeapons_2020_png.txt,test,DatasetWeapons_2020_png.rf.018d4de9de42c9c76a5979c3e3e5f844,DatasetWeapons_2020_png.rf.018d4de9de42c9c76a5979c3e3e5f844.jpg,/home/constantin/Doctorat/GunDatasetNoAugSplit/test/images/DatasetWeapons_2020_png.rf.018d4de9de42c9c76a5979c3e3e5f844.jpg
test__DatasetWeapons_2168_png.jpg,test__DatasetWeapons_2168_png.txt,test,DatasetWeapons_2168_png.rf.a2615a977bf8cfce2743defc580d8210,DatasetWeapons_2168_png.rf.a2615a977bf8cfce2743defc580d8210.jpg,/home/constantin/Doctorat/GunDatasetNoAugSplit/test/images/DatasetWeapons_2168_png.rf.a2615a977bf8cfce2743defc580d8210.jpg
test__DatasetWeapons_2241_png.jpg,test__DatasetWeapons_2241_png.txt,test,DatasetWeapons_2241_png.rf.e44ec200daf340fdad14bc3e445c9769,DatasetWeapons_2241_png.rf.e44ec200daf340fdad14bc3e445c9769.jpg,/home/constantin/Doctorat/GunDatasetNoAugSplit/test/images/DatasetWeapons_2241_png.rf.e44ec200daf340fdad14bc3e445c9769.jpg
test__DatasetWeapons_2318_png.jpg,test__DatasetWeapons_2318_png.txt,test,DatasetWeapons_2318_png.rf.b8f0a37a39da8e85177b09a39d65958a,DatasetWeapons_2318_png.rf.b8f0a37a39da8e85177b09a39d65958a.jpg,/home/constantin/Doctorat/GunDatasetNoAugSplit/test/images/DatasetWeapons_2318_png.rf.b8f0a37a39da8e85177b09a39d65958a.jpg
test__DatasetWeapons_2358_png.jpg,test__DatasetWeapons_2358_png.txt,test,DatasetWeapons_2358_png.rf.75b54fc65561c70fcad8f97d4bc40035,DatasetWeapons_2358_png.rf.75b54fc65561c70fcad8f97d4bc40035.jpg,/home/constantin/Doctorat/GunDatasetNoAugSplit/test/images/DatasetWeapons_2358_png.rf.75b54fc65561c70fcad8f97d4bc40035.jpg
test__DatasetWeapons_3082_png.jpg,test__DatasetWeapons_3082_png.txt,test,DatasetWeapons_3082_png.rf.71b377020aae9438e8a7e5b72fa32778,DatasetWeapons_3082_png.rf.71b377020aae9438e8a7e5b72fa32778.jpg,/home/constantin/Doctorat/GunDatasetNoAugSplit/test/images/DatasetWeapons_3082_png.rf.71b377020aae9438e8a7e5b72fa32778.jpg
test__DatasetWeapons_3400_png.jpg,test__DatasetWeapons_3400_png.txt,test,DatasetWeapons_3400_png.rf.2b01baa52724ac9f5abcd846d2074f46,DatasetWeapons_3400_png.rf.2b01baa52724ac9f5abcd846d2074f46.jpg,/home/constantin/Doctorat/GunDatasetNoAugSplit/test/images/DatasetWeapons_3400_png.rf.2b01baa52724ac9f5abcd846d2074f46.jpg
test__DatasetWeapons_3789_png.jpg,test__DatasetWeapons_3789_png.txt,test,DatasetWeapons_3789_png.rf.be3178b2e8a851f85bc55f03a957bc63,DatasetWeapons_3789_png.rf.be3178b2e8a851f85bc55f03a957bc63.jpg,/home/constantin/Doctorat/GunDatasetNoAugSplit/test/images/DatasetWeapons_3789_png.rf.be3178b2e8a851f85bc55f03a957bc63.jpg
test__DatasetWeapons_3832_png.jpg,test__DatasetWeapons_3832_png.txt,test,DatasetWeapons_3832_png.rf.41451b71da8c19fc91c7b51fedffcdf3,DatasetWeapons_3832_png.rf.41451b71da8c19fc91c7b51fedffcdf3.jpg,/home/constantin/Doctorat/GunDatasetNoAugSplit/test/images/DatasetWeapons_3832_png.rf.41451b71da8c19fc91c7b51fedffcdf3.jpg
test__DatasetWeapons_3977_png.jpg,test__DatasetWeapons_3977_png.txt,test,DatasetWeapons_3977_png.rf.6d069bf304a624b6276f49cce86f3ce4,DatasetWeapons_3977_png.rf.6d069bf304a624b6276f49cce86f3ce4.jpg,/home/constantin/Doctorat/GunDatasetNoAugSplit/test/images/DatasetWeapons_3977_png.rf.6d069bf304a624b6276f49cce86f3ce4.jpg
test__DatasetWeapons_4352_png.jpg,test__DatasetWeapons_4352_png.txt,test,DatasetWeapons_4352_png.rf.3e5b1f0921871597c3dfb2cba38aee69,DatasetWeapons_4352_png.rf.3e5b1f0921871597c3dfb2cba38aee69.jpg,/home/constantin/Doctorat/GunDatasetNoAugSplit/test/images/DatasetWeapons_4352_png.rf.3e5b1f0921871597c3dfb2cba38aee69.jpg
test__DatasetWeapons_4381_png.jpg,test__DatasetWeapons_4381_png.txt,test,DatasetWeapons_4381_png.rf.90223808019015c442696d1072a8a6a3,DatasetWeapons_4381_png.rf.90223808019015c442696d1072a8a6a3.jpg,/home/constantin/Doctorat/GunDatasetNoAugSplit/test/images/DatasetWeapons_4381_png.rf.90223808019015c442696d1072a8a6a3.jpg
test__DatasetWeapons_490_png.jpg,test__DatasetWeapons_490_png.txt,test,DatasetWeapons_490_png.rf.724c55ea2c3c7170330761d459e4c176,DatasetWeapons_490_png.rf.724c55ea2c3c7170330761d459e4c176.jpg,/home/constantin/Doctorat/GunDatasetNoAugSplit/test/images/DatasetWeapons_490_png.rf.724c55ea2c3c7170330761d459e4c176.jpg
test__DatasetWeapons_5130_png.jpg,test__DatasetWeapons_5130_png.txt,test,DatasetWeapons_5130_png.rf.7ecddb660c02a8653e46715e6e3dd806,DatasetWeapons_5130_png.rf.7ecddb660c02a8653e46715e6e3dd806.jpg,/home/constantin/Doctorat/GunDatasetNoAugSplit/test/images/DatasetWeapons_5130_png.rf.7ecddb660c02a8653e46715e6e3dd806.jpg
test__DatasetWeapons_5459_png.jpg,test__DatasetWeapons_5459_png.txt,test,DatasetWeapons_5459_png.rf.809a330c787237c87c83654a20e1f6a6,DatasetWeapons_5459_png.rf.809a330c787237c87c83654a20e1f6a6.jpg,/home/constantin/Doctorat/GunDatasetNoAugSplit/test/images/DatasetWeapons_5459_png.rf.809a330c787237c87c83654a20e1f6a6.jpg
test__DatasetWeapons_5661_png.jpg,test__DatasetWeapons_5661_png.txt,test,DatasetWeapons_5661_png.rf.4a34c1c9f551a89d506f0c800d5a26c5,DatasetWeapons_5661_png.rf.4a34c1c9f551a89d506f0c800d5a26c5.jpg,/home/constantin/Doctorat/GunDatasetNoAugSplit/test/images/DatasetWeapons_5661_png.rf.4a34c1c9f551a89d506f0c800d5a26c5.jpg
test__DatasetWeapons_6088_png.jpg,test__DatasetWeapons_6088_png.txt,test,DatasetWeapons_6088_png.rf.496ce0ea26671efd151f2f892470d760,DatasetWeapons_6088_png.rf.496ce0ea26671efd151f2f892470d760.jpg,/home/constantin/Doctorat/GunDatasetNoAugSplit/test/images/DatasetWeapons_6088_png.rf.496ce0ea26671efd151f2f892470d760.jpg
test__DatasetWeapons_6319_png.jpg,test__DatasetWeapons_6319_png.txt,test,DatasetWeapons_6319_png.rf.182a9a82fd55c9b478de793ff26e7628,DatasetWeapons_6319_png.rf.182a9a82fd55c9b478de793ff26e7628.jpg,/home/constantin/Doctorat/GunDatasetNoAugSplit/test/images/DatasetWeapons_6319_png.rf.182a9a82fd55c9b478de793ff26e7628.jpg
test__Doc-dao-Nghet-tho-man-VAY-BAT-TOI-PHAM-NGOAN-CO-cua-hinh-su-vung-BIEN-GIOI-Phim-canh-sat-hinh-su_mp4-0148_jpg.jpg,test__Doc-dao-Nghet-tho-man-VAY-BAT-TOI-PHAM-NGOAN-CO-cua-hinh-su-vung-BIEN-GIOI-Phim-canh-sat-hinh-su_mp4-0148_jpg.txt,test,Doc-dao-Nghet-tho-man-VAY-BAT-TOI-PHAM-NGOAN-CO-cua-hinh-su-vung-BIEN-GIOI-Phim-canh-sat-hinh-su_mp4-0148_jpg.rf.9c0310b130ec25aa096bf48c6c3085dc,Doc-dao-Nghet-tho-man-VAY-BAT-TOI-PHAM-NGOAN-CO-cua-hinh-su-vung-BIEN-GIOI-Phim-canh-sat-hinh-su_mp4-0148_jpg.rf.9c0310b130ec25aa096bf48c6c3085dc.jpg,/home/constantin/Doctorat/GunDatasetNoAugSplit/test/images/Doc-dao-Nghet-tho-man-VAY-BAT-TOI-PHAM-NGOAN-CO-cua-hinh-su-vung-BIEN-GIOI-Phim-canh-sat-hinh-su_mp4-0148_jpg.rf.9c0310b130ec25aa096bf48c6c3085dc.jpg
test__Doc-dao-Nghet-tho-man-VAY-BAT-TOI-PHAM-NGOAN-CO-cua-hinh-su-vung-BIEN-GIOI-Phim-canh-sat-hinh-su_mp4-0299_jpg.jpg,test__Doc-dao-Nghet-tho-man-VAY-BAT-TOI-PHAM-NGOAN-CO-cua-hinh-su-vung-BIEN-GIOI-Phim-canh-sat-hinh-su_mp4-0299_jpg.txt,test,Doc-dao-Nghet-tho-man-VAY-BAT-TOI-PHAM-NGOAN-CO-cua-hinh-su-vung-BIEN-GIOI-Phim-canh-sat-hinh-su_mp4-0299_jpg.rf.eb7c5d4e7e283ecedebc22e67ac3e541,Doc-dao-Nghet-tho-man-VAY-BAT-TOI-PHAM-NGOAN-CO-cua-hinh-su-vung-BIEN-GIOI-Phim-canh-sat-hinh-su_mp4-0299_jpg.rf.eb7c5d4e7e283ecedebc22e67ac3e541.jpg,/home/constantin/Doctorat/GunDatasetNoAugSplit/test/images/Doc-dao-Nghet-tho-man-VAY-BAT-TOI-PHAM-NGOAN-CO-cua-hinh-su-vung-BIEN-GIOI-Phim-canh-sat-hinh-su_mp4-0299_jpg.rf.eb7c5d4e7e283ecedebc22e67ac3e541.jpg
test__FILE20704_JPG_jpg.jpg,test__FILE20704_JPG_jpg.txt,test,FILE20704_JPG_jpg.rf.bce474fe66172029f77a3a3e4232fb18,FILE20704_JPG_jpg.rf.bce474fe66172029f77a3a3e4232fb18.jpg,/home/constantin/Doctorat/GunDatasetNoAugSplit/test/images/FILE20704_JPG_jpg.rf.bce474fe66172029f77a3a3e4232fb18.jpg
test__GuardianAngel-shooter-01_jpg.jpg,test__GuardianAngel-shooter-01_jpg.txt,test,GuardianAngel-shooter-01_jpg.rf.f252048d4b75f75539f61e30d50f6164,GuardianAngel-shooter-01_jpg.rf.f252048d4b75f75539f61e30d50f6164.jpg,/home/constantin/Doctorat/GunDatasetNoAugSplit/test/images/GuardianAngel-shooter-01_jpg.rf.f252048d4b75f75539f61e30d50f6164.jpg
test__HD-wallpaper-weapon-bullet-gun-knife-pistol_jpg.jpg,test__HD-wallpaper-weapon-bullet-gun-knife-pistol_jpg.txt,test,HD-wallpaper-weapon-bullet-gun-knife-pistol_jpg.rf.cde08cb231931813d3cd3509198c89ae,HD-wallpaper-weapon-bullet-gun-knife-pistol_jpg.rf.cde08cb231931813d3cd3509198c89ae.jpg,/home/constantin/Doctorat/GunDatasetNoAugSplit/test/images/HD-wallpaper-weapon-bullet-gun-knife-pistol_jpg.rf.cde08cb231931813d3cd3509198c89ae.jpg
test__KnifeDataset_1346_png.jpg,test__KnifeDataset_1346_png.txt,test,KnifeDataset_1346_png.rf.c545e8f4400ee7182d03fa46b71c644c,KnifeDataset_1346_png.rf.c545e8f4400ee7182d03fa46b71c644c.jpg,/home/constantin/Doctorat/GunDatasetNoAugSplit/test/images/KnifeDataset_1346_png.rf.c545e8f4400ee7182d03fa46b71c644c.jpg
test__KnifeDataset_1706_png.jpg,test__KnifeDataset_1706_png.txt,test,KnifeDataset_1706_png.rf.3d5cbde52dee1fd9872b264a391af1bb,KnifeDataset_1706_png.rf.3d5cbde52dee1fd9872b264a391af1bb.jpg,/home/constantin/Doctorat/GunDatasetNoAugSplit/test/images/KnifeDataset_1706_png.rf.3d5cbde52dee1fd9872b264a391af1bb.jpg
test__KnifeDataset_1741_png.jpg,test__KnifeDataset_1741_png.txt,test,KnifeDataset_1741_png.rf.4792d52f98d7fb86d640a0a83edfb9cf,KnifeDataset_1741_png.rf.4792d52f98d7fb86d640a0a83edfb9cf.jpg,/home/constantin/Doctorat/GunDatasetNoAugSplit/test/images/KnifeDataset_1741_png.rf.4792d52f98d7fb86d640a0a83edfb9cf.jpg
test__KnifeDataset_1996_png.jpg,test__KnifeDataset_1996_png.txt,test,KnifeDataset_1996_png.rf.b0fd4eecf608373d4467911a534a4252,KnifeDataset_1996_png.rf.b0fd4eecf608373d4467911a534a4252.jpg,/home/constantin/Doctorat/GunDatasetNoAugSplit/test/images/KnifeDataset_1996_png.rf.b0fd4eecf608373d4467911a534a4252.jpg
test__KnifeDataset_2149_png.jpg,test__KnifeDataset_2149_png.txt,test,KnifeDataset_2149_png.rf.d159e7e4a325d1b4befa4e27db753a53,KnifeDataset_2149_png.rf.d159e7e4a325d1b4befa4e27db753a53.jpg,/home/constantin/Doctorat/GunDatasetNoAugSplit/test/images/KnifeDataset_2149_png.rf.d159e7e4a325d1b4befa4e27db753a53.jpg
test__KnifeDataset_2447_png.jpg,test__KnifeDataset_2447_png.txt,test,KnifeDataset_2447_png.rf.e5df2efde49202b0283b18c733d99b4c,KnifeDataset_2447_png.rf.e5df2efde49202b0283b18c733d99b4c.jpg,/home/constantin/Doctorat/GunDatasetNoAugSplit/test/images/KnifeDataset_2447_png.rf.e5df2efde49202b0283b18c733d99b4c.jpg
test__KnifeDataset_2511_png.jpg,test__KnifeDataset_2511_png.txt,test,KnifeDataset_2511_png.rf.494945d47a3b261cd03a15322c116a74,KnifeDataset_2511_png.rf.494945d47a3b261cd03a15322c116a74.jpg,/home/constantin/Doctorat/GunDatasetNoAugSplit/test/images/KnifeDataset_2511_png.rf.494945d47a3b261cd03a15322c116a74.jpg
test__KnifeDataset_253_png.jpg,test__KnifeDataset_253_png.txt,test,KnifeDataset_253_png.rf.089fab006ca9f53cbe54fe904452de5b,KnifeDataset_253_png.rf.089fab006ca9f53cbe54fe904452de5b.jpg,/home/constantin/Doctorat/GunDatasetNoAugSplit/test/images/KnifeDataset_253_png.rf.089fab006ca9f53cbe54fe904452de5b.jpg
test__KnifeDataset_2899_png.jpg,test__KnifeDataset_2899_png.txt,test,KnifeDataset_2899_png.rf.2d87a166b39224025656b1be30b111b6,KnifeDataset_2899_png.rf.2d87a166b39224025656b1be30b111b6.jpg,/home/constantin/Doctorat/GunDatasetNoAugSplit/test/images/KnifeDataset_2899_png.rf.2d87a166b39224025656b1be30b111b6.jpg
test__KnifeDataset_295_png.jpg,test__KnifeDataset_295_png.txt,test,KnifeDataset_295_png.rf.d50dba4fe7b68c7baba8ac8adab35406,KnifeDataset_295_png.rf.d50dba4fe7b68c7baba8ac8adab35406.jpg,/home/constantin/Doctorat/GunDatasetNoAugSplit/test/images/KnifeDataset_295_png.rf.d50dba4fe7b68c7baba8ac8adab35406.jpg
test__KnifeDataset_307_png.jpg,test__KnifeDataset_307_png.txt,test,KnifeDataset_307_png.rf.204686d287074cddd2e2a1ec35c91f86,KnifeDataset_307_png.rf.204686d287074cddd2e2a1ec35c91f86.jpg,/home/constantin/Doctorat/GunDatasetNoAugSplit/test/images/KnifeDataset_307_png.rf.204686d287074cddd2e2a1ec35c91f86.jpg
test__KnifeDataset_3120_png.jpg,test__KnifeDataset_3120_png.txt,test,KnifeDataset_3120_png.rf.ca5e4f372680927d10c926ed409046c3,KnifeDataset_3120_png.rf.ca5e4f372680927d10c926ed409046c3.jpg,/home/constantin/Doctorat/GunDatasetNoAugSplit/test/images/KnifeDataset_3120_png.rf.ca5e4f372680927d10c926ed409046c3.jpg
test__KnifeDataset_3334_png.jpg,test__KnifeDataset_3334_png.txt,test,KnifeDataset_3334_png.rf.74bcc88088cb9bb393681bd4b24d3e41,KnifeDataset_3334_png.rf.74bcc88088cb9bb393681bd4b24d3e41.jpg,/home/constantin/Doctorat/GunDatasetNoAugSplit/test/images/KnifeDataset_3334_png.rf.74bcc88088cb9bb393681bd4b24d3e41.jpg
test__KnifeDataset_3349_png.jpg,test__KnifeDataset_3349_png.txt,test,KnifeDataset_3349_png.rf.4b5b9a542ca34d3aea67f639cdb897df,KnifeDataset_3349_png.rf.4b5b9a542ca34d3aea67f639cdb897df.jpg,/home/constantin/Doctorat/GunDatasetNoAugSplit/test/images/KnifeDataset_3349_png.rf.4b5b9a542ca34d3aea67f639cdb897df.jpg
test__KnifeDataset_3397_png.jpg,test__KnifeDataset_3397_png.txt,test,KnifeDataset_3397_png.rf.64327cd9fd5168d6fbf1df407aa6aad7,KnifeDataset_3397_png.rf.64327cd9fd5168d6fbf1df407aa6aad7.jpg,/home/constantin/Doctorat/GunDatasetNoAugSplit/test/images/KnifeDataset_3397_png.rf.64327cd9fd5168d6fbf1df407aa6aad7.jpg
test__KnifeDataset_3730_png.jpg,test__KnifeDataset_3730_png.txt,test,KnifeDataset_3730_png.rf.2c195faecd906a5801cbf6c2f20e16bc,KnifeDataset_3730_png.rf.2c195faecd906a5801cbf6c2f20e16bc.jpg,/home/constantin/Doctorat/GunDatasetNoAugSplit/test/images/KnifeDataset_3730_png.rf.2c195faecd906a5801cbf6c2f20e16bc.jpg
test__KnifeDataset_3742_png.jpg,test__KnifeDataset_3742_png.txt,test,KnifeDataset_3742_png.rf.bcea7b9d9e721ac3fa1ffaa11eb8ed0b,KnifeDataset_3742_png.rf.bcea7b9d9e721ac3fa1ffaa11eb8ed0b.jpg,/home/constantin/Doctorat/GunDatasetNoAugSplit/test/images/KnifeDataset_3742_png.rf.bcea7b9d9e721ac3fa1ffaa11eb8ed0b.jpg
test__KnifeDataset_3859_png.jpg,test__KnifeDataset_3859_png.txt,test,KnifeDataset_3859_png.rf.d56ebc26530cf8312e36459fefe89c54,KnifeDataset_3859_png.rf.d56ebc26530cf8312e36459fefe89c54.jpg,/home/constantin/Doctorat/GunDatasetNoAugSplit/test/images/KnifeDataset_3859_png.rf.d56ebc26530cf8312e36459fefe89c54.jpg
test__KnifeDataset_419_png.jpg,test__KnifeDataset_419_png.txt,test,KnifeDataset_419_png.rf.91f237c1cfc560c0cc3ab3e47cef5b90,KnifeDataset_419_png.rf.91f237c1cfc560c0cc3ab3e47cef5b90.jpg,/home/constantin/Doctorat/GunDatasetNoAugSplit/test/images/KnifeDataset_419_png.rf.91f237c1cfc560c0cc3ab3e47cef5b90.jpg
test__KnifeDataset_4618_png.jpg,test__KnifeDataset_4618_png.txt,test,KnifeDataset_4618_png.rf.4cc9115770b9a851efe3197ee37ddb93,KnifeDataset_4618_png.rf.4cc9115770b9a851efe3197ee37ddb93.jpg,/home/constantin/Doctorat/GunDatasetNoAugSplit/test/images/KnifeDataset_4618_png.rf.4cc9115770b9a851efe3197ee37ddb93.jpg
test__KnifeDataset_4807_png.jpg,test__KnifeDataset_4807_png.txt,test,KnifeDataset_4807_png.rf.4ab54d651be70d3e80cb6dea19350b4f,KnifeDataset_4807_png.rf.4ab54d651be70d3e80cb6dea19350b4f.jpg,/home/constantin/Doctorat/GunDatasetNoAugSplit/test/images/KnifeDataset_4807_png.rf.4ab54d651be70d3e80cb6dea19350b4f.jpg
test__KnifeDataset_5046_png.jpg,test__KnifeDataset_5046_png.txt,test,KnifeDataset_5046_png.rf.3a70b9213d583068052704b5de863155,KnifeDataset_5046_png.rf.3a70b9213d583068052704b5de863155.jpg,/home/constantin/Doctorat/GunDatasetNoAugSplit/test/images/KnifeDataset_5046_png.rf.3a70b9213d583068052704b5de863155.jpg
test__KnifeDataset_5417_png.jpg,test__KnifeDataset_5417_png.txt,test,KnifeDataset_5417_png.rf.b604d59a969df46631393f2b12d76a34,KnifeDataset_5417_png.rf.b604d59a969df46631393f2b12d76a34.jpg,/home/constantin/Doctorat/GunDatasetNoAugSplit/test/images/KnifeDataset_5417_png.rf.b604d59a969df46631393f2b12d76a34.jpg
test__KnifeDataset_5648_png.jpg,test__KnifeDataset_5648_png.txt,test,KnifeDataset_5648_png.rf.00fe5921f7924c2e68ed4549765d7713,KnifeDataset_5648_png.rf.00fe5921f7924c2e68ed4549765d7713.jpg,/home/constantin/Doctorat/GunDatasetNoAugSplit/test/images/KnifeDataset_5648_png.rf.00fe5921f7924c2e68ed4549765d7713.jpg
test__KnifeDataset_5759_png.jpg,test__KnifeDataset_5759_png.txt,test,KnifeDataset_5759_png.rf.f75284a76f8da4b4154b20269216db8b,KnifeDataset_5759_png.rf.f75284a76f8da4b4154b20269216db8b.jpg,/home/constantin/Doctorat/GunDatasetNoAugSplit/test/images/KnifeDataset_5759_png.rf.f75284a76f8da4b4154b20269216db8b.jpg
test__KnifeDataset_6129_png.jpg,test__KnifeDataset_6129_png.txt,test,KnifeDataset_6129_png.rf.d641624209f3624ec3871f9cfb4a8791,KnifeDataset_6129_png.rf.d641624209f3624ec3871f9cfb4a8791.jpg,/home/constantin/Doctorat/GunDatasetNoAugSplit/test/images/KnifeDataset_6129_png.rf.d641624209f3624ec3871f9cfb4a8791.jpg
test__KnifeDataset_6386_png.jpg,test__KnifeDataset_6386_png.txt,test,KnifeDataset_6386_png.rf.cf2f93e3372fa97664f40c06cd9d0e17,KnifeDataset_6386_png.rf.cf2f93e3372fa97664f40c06cd9d0e17.jpg,/home/constantin/Doctorat/GunDatasetNoAugSplit/test/images/KnifeDataset_6386_png.rf.cf2f93e3372fa97664f40c06cd9d0e17.jpg
test__KnifeDataset_6414_png.jpg,test__KnifeDataset_6414_png.txt,test,KnifeDataset_6414_png.rf.a2335ab746a0fda694f49d762c22bf38,KnifeDataset_6414_png.rf.a2335ab746a0fda694f49d762c22bf38.jpg,/home/constantin/Doctorat/GunDatasetNoAugSplit/test/images/KnifeDataset_6414_png.rf.a2335ab746a0fda694f49d762c22bf38.jpg
test__KnifeDataset_6636_png.jpg,test__KnifeDataset_6636_png.txt,test,KnifeDataset_6636_png.rf.45ee9e9f165582f9ad3dd65e898f580e,KnifeDataset_6636_png.rf.45ee9e9f165582f9ad3dd65e898f580e.jpg,/home/constantin/Doctorat/GunDatasetNoAugSplit/test/images/KnifeDataset_6636_png.rf.45ee9e9f165582f9ad3dd65e898f580e.jpg
test__KnifeDataset_6706_png.jpg,test__KnifeDataset_6706_png.txt,test,KnifeDataset_6706_png.rf.2006ad43be47513cffb6cd39c0e9eac4,KnifeDataset_6706_png.rf.2006ad43be47513cffb6cd39c0e9eac4.jpg,/home/constantin/Doctorat/GunDatasetNoAugSplit/test/images/KnifeDataset_6706_png.rf.2006ad43be47513cffb6cd39c0e9eac4.jpg
test__KnifeDataset_749_png.jpg,test__KnifeDataset_749_png.txt,test,KnifeDataset_749_png.rf.6d99e2c2cec54c79360cc0264ebac244,KnifeDataset_749_png.rf.6d99e2c2cec54c79360cc0264ebac244.jpg,/home/constantin/Doctorat/GunDatasetNoAugSplit/test/images/KnifeDataset_749_png.rf.6d99e2c2cec54c79360cc0264ebac244.jpg
test__KnifeDataset_757_png.jpg,test__KnifeDataset_757_png.txt,test,KnifeDataset_757_png.rf.e5e7ae1bdd31070de6eaae7c68a2fc39,KnifeDataset_757_png.rf.e5e7ae1bdd31070de6eaae7c68a2fc39.jpg,/home/constantin/Doctorat/GunDatasetNoAugSplit/test/images/KnifeDataset_757_png.rf.e5e7ae1bdd31070de6eaae7c68a2fc39.jpg
test__KnifeDataset_766_png.jpg,test__KnifeDataset_766_png.txt,test,KnifeDataset_766_png.rf.0c07e89a0f0919fbffc5051a94eaebde,KnifeDataset_766_png.rf.0c07e89a0f0919fbffc5051a94eaebde.jpg,/home/constantin/Doctorat/GunDatasetNoAugSplit/test/images/KnifeDataset_766_png.rf.0c07e89a0f0919fbffc5051a94eaebde.jpg
test__KnifeDataset_894_png.jpg,test__KnifeDataset_894_png.txt,test,KnifeDataset_894_png.rf.8071c893f0a1edcd125ef765d016ac17,KnifeDataset_894_png.rf.8071c893f0a1edcd125ef765d016ac17.jpg,/home/constantin/Doctorat/GunDatasetNoAugSplit/test/images/KnifeDataset_894_png.rf.8071c893f0a1edcd125ef765d016ac17.jpg
test__NewGunDataset1146_png.jpg,test__NewGunDataset1146_png.txt,test,NewGunDataset1146_png.rf.fcc4a4949e9201e875c97d4b4641de7b,NewGunDataset1146_png.rf.fcc4a4949e9201e875c97d4b4641de7b.jpg,/home/constantin/Doctorat/GunDatasetNoAugSplit/test/images/NewGunDataset1146_png.rf.fcc4a4949e9201e875c97d4b4641de7b.jpg
test__NewGunDataset1259_png.jpg,test__NewGunDataset1259_png.txt,test,NewGunDataset1259_png.rf.618569b8ad6e84f67f35365b23e0e025,NewGunDataset1259_png.rf.618569b8ad6e84f67f35365b23e0e025.jpg,/home/constantin/Doctorat/GunDatasetNoAugSplit/test/images/NewGunDataset1259_png.rf.618569b8ad6e84f67f35365b23e0e025.jpg
test__NewGunDataset1658_png.jpg,test__NewGunDataset1658_png.txt,test,NewGunDataset1658_png.rf.dbe05e5c59e3a8876afb2c6534ba6084,NewGunDataset1658_png.rf.dbe05e5c59e3a8876afb2c6534ba6084.jpg,/home/constantin/Doctorat/GunDatasetNoAugSplit/test/images/NewGunDataset1658_png.rf.dbe05e5c59e3a8876afb2c6534ba6084.jpg
test__NewGunDataset181_png.jpg,test__NewGunDataset181_png.txt,test,NewGunDataset181_png.rf.7324ef189eb81bf4cf8afe56c80bc3a8,NewGunDataset181_png.rf.7324ef189eb81bf4cf8afe56c80bc3a8.jpg,/home/constantin/Doctorat/GunDatasetNoAugSplit/test/images/NewGunDataset181_png.rf.7324ef189eb81bf4cf8afe56c80bc3a8.jpg
test__NewGunDataset1843_png.jpg,test__NewGunDataset1843_png.txt,test,NewGunDataset1843_png.rf.4b1e720b6d31397396807805abe7d2d3,NewGunDataset1843_png.rf.4b1e720b6d31397396807805abe7d2d3.jpg,/home/constantin/Doctorat/GunDatasetNoAugSplit/test/images/NewGunDataset1843_png.rf.4b1e720b6d31397396807805abe7d2d3.jpg
test__NewGunDataset2445_png.jpg,test__NewGunDataset2445_png.txt,test,NewGunDataset2445_png.rf.dbd5a95ba26859d0249e983869170901,NewGunDataset2445_png.rf.dbd5a95ba26859d0249e983869170901.jpg,/home/constantin/Doctorat/GunDatasetNoAugSplit/test/images/NewGunDataset2445_png.rf.dbd5a95ba26859d0249e983869170901.jpg
test__NewGunDataset2505_png.jpg,test__NewGunDataset2505_png.txt,test,NewGunDataset2505_png.rf.1213b8a02095231efe91ca506bfcc8e0,NewGunDataset2505_png.rf.1213b8a02095231efe91ca506bfcc8e0.jpg,/home/constantin/Doctorat/GunDatasetNoAugSplit/test/images/NewGunDataset2505_png.rf.1213b8a02095231efe91ca506bfcc8e0.jpg
test__NewGunDataset2748_png.jpg,test__NewGunDataset2748_png.txt,test,NewGunDataset2748_png.rf.16d77f15f0117253f63c7e93270e75be,NewGunDataset2748_png.rf.16d77f15f0117253f63c7e93270e75be.jpg,/home/constantin/Doctorat/GunDatasetNoAugSplit/test/images/NewGunDataset2748_png.rf.16d77f15f0117253f63c7e93270e75be.jpg
test__NewGunDataset3034_png.jpg,test__NewGunDataset3034_png.txt,test,NewGunDataset3034_png.rf.1ffa2bedf13fd2c619ddf2aa3b8e34d2,NewGunDataset3034_png.rf.1ffa2bedf13fd2c619ddf2aa3b8e34d2.jpg,/home/constantin/Doctorat/GunDatasetNoAugSplit/test/images/NewGunDataset3034_png.rf.1ffa2bedf13fd2c619ddf2aa3b8e34d2.jpg
test__NewGunDataset3044_png.jpg,test__NewGunDataset3044_png.txt,test,NewGunDataset3044_png.rf.92cd74676d3f61536e069c065ac9c542,NewGunDataset3044_png.rf.92cd74676d3f61536e069c065ac9c542.jpg,/home/constantin/Doctorat/GunDatasetNoAugSplit/test/images/NewGunDataset3044_png.rf.92cd74676d3f61536e069c065ac9c542.jpg
test__NewGunDataset3065_png.jpg,test__NewGunDataset3065_png.txt,test,NewGunDataset3065_png.rf.0153ed64238379d906993dd6b84ede02,NewGunDataset3065_png.rf.0153ed64238379d906993dd6b84ede02.jpg,/home/constantin/Doctorat/GunDatasetNoAugSplit/test/images/NewGunDataset3065_png.rf.0153ed64238379d906993dd6b84ede02.jpg
test__NewGunDataset3141_png.jpg,test__NewGunDataset3141_png.txt,test,NewGunDataset3141_png.rf.36d545ee88d7975c5ecdfad05339586f,NewGunDataset3141_png.rf.36d545ee88d7975c5ecdfad05339586f.jpg,/home/constantin/Doctorat/GunDatasetNoAugSplit/test/images/NewGunDataset3141_png.rf.36d545ee88d7975c5ecdfad05339586f.jpg
test__NewGunDataset3187_png.jpg,test__NewGunDataset3187_png.txt,test,NewGunDataset3187_png.rf.eed59e4c47d163bf342ba0ea7efb92a5,NewGunDataset3187_png.rf.eed59e4c47d163bf342ba0ea7efb92a5.jpg,/home/constantin/Doctorat/GunDatasetNoAugSplit/test/images/NewGunDataset3187_png.rf.eed59e4c47d163bf342ba0ea7efb92a5.jpg
test__NewGunDataset3438_png.jpg,test__NewGunDataset3438_png.txt,test,NewGunDataset3438_png.rf.90956105885f939db0706ecc4ac5bf4a,NewGunDataset3438_png.rf.90956105885f939db0706ecc4ac5bf4a.jpg,/home/constantin/Doctorat/GunDatasetNoAugSplit/test/images/NewGunDataset3438_png.rf.90956105885f939db0706ecc4ac5bf4a.jpg
test__NewGunDataset3466_png.jpg,test__NewGunDataset3466_png.txt,test,NewGunDataset3466_png.rf.e7b2cb7857977cd3d119a8395e8d9a93,NewGunDataset3466_png.rf.e7b2cb7857977cd3d119a8395e8d9a93.jpg,/home/constantin/Doctorat/GunDatasetNoAugSplit/test/images/NewGunDataset3466_png.rf.e7b2cb7857977cd3d119a8395e8d9a93.jpg
test__NewGunDataset3479_png.jpg,test__NewGunDataset3479_png.txt,test,NewGunDataset3479_png.rf.8832a67eae3cf49398d5768ae852707e,NewGunDataset3479_png.rf.8832a67eae3cf49398d5768ae852707e.jpg,/home/constantin/Doctorat/GunDatasetNoAugSplit/test/images/NewGunDataset3479_png.rf.8832a67eae3cf49398d5768ae852707e.jpg
test__NewGunDataset3482_png.jpg,test__NewGunDataset3482_png.txt,test,NewGunDataset3482_png.rf.ededbc4fdd2dc0ab0f58ef8ac17b20e3,NewGunDataset3482_png.rf.ededbc4fdd2dc0ab0f58ef8ac17b20e3.jpg,/home/constantin/Doctorat/GunDatasetNoAugSplit/test/images/NewGunDataset3482_png.rf.ededbc4fdd2dc0ab0f58ef8ac17b20e3.jpg
test__NewGunDataset3490_png.jpg,test__NewGunDataset3490_png.txt,test,NewGunDataset3490_png.rf.a761b7ab06328d7949aaf89668cb5ca8,NewGunDataset3490_png.rf.a761b7ab06328d7949aaf89668cb5ca8.jpg,/home/constantin/Doctorat/GunDatasetNoAugSplit/test/images/NewGunDataset3490_png.rf.a761b7ab06328d7949aaf89668cb5ca8.jpg
test__NewGunDataset34_png.jpg,test__NewGunDataset34_png.txt,test,NewGunDataset34_png.rf.3ac379fc0fd0e61c14b4a010a31c8728,NewGunDataset34_png.rf.3ac379fc0fd0e61c14b4a010a31c8728.jpg,/home/constantin/Doctorat/GunDatasetNoAugSplit/test/images/NewGunDataset34_png.rf.3ac379fc0fd0e61c14b4a010a31c8728.jpg
test__NewGunDataset3545_png.jpg,test__NewGunDataset3545_png.txt,test,NewGunDataset3545_png.rf.16b432b6c61228cb717e6d81f8ba3fb2,NewGunDataset3545_png.rf.16b432b6c61228cb717e6d81f8ba3fb2.jpg,/home/constantin/Doctorat/GunDatasetNoAugSplit/test/images/NewGunDataset3545_png.rf.16b432b6c61228cb717e6d81f8ba3fb2.jpg
test__NewGunDataset372_png.jpg,test__NewGunDataset372_png.txt,test,NewGunDataset372_png.rf.863d57e29a426532fa2ebc84317a0bd7,NewGunDataset372_png.rf.863d57e29a426532fa2ebc84317a0bd7.jpg,/home/constantin/Doctorat/GunDatasetNoAugSplit/test/images/NewGunDataset372_png.rf.863d57e29a426532fa2ebc84317a0bd7.jpg
test__NewGunDataset3874_png.jpg,test__NewGunDataset3874_png.txt,test,NewGunDataset3874_png.rf.26fa2b065b9616a1a5a98736ba8654c5,NewGunDataset3874_png.rf.26fa2b065b9616a1a5a98736ba8654c5.jpg,/home/constantin/Doctorat/GunDatasetNoAugSplit/test/images/NewGunDataset3874_png.rf.26fa2b065b9616a1a5a98736ba8654c5.jpg
test__NewGunDataset3959_png.jpg,test__NewGunDataset3959_png.txt,test,NewGunDataset3959_png.rf.dc57887f522c50981face10a3d4ae725,NewGunDataset3959_png.rf.dc57887f522c50981face10a3d4ae725.jpg,/home/constantin/Doctorat/GunDatasetNoAugSplit/test/images/NewGunDataset3959_png.rf.dc57887f522c50981face10a3d4ae725.jpg
test__NewGunDataset3962_png.jpg,test__NewGunDataset3962_png.txt,test,NewGunDataset3962_png.rf.5c2f0f54bdc02bb9bfa0fabab71c9426,NewGunDataset3962_png.rf.5c2f0f54bdc02bb9bfa0fabab71c9426.jpg,/home/constantin/Doctorat/GunDatasetNoAugSplit/test/images/NewGunDataset3962_png.rf.5c2f0f54bdc02bb9bfa0fabab71c9426.jpg
test__NewGunDataset3977_png.jpg,test__NewGunDataset3977_png.txt,test,NewGunDataset3977_png.rf.c32bfa161e84bb3f484c66c04e7ec766,NewGunDataset3977_png.rf.c32bfa161e84bb3f484c66c04e7ec766.jpg,/home/constantin/Doctorat/GunDatasetNoAugSplit/test/images/NewGunDataset3977_png.rf.c32bfa161e84bb3f484c66c04e7ec766.jpg
test__NewGunDataset4112_png.jpg,test__NewGunDataset4112_png.txt,test,NewGunDataset4112_png.rf.49eed90cb8c5ee29eb5211dde984b07b,NewGunDataset4112_png.rf.49eed90cb8c5ee29eb5211dde984b07b.jpg,/home/constantin/Doctorat/GunDatasetNoAugSplit/test/images/NewGunDataset4112_png.rf.49eed90cb8c5ee29eb5211dde984b07b.jpg
test__NewGunDataset42_png.jpg,test__NewGunDataset42_png.txt,test,NewGunDataset42_png.rf.ea49ca4eb035ef6740a4129747aee589,NewGunDataset42_png.rf.ea49ca4eb035ef6740a4129747aee589.jpg,/home/constantin/Doctorat/GunDatasetNoAugSplit/test/images/NewGunDataset42_png.rf.ea49ca4eb035ef6740a4129747aee589.jpg
test__NewGunDataset4325_png.jpg,test__NewGunDataset4325_png.txt,test,NewGunDataset4325_png.rf.da599d24dd21af5b04c9485e558a1249,NewGunDataset4325_png.rf.da599d24dd21af5b04c9485e558a1249.jpg,/home/constantin/Doctorat/GunDatasetNoAugSplit/test/images/NewGunDataset4325_png.rf.da599d24dd21af5b04c9485e558a1249.jpg
test__NewGunDataset43_png.jpg,test__NewGunDataset43_png.txt,test,NewGunDataset43_png.rf.ca1871a229485887c0cebcc928258e13,NewGunDataset43_png.rf.ca1871a229485887c0cebcc928258e13.jpg,/home/constantin/Doctorat/GunDatasetNoAugSplit/test/images/NewGunDataset43_png.rf.ca1871a229485887c0cebcc928258e13.jpg
test__NewGunDataset4453_png.jpg,test__NewGunDataset4453_png.txt,test,NewGunDataset4453_png.rf.af4a9d64d56a5bb451529132fd8d5a2e,NewGunDataset4453_png.rf.af4a9d64d56a5bb451529132fd8d5a2e.jpg,/home/constantin/Doctorat/GunDatasetNoAugSplit/test/images/NewGunDataset4453_png.rf.af4a9d64d56a5bb451529132fd8d5a2e.jpg
test__NewGunDataset4490_png.jpg,test__NewGunDataset4490_png.txt,test,NewGunDataset4490_png.rf.514361f70b3aa4aa9083e7783d316300,NewGunDataset4490_png.rf.514361f70b3aa4aa9083e7783d316300.jpg,/home/constantin/Doctorat/GunDatasetNoAugSplit/test/images/NewGunDataset4490_png.rf.514361f70b3aa4aa9083e7783d316300.jpg
test__NewGunDataset4499_png.jpg,test__NewGunDataset4499_png.txt,test,NewGunDataset4499_png.rf.4b7638b10c9bf2145869828f8ea7ad30,NewGunDataset4499_png.rf.4b7638b10c9bf2145869828f8ea7ad30.jpg,/home/constantin/Doctorat/GunDatasetNoAugSplit/test/images/NewGunDataset4499_png.rf.4b7638b10c9bf2145869828f8ea7ad30.jpg
test__NewGunDataset4620_png.jpg,test__NewGunDataset4620_png.txt,test,NewGunDataset4620_png.rf.5d186d0d1b931b412268dabbe754b8d9,NewGunDataset4620_png.rf.5d186d0d1b931b412268dabbe754b8d9.jpg,/home/constantin/Doctorat/GunDatasetNoAugSplit/test/images/NewGunDataset4620_png.rf.5d186d0d1b931b412268dabbe754b8d9.jpg
test__NewGunDataset4852_png.jpg,test__NewGunDataset4852_png.txt,test,NewGunDataset4852_png.rf.6f835bbb1c5211401b916b4b8b0d6a60,NewGunDataset4852_png.rf.6f835bbb1c5211401b916b4b8b0d6a60.jpg,/home/constantin/Doctorat/GunDatasetNoAugSplit/test/images/NewGunDataset4852_png.rf.6f835bbb1c5211401b916b4b8b0d6a60.jpg
test__NewGunDataset4856_png.jpg,test__NewGunDataset4856_png.txt,test,NewGunDataset4856_png.rf.c5bdb9d9a7ecb39a6e4b0bf8ab39305a,NewGunDataset4856_png.rf.c5bdb9d9a7ecb39a6e4b0bf8ab39305a.jpg,/home/constantin/Doctorat/GunDatasetNoAugSplit/test/images/NewGunDataset4856_png.rf.c5bdb9d9a7ecb39a6e4b0bf8ab39305a.jpg
test__NewGunDataset4903_png.jpg,test__NewGunDataset4903_png.txt,test,NewGunDataset4903_png.rf.872643331587e31267bfa654719abd3e,NewGunDataset4903_png.rf.872643331587e31267bfa654719abd3e.jpg,/home/constantin/Doctorat/GunDatasetNoAugSplit/test/images/NewGunDataset4903_png.rf.872643331587e31267bfa654719abd3e.jpg
test__NewGunDataset4954_png.jpg,test__NewGunDataset4954_png.txt,test,NewGunDataset4954_png.rf.8448bf81f86137d774d8760a86a47999,NewGunDataset4954_png.rf.8448bf81f86137d774d8760a86a47999.jpg,/home/constantin/Doctorat/GunDatasetNoAugSplit/test/images/NewGunDataset4954_png.rf.8448bf81f86137d774d8760a86a47999.jpg
test__NewGunDataset4972_png.jpg,test__NewGunDataset4972_png.txt,test,NewGunDataset4972_png.rf.81494f82a47bd6a7a43e28b360031ba9,NewGunDataset4972_png.rf.81494f82a47bd6a7a43e28b360031ba9.jpg,/home/constantin/Doctorat/GunDatasetNoAugSplit/test/images/NewGunDataset4972_png.rf.81494f82a47bd6a7a43e28b360031ba9.jpg
test__NewGunDataset5048_jpg.jpg,test__NewGunDataset5048_jpg.txt,test,NewGunDataset5048_jpg.rf.3783a51877cb1ceb2da87bd487305453,NewGunDataset5048_jpg.rf.3783a51877cb1ceb2da87bd487305453.jpg,/home/constantin/Doctorat/GunDatasetNoAugSplit/test/images/NewGunDataset5048_jpg.rf.3783a51877cb1ceb2da87bd487305453.jpg
test__NewGunDataset5067_png.jpg,test__NewGunDataset5067_png.txt,test,NewGunDataset5067_png.rf.e8c0ea838c51b45bbb91b1977b0251c1,NewGunDataset5067_png.rf.e8c0ea838c51b45bbb91b1977b0251c1.jpg,/home/constantin/Doctorat/GunDatasetNoAugSplit/test/images/NewGunDataset5067_png.rf.e8c0ea838c51b45bbb91b1977b0251c1.jpg
test__NewGunDataset5085_png.jpg,test__NewGunDataset5085_png.txt,test,NewGunDataset5085_png.rf.37c0565d16e5193dc3171ab356da776d,NewGunDataset5085_png.rf.37c0565d16e5193dc3171ab356da776d.jpg,/home/constantin/Doctorat/GunDatasetNoAugSplit/test/images/NewGunDataset5085_png.rf.37c0565d16e5193dc3171ab356da776d.jpg
test__NewGunDataset5101_png.jpg,test__NewGunDataset5101_png.txt,test,NewGunDataset5101_png.rf.b32099c05ef7f1133e3d2f476a1b725b,NewGunDataset5101_png.rf.b32099c05ef7f1133e3d2f476a1b725b.jpg,/home/constantin/Doctorat/GunDatasetNoAugSplit/test/images/NewGunDataset5101_png.rf.b32099c05ef7f1133e3d2f476a1b725b.jpg
test__NewGunDataset5108_jpg.jpg,test__NewGunDataset5108_jpg.txt,test,NewGunDataset5108_jpg.rf.6a252c5b84bf0ec9de2cc2117a9dd03d,NewGunDataset5108_jpg.rf.6a252c5b84bf0ec9de2cc2117a9dd03d.jpg,/home/constantin/Doctorat/GunDatasetNoAugSplit/test/images/NewGunDataset5108_jpg.rf.6a252c5b84bf0ec9de2cc2117a9dd03d.jpg
test__NewGunDataset5116_png.jpg,test__NewGunDataset5116_png.txt,test,NewGunDataset5116_png.rf.95238931ef9c5094daf27348fbf7e5a6,NewGunDataset5116_png.rf.95238931ef9c5094daf27348fbf7e5a6.jpg,/home/constantin/Doctorat/GunDatasetNoAugSplit/test/images/NewGunDataset5116_png.rf.95238931ef9c5094daf27348fbf7e5a6.jpg
test__NewGunDataset5153_png.jpg,test__NewGunDataset5153_png.txt,test,NewGunDataset5153_png.rf.2dd7515a5d2b0d0c8f6f8fced3ac8dd6,NewGunDataset5153_png.rf.2dd7515a5d2b0d0c8f6f8fced3ac8dd6.jpg,/home/constantin/Doctorat/GunDatasetNoAugSplit/test/images/NewGunDataset5153_png.rf.2dd7515a5d2b0d0c8f6f8fced3ac8dd6.jpg
test__NewGunDataset515_png.jpg,test__NewGunDataset515_png.txt,test,NewGunDataset515_png.rf.d1aee964cbd7bb064933d274edceb142,NewGunDataset515_png.rf.d1aee964cbd7bb064933d274edceb142.jpg,/home/constantin/Doctorat/GunDatasetNoAugSplit/test/images/NewGunDataset515_png.rf.d1aee964cbd7bb064933d274edceb142.jpg
test__NewGunDataset5188_jpg.jpg,test__NewGunDataset5188_jpg.txt,test,NewGunDataset5188_jpg.rf.f2da58fdf8105c588a3cb03e7bcddc5f,NewGunDataset5188_jpg.rf.f2da58fdf8105c588a3cb03e7bcddc5f.jpg,/home/constantin/Doctorat/GunDatasetNoAugSplit/test/images/NewGunDataset5188_jpg.rf.f2da58fdf8105c588a3cb03e7bcddc5f.jpg
test__NewGunDataset5318_png.jpg,test__NewGunDataset5318_png.txt,test,NewGunDataset5318_png.rf.9e565272122595fadbae1b0d2ca8108d,NewGunDataset5318_png.rf.9e565272122595fadbae1b0d2ca8108d.jpg,/home/constantin/Doctorat/GunDatasetNoAugSplit/test/images/NewGunDataset5318_png.rf.9e565272122595fadbae1b0d2ca8108d.jpg
test__NewGunDataset5402_png.jpg,test__NewGunDataset5402_png.txt,test,NewGunDataset5402_png.rf.4e735397a503a9f08507cb86844f6028,NewGunDataset5402_png.rf.4e735397a503a9f08507cb86844f6028.jpg,/home/constantin/Doctorat/GunDatasetNoAugSplit/test/images/NewGunDataset5402_png.rf.4e735397a503a9f08507cb86844f6028.jpg
test__NewGunDataset5558_png.jpg,test__NewGunDataset5558_png.txt,test,NewGunDataset5558_png.rf.f277074b6f9304a4ce3a066ee9474602,NewGunDataset5558_png.rf.f277074b6f9304a4ce3a066ee9474602.jpg,/home/constantin/Doctorat/GunDatasetNoAugSplit/test/images/NewGunDataset5558_png.rf.f277074b6f9304a4ce3a066ee9474602.jpg
test__NewGunDataset5757_png.jpg,test__NewGunDataset5757_png.txt,test,NewGunDataset5757_png.rf.57353895632564d9e0a9ee20d8c21ea0,NewGunDataset5757_png.rf.57353895632564d9e0a9ee20d8c21ea0.jpg,/home/constantin/Doctorat/GunDatasetNoAugSplit/test/images/NewGunDataset5757_png.rf.57353895632564d9e0a9ee20d8c21ea0.jpg
test__NewGunDataset5944_jpg.jpg,test__NewGunDataset5944_jpg.txt,test,NewGunDataset5944_jpg.rf.e32956fce3a90d2689157b9761beda59,NewGunDataset5944_jpg.rf.e32956fce3a90d2689157b9761beda59.jpg,/home/constantin/Doctorat/GunDatasetNoAugSplit/test/images/NewGunDataset5944_jpg.rf.e32956fce3a90d2689157b9761beda59.jpg
test__NewGunDataset5958_jpg.jpg,test__NewGunDataset5958_jpg.txt,test,NewGunDataset5958_jpg.rf.f1c7cb46d071dd71cdaec9500e456c7e,NewGunDataset5958_jpg.rf.f1c7cb46d071dd71cdaec9500e456c7e.jpg,/home/constantin/Doctorat/GunDatasetNoAugSplit/test/images/NewGunDataset5958_jpg.rf.f1c7cb46d071dd71cdaec9500e456c7e.jpg
test__NewGunDataset5960_jpg.jpg,test__NewGunDataset5960_jpg.txt,test,NewGunDataset5960_jpg.rf.a242a70e17507f4ff0a99732a6374f80,NewGunDataset5960_jpg.rf.a242a70e17507f4ff0a99732a6374f80.jpg,/home/constantin/Doctorat/GunDatasetNoAugSplit/test/images/NewGunDataset5960_jpg.rf.a242a70e17507f4ff0a99732a6374f80.jpg
test__NewGunDataset5992_jpg.jpg,test__NewGunDataset5992_jpg.txt,test,NewGunDataset5992_jpg.rf.e1a4be43bbb337414aef6267d5c76869,NewGunDataset5992_jpg.rf.e1a4be43bbb337414aef6267d5c76869.jpg,/home/constantin/Doctorat/GunDatasetNoAugSplit/test/images/NewGunDataset5992_jpg.rf.e1a4be43bbb337414aef6267d5c76869.jpg
test__NewGunDataset996_png.jpg,test__NewGunDataset996_png.txt,test,NewGunDataset996_png.rf.cf60b2e4c86fd971a90a1bfc70e3c925,NewGunDataset996_png.rf.cf60b2e4c86fd971a90a1bfc70e3c925.jpg,/home/constantin/Doctorat/GunDatasetNoAugSplit/test/images/NewGunDataset996_png.rf.cf60b2e4c86fd971a90a1bfc70e3c925.jpg
test__NewGunDataset997_png.jpg,test__NewGunDataset997_png.txt,test,NewGunDataset997_png.rf.a0ab2b713b21a7864f453e813f697f38,NewGunDataset997_png.rf.a0ab2b713b21a7864f453e813f697f38.jpg,/home/constantin/Doctorat/GunDatasetNoAugSplit/test/images/NewGunDataset997_png.rf.a0ab2b713b21a7864f453e813f697f38.jpg
test__NewWeaponDataset1076_png.jpg,test__NewWeaponDataset1076_png.txt,test,NewWeaponDataset1076_png.rf.a1e077caa1f4e642f98c937a0363e8e3,NewWeaponDataset1076_png.rf.a1e077caa1f4e642f98c937a0363e8e3.jpg,/home/constantin/Doctorat/GunDatasetNoAugSplit/test/images/NewWeaponDataset1076_png.rf.a1e077caa1f4e642f98c937a0363e8e3.jpg
test__NewWeaponDataset1107_png.jpg,test__NewWeaponDataset1107_png.txt,test,NewWeaponDataset1107_png.rf.55e9d372c45ab8af707a2ad76de20694,NewWeaponDataset1107_png.rf.55e9d372c45ab8af707a2ad76de20694.jpg,/home/constantin/Doctorat/GunDatasetNoAugSplit/test/images/NewWeaponDataset1107_png.rf.55e9d372c45ab8af707a2ad76de20694.jpg
test__NewWeaponDataset1163_png.jpg,test__NewWeaponDataset1163_png.txt,test,NewWeaponDataset1163_png.rf.306f99765dceda0666f18deb44136c9e,NewWeaponDataset1163_png.rf.306f99765dceda0666f18deb44136c9e.jpg,/home/constantin/Doctorat/GunDatasetNoAugSplit/test/images/NewWeaponDataset1163_png.rf.306f99765dceda0666f18deb44136c9e.jpg
test__NewWeaponDataset1246_png.jpg,test__NewWeaponDataset1246_png.txt,test,NewWeaponDataset1246_png.rf.6b666cc0bb904e7a2b6b375626a16752,NewWeaponDataset1246_png.rf.6b666cc0bb904e7a2b6b375626a16752.jpg,/home/constantin/Doctorat/GunDatasetNoAugSplit/test/images/NewWeaponDataset1246_png.rf.6b666cc0bb904e7a2b6b375626a16752.jpg
test__NewWeaponDataset1314_png.jpg,test__NewWeaponDataset1314_png.txt,test,NewWeaponDataset1314_png.rf.362d80d12202252cc977c7d15e4f944c,NewWeaponDataset1314_png.rf.362d80d12202252cc977c7d15e4f944c.jpg,/home/constantin/Doctorat/GunDatasetNoAugSplit/test/images/NewWeaponDataset1314_png.rf.362d80d12202252cc977c7d15e4f944c.jpg
test__NewWeaponDataset137_png.jpg,test__NewWeaponDataset137_png.txt,test,NewWeaponDataset137_png.rf.076290f459613a649a909c29d0295930,NewWeaponDataset137_png.rf.076290f459613a649a909c29d0295930.jpg,/home/constantin/Doctorat/GunDatasetNoAugSplit/test/images/NewWeaponDataset137_png.rf.076290f459613a649a909c29d0295930.jpg
test__NewWeaponDataset1389_png.jpg,test__NewWeaponDataset1389_png.txt,test,NewWeaponDataset1389_png.rf.7c7bd83a70a49b1f2b943443fab077b1,NewWeaponDataset1389_png.rf.7c7bd83a70a49b1f2b943443fab077b1.jpg,/home/constantin/Doctorat/GunDatasetNoAugSplit/test/images/NewWeaponDataset1389_png.rf.7c7bd83a70a49b1f2b943443fab077b1.jpg
test__NewWeaponDataset1478_png.jpg,test__NewWeaponDataset1478_png.txt,test,NewWeaponDataset1478_png.rf.8455f36db6f998da8882a6fd2e32b8f2,NewWeaponDataset1478_png.rf.8455f36db6f998da8882a6fd2e32b8f2.jpg,/home/constantin/Doctorat/GunDatasetNoAugSplit/test/images/NewWeaponDataset1478_png.rf.8455f36db6f998da8882a6fd2e32b8f2.jpg
test__NewWeaponDataset1481_png.jpg,test__NewWeaponDataset1481_png.txt,test,NewWeaponDataset1481_png.rf.11d8e6e34577362ceda829c3aef2d0a3,NewWeaponDataset1481_png.rf.11d8e6e34577362ceda829c3aef2d0a3.jpg,/home/constantin/Doctorat/GunDatasetNoAugSplit/test/images/NewWeaponDataset1481_png.rf.11d8e6e34577362ceda829c3aef2d0a3.jpg
test__NewWeaponDataset1501_png.jpg,test__NewWeaponDataset1501_png.txt,test,NewWeaponDataset1501_png.rf.5e31c863b39511d492dab63853cb8712,NewWeaponDataset1501_png.rf.5e31c863b39511d492dab63853cb8712.jpg,/home/constantin/Doctorat/GunDatasetNoAugSplit/test/images/NewWeaponDataset1501_png.rf.5e31c863b39511d492dab63853cb8712.jpg
test__NewWeaponDataset1593_png.jpg,test__NewWeaponDataset1593_png.txt,test,NewWeaponDataset1593_png.rf.1c28555eaa35a3ca09d9d77ec0226ddf,NewWeaponDataset1593_png.rf.1c28555eaa35a3ca09d9d77ec0226ddf.jpg,/home/constantin/Doctorat/GunDatasetNoAugSplit/test/images/NewWeaponDataset1593_png.rf.1c28555eaa35a3ca09d9d77ec0226ddf.jpg
test__NewWeaponDataset1627_png.jpg,test__NewWeaponDataset1627_png.txt,test,NewWeaponDataset1627_png.rf.bf32880144718353dffcea8bf9d1165b,NewWeaponDataset1627_png.rf.bf32880144718353dffcea8bf9d1165b.jpg,/home/constantin/Doctorat/GunDatasetNoAugSplit/test/images/NewWeaponDataset1627_png.rf.bf32880144718353dffcea8bf9d1165b.jpg
test__NewWeaponDataset1665_png.jpg,test__NewWeaponDataset1665_png.txt,test,NewWeaponDataset1665_png.rf.419cd00b7b7f05e84de196f8bba50c6c,NewWeaponDataset1665_png.rf.419cd00b7b7f05e84de196f8bba50c6c.jpg,/home/constantin/Doctorat/GunDatasetNoAugSplit/test/images/NewWeaponDataset1665_png.rf.419cd00b7b7f05e84de196f8bba50c6c.jpg
test__NewWeaponDataset1881_png.jpg,test__NewWeaponDataset1881_png.txt,test,NewWeaponDataset1881_png.rf.bb99ce1182ec39c0c0e31e242d8ca82d,NewWeaponDataset1881_png.rf.bb99ce1182ec39c0c0e31e242d8ca82d.jpg,/home/constantin/Doctorat/GunDatasetNoAugSplit/test/images/NewWeaponDataset1881_png.rf.bb99ce1182ec39c0c0e31e242d8ca82d.jpg
test__NewWeaponDataset192_png.jpg,test__NewWeaponDataset192_png.txt,test,NewWeaponDataset192_png.rf.97dcd12a408f3d24387137fcb4043828,NewWeaponDataset192_png.rf.97dcd12a408f3d24387137fcb4043828.jpg,/home/constantin/Doctorat/GunDatasetNoAugSplit/test/images/NewWeaponDataset192_png.rf.97dcd12a408f3d24387137fcb4043828.jpg
test__NewWeaponDataset193_png.jpg,test__NewWeaponDataset193_png.txt,test,NewWeaponDataset193_png.rf.0976d9bd830fee072164a6c4d01fe5f4,NewWeaponDataset193_png.rf.0976d9bd830fee072164a6c4d01fe5f4.jpg,/home/constantin/Doctorat/GunDatasetNoAugSplit/test/images/NewWeaponDataset193_png.rf.0976d9bd830fee072164a6c4d01fe5f4.jpg
test__NewWeaponDataset2066_png.jpg,test__NewWeaponDataset2066_png.txt,test,NewWeaponDataset2066_png.rf.6f1aec425c79d305367ffabeca33f559,NewWeaponDataset2066_png.rf.6f1aec425c79d305367ffabeca33f559.jpg,/home/constantin/Doctorat/GunDatasetNoAugSplit/test/images/NewWeaponDataset2066_png.rf.6f1aec425c79d305367ffabeca33f559.jpg
test__NewWeaponDataset2086_png.jpg,test__NewWeaponDataset2086_png.txt,test,NewWeaponDataset2086_png.rf.f9a37e23854a6c82b3e1e28a995a112f,NewWeaponDataset2086_png.rf.f9a37e23854a6c82b3e1e28a995a112f.jpg,/home/constantin/Doctorat/GunDatasetNoAugSplit/test/images/NewWeaponDataset2086_png.rf.f9a37e23854a6c82b3e1e28a995a112f.jpg
test__NewWeaponDataset253_png.jpg,test__NewWeaponDataset253_png.txt,test,NewWeaponDataset253_png.rf.ef01244656c44f05d7566aeb2cfb3260,NewWeaponDataset253_png.rf.ef01244656c44f05d7566aeb2cfb3260.jpg,/home/constantin/Doctorat/GunDatasetNoAugSplit/test/images/NewWeaponDataset253_png.rf.ef01244656c44f05d7566aeb2cfb3260.jpg
test__NewWeaponDataset481_png.jpg,test__NewWeaponDataset481_png.txt,test,NewWeaponDataset481_png.rf.f060aab165332becb6bfd6f733ccbea2,NewWeaponDataset481_png.rf.f060aab165332becb6bfd6f733ccbea2.jpg,/home/constantin/Doctorat/GunDatasetNoAugSplit/test/images/NewWeaponDataset481_png.rf.f060aab165332becb6bfd6f733ccbea2.jpg
test__NewWeaponDataset518_png.jpg,test__NewWeaponDataset518_png.txt,test,NewWeaponDataset518_png.rf.d16dd8dc2407e67dcb677bf0045ba252,NewWeaponDataset518_png.rf.d16dd8dc2407e67dcb677bf0045ba252.jpg,/home/constantin/Doctorat/GunDatasetNoAugSplit/test/images/NewWeaponDataset518_png.rf.d16dd8dc2407e67dcb677bf0045ba252.jpg
test__NewWeaponDataset531_png.jpg,test__NewWeaponDataset531_png.txt,test,NewWeaponDataset531_png.rf.38e64882c87ba6cc40868233f7a99e95,NewWeaponDataset531_png.rf.38e64882c87ba6cc40868233f7a99e95.jpg,/home/constantin/Doctorat/GunDatasetNoAugSplit/test/images/NewWeaponDataset531_png.rf.38e64882c87ba6cc40868233f7a99e95.jpg
test__NewWeaponDataset557_png.jpg,test__NewWeaponDataset557_png.txt,test,NewWeaponDataset557_png.rf.6f44d0146e9aaca292764225bae88ed0,NewWeaponDataset557_png.rf.6f44d0146e9aaca292764225bae88ed0.jpg,/home/constantin/Doctorat/GunDatasetNoAugSplit/test/images/NewWeaponDataset557_png.rf.6f44d0146e9aaca292764225bae88ed0.jpg
test__NewWeaponDataset558_png.jpg,test__NewWeaponDataset558_png.txt,test,NewWeaponDataset558_png.rf.69d367cbbc0d598fccb6fbcb8d38d79d,NewWeaponDataset558_png.rf.69d367cbbc0d598fccb6fbcb8d38d79d.jpg,/home/constantin/Doctorat/GunDatasetNoAugSplit/test/images/NewWeaponDataset558_png.rf.69d367cbbc0d598fccb6fbcb8d38d79d.jpg
test__NewWeaponDataset598_png.jpg,test__NewWeaponDataset598_png.txt,test,NewWeaponDataset598_png.rf.28db655dd3af15a7fb748746944a4e59,NewWeaponDataset598_png.rf.28db655dd3af15a7fb748746944a4e59.jpg,/home/constantin/Doctorat/GunDatasetNoAugSplit/test/images/NewWeaponDataset598_png.rf.28db655dd3af15a7fb748746944a4e59.jpg
test__NewWeaponDataset617_png.jpg,test__NewWeaponDataset617_png.txt,test,NewWeaponDataset617_png.rf.40740d490eaae8bbdca410ccc582d26d,NewWeaponDataset617_png.rf.40740d490eaae8bbdca410ccc582d26d.jpg,/home/constantin/Doctorat/GunDatasetNoAugSplit/test/images/NewWeaponDataset617_png.rf.40740d490eaae8bbdca410ccc582d26d.jpg
test__NewWeaponDataset642_png.jpg,test__NewWeaponDataset642_png.txt,test,NewWeaponDataset642_png.rf.c5afd20fe55435f45edd4a90c40f6ea4,NewWeaponDataset642_png.rf.c5afd20fe55435f45edd4a90c40f6ea4.jpg,/home/constantin/Doctorat/GunDatasetNoAugSplit/test/images/NewWeaponDataset642_png.rf.c5afd20fe55435f45edd4a90c40f6ea4.jpg
test__NewWeaponDataset717_png.jpg,test__NewWeaponDataset717_png.txt,test,NewWeaponDataset717_png.rf.857fea7bbc1d22648de8d63892a7b7ee,NewWeaponDataset717_png.rf.857fea7bbc1d22648de8d63892a7b7ee.jpg,/home/constantin/Doctorat/GunDatasetNoAugSplit/test/images/NewWeaponDataset717_png.rf.857fea7bbc1d22648de8d63892a7b7ee.jpg
test__NewWeaponDataset782_png.jpg,test__NewWeaponDataset782_png.txt,test,NewWeaponDataset782_png.rf.39775cc9e8cc07e779acd0bd5f4ec9ff,NewWeaponDataset782_png.rf.39775cc9e8cc07e779acd0bd5f4ec9ff.jpg,/home/constantin/Doctorat/GunDatasetNoAugSplit/test/images/NewWeaponDataset782_png.rf.39775cc9e8cc07e779acd0bd5f4ec9ff.jpg
test__NewWeaponDataset797_png.jpg,test__NewWeaponDataset797_png.txt,test,NewWeaponDataset797_png.rf.2cfc846a251772e6d174702abf179de3,NewWeaponDataset797_png.rf.2cfc846a251772e6d174702abf179de3.jpg,/home/constantin/Doctorat/GunDatasetNoAugSplit/test/images/NewWeaponDataset797_png.rf.2cfc846a251772e6d174702abf179de3.jpg
test__NewWeaponDataset837_png.jpg,test__NewWeaponDataset837_png.txt,test,NewWeaponDataset837_png.rf.b23b211713fe4ebbd6ec85395b249161,NewWeaponDataset837_png.rf.b23b211713fe4ebbd6ec85395b249161.jpg,/home/constantin/Doctorat/GunDatasetNoAugSplit/test/images/NewWeaponDataset837_png.rf.b23b211713fe4ebbd6ec85395b249161.jpg
test__NewWeaponDataset841_png.jpg,test__NewWeaponDataset841_png.txt,test,NewWeaponDataset841_png.rf.f4b96886b8d055f06c9ecc19fefdad67,NewWeaponDataset841_png.rf.f4b96886b8d055f06c9ecc19fefdad67.jpg,/home/constantin/Doctorat/GunDatasetNoAugSplit/test/images/NewWeaponDataset841_png.rf.f4b96886b8d055f06c9ecc19fefdad67.jpg
test__NewWeaponDataset870_png.jpg,test__NewWeaponDataset870_png.txt,test,NewWeaponDataset870_png.rf.1dced7edb2a8854a02da2c7f55e935f7,NewWeaponDataset870_png.rf.1dced7edb2a8854a02da2c7f55e935f7.jpg,/home/constantin/Doctorat/GunDatasetNoAugSplit/test/images/NewWeaponDataset870_png.rf.1dced7edb2a8854a02da2c7f55e935f7.jpg
test__NewWeaponDataset975_png.jpg,test__NewWeaponDataset975_png.txt,test,NewWeaponDataset975_png.rf.b12647d07afc28b2b75af0b72caee0ce,NewWeaponDataset975_png.rf.b12647d07afc28b2b75af0b72caee0ce.jpg,/home/constantin/Doctorat/GunDatasetNoAugSplit/test/images/NewWeaponDataset975_png.rf.b12647d07afc28b2b75af0b72caee0ce.jpg
test__PUBGGunsInRealLife-07281_jpg.jpg,test__PUBGGunsInRealLife-07281_jpg.txt,test,PUBGGunsInRealLife-07281_jpg.rf.54b523dfdddf60344b0296dc98fafbe3,PUBGGunsInRealLife-07281_jpg.rf.54b523dfdddf60344b0296dc98fafbe3.jpg,/home/constantin/Doctorat/GunDatasetNoAugSplit/test/images/PUBGGunsInRealLife-07281_jpg.rf.54b523dfdddf60344b0296dc98fafbe3.jpg
test__PUBGGunsInRealLife-08691_jpg.jpg,test__PUBGGunsInRealLife-08691_jpg.txt,test,PUBGGunsInRealLife-08691_jpg.rf.9a06682b121b9cfdd0955bf4f224d558,PUBGGunsInRealLife-08691_jpg.rf.9a06682b121b9cfdd0955bf4f224d558.jpg,/home/constantin/Doctorat/GunDatasetNoAugSplit/test/images/PUBGGunsInRealLife-08691_jpg.rf.9a06682b121b9cfdd0955bf4f224d558.jpg
test__PUBGGunsInRealLife-14731_jpg.jpg,test__PUBGGunsInRealLife-14731_jpg.txt,test,PUBGGunsInRealLife-14731_jpg.rf.f9f6392d52f98c69058b2288a9400ca0,PUBGGunsInRealLife-14731_jpg.rf.f9f6392d52f98c69058b2288a9400ca0.jpg,/home/constantin/Doctorat/GunDatasetNoAugSplit/test/images/PUBGGunsInRealLife-14731_jpg.rf.f9f6392d52f98c69058b2288a9400ca0.jpg
test__Robbery056_00021_jpg.jpg,test__Robbery056_00021_jpg.txt,test,Robbery056_00021_jpg.rf.a8d3663d94928750949c15436f603119,Robbery056_00021_jpg.rf.a8d3663d94928750949c15436f603119.jpg,/home/constantin/Doctorat/GunDatasetNoAugSplit/test/images/Robbery056_00021_jpg.rf.a8d3663d94928750949c15436f603119.jpg
test__Y2Mate-is-This-10-year-old-knows-how-to-use-a-gun-ixJ2rtOpJc4-720p-1654892279514_000024_jpg.jpg,test__Y2Mate-is-This-10-year-old-knows-how-to-use-a-gun-ixJ2rtOpJc4-720p-1654892279514_000024_jpg.txt,test,Y2Mate-is-This-10-year-old-knows-how-to-use-a-gun-ixJ2rtOpJc4-720p-1654892279514_000024_jpg.rf.37fbf3870ac2fa5a6c56221424548750,Y2Mate-is-This-10-year-old-knows-how-to-use-a-gun-ixJ2rtOpJc4-720p-1654892279514_000024_jpg.rf.37fbf3870ac2fa5a6c56221424548750.jpg,/home/constantin/Doctorat/GunDatasetNoAugSplit/test/images/Y2Mate-is-This-10-year-old-knows-how-to-use-a-gun-ixJ2rtOpJc4-720p-1654892279514_000024_jpg.rf.37fbf3870ac2fa5a6c56221424548750.jpg
test__ac142e75181da13e_jpg.jpg,test__ac142e75181da13e_jpg.txt,test,ac142e75181da13e_jpg.rf.5c8fccd05ae6e1153649ccbe31a22752,ac142e75181da13e_jpg.rf.5c8fccd05ae6e1153649ccbe31a22752.jpg,/home/constantin/Doctorat/GunDatasetNoAugSplit/test/images/ac142e75181da13e_jpg.rf.5c8fccd05ae6e1153649ccbe31a22752.jpg
test__af3c3efdc1b3cc31_jpg.jpg,test__af3c3efdc1b3cc31_jpg.txt,test,af3c3efdc1b3cc31_jpg.rf.e24f6f22e7e660ddd3a86291fc187640,af3c3efdc1b3cc31_jpg.rf.e24f6f22e7e660ddd3a86291fc187640.jpg,/home/constantin/Doctorat/GunDatasetNoAugSplit/test/images/af3c3efdc1b3cc31_jpg.rf.e24f6f22e7e660ddd3a86291fc187640.jpg
test__armas-1084-_jpg.jpg,test__armas-1084-_jpg.txt,test,armas-1084-_jpg.rf.6aee8d2769bfdc6b56ba2c608a0ba344,armas-1084-_jpg.rf.6aee8d2769bfdc6b56ba2c608a0ba344.jpg,/home/constantin/Doctorat/GunDatasetNoAugSplit/test/images/armas-1084-_jpg.rf.6aee8d2769bfdc6b56ba2c608a0ba344.jpg
test__armas-127-_jpg.jpg,test__armas-127-_jpg.txt,test,armas-127-_jpg.rf.96bbcf6f5b16526f1abe288c60add798,armas-127-_jpg.rf.96bbcf6f5b16526f1abe288c60add798.jpg,/home/constantin/Doctorat/GunDatasetNoAugSplit/test/images/armas-127-_jpg.rf.96bbcf6f5b16526f1abe288c60add798.jpg
test__armas-127-_jpg_1.jpg,test__armas-127-_jpg_1.txt,test,armas-127-_jpg.rf.cccc284fe6298fe49c63f5804bbbf076,armas-127-_jpg.rf.cccc284fe6298fe49c63f5804bbbf076.jpg,/home/constantin/Doctorat/GunDatasetNoAugSplit/test/images/armas-127-_jpg.rf.cccc284fe6298fe49c63f5804bbbf076.jpg
test__armas-127-_jpg_2.jpg,test__armas-127-_jpg_2.txt,test,armas-127-_jpg.rf.ce972329bcb54f40bf2eb082803a5e04,armas-127-_jpg.rf.ce972329bcb54f40bf2eb082803a5e04.jpg,/home/constantin/Doctorat/GunDatasetNoAugSplit/test/images/armas-127-_jpg.rf.ce972329bcb54f40bf2eb082803a5e04.jpg
test__armas-127-_jpg_3.jpg,test__armas-127-_jpg_3.txt,test,armas-127-_jpg.rf.d2e049516bccd14435c567139640aa90,armas-127-_jpg.rf.d2e049516bccd14435c567139640aa90.jpg,/home/constantin/Doctorat/GunDatasetNoAugSplit/test/images/armas-127-_jpg.rf.d2e049516bccd14435c567139640aa90.jpg
test__armas-1545-_jpg.jpg,test__armas-1545-_jpg.txt,test,armas-1545-_jpg.rf.9220af55d208a848f6f6f01e7149e1b1,armas-1545-_jpg.rf.9220af55d208a848f6f6f01e7149e1b1.jpg,/home/constantin/Doctorat/GunDatasetNoAugSplit/test/images/armas-1545-_jpg.rf.9220af55d208a848f6f6f01e7149e1b1.jpg
test__armas-1956-_jpg.jpg,test__armas-1956-_jpg.txt,test,armas-1956-_jpg.rf.dcabc48fde16b0b24e19dc31beacfc42,armas-1956-_jpg.rf.dcabc48fde16b0b24e19dc31beacfc42.jpg,/home/constantin/Doctorat/GunDatasetNoAugSplit/test/images/armas-1956-_jpg.rf.dcabc48fde16b0b24e19dc31beacfc42.jpg
test__armas-231-_jpg.jpg,test__armas-231-_jpg.txt,test,armas-231-_jpg.rf.ad234bde07ffaebd047cfe5e2b32fde5,armas-231-_jpg.rf.ad234bde07ffaebd047cfe5e2b32fde5.jpg,/home/constantin/Doctorat/GunDatasetNoAugSplit/test/images/armas-231-_jpg.rf.ad234bde07ffaebd047cfe5e2b32fde5.jpg
test__armas-259-_jpg.jpg,test__armas-259-_jpg.txt,test,armas-259-_jpg.rf.ad24153099a8ce1d7f9e07d230cc29c6,armas-259-_jpg.rf.ad24153099a8ce1d7f9e07d230cc29c6.jpg,/home/constantin/Doctorat/GunDatasetNoAugSplit/test/images/armas-259-_jpg.rf.ad24153099a8ce1d7f9e07d230cc29c6.jpg
test__armas-56-_jpg.jpg,test__armas-56-_jpg.txt,test,armas-56-_jpg.rf.3275c225307a49233758130a3d956ae9,armas-56-_jpg.rf.3275c225307a49233758130a3d956ae9.jpg,/home/constantin/Doctorat/GunDatasetNoAugSplit/test/images/armas-56-_jpg.rf.3275c225307a49233758130a3d956ae9.jpg
test__c67bde046e9e57f2_jpg.jpg,test__c67bde046e9e57f2_jpg.txt,test,c67bde046e9e57f2_jpg.rf.034e72b411253a5809cea6203f0ddf46,c67bde046e9e57f2_jpg.rf.034e72b411253a5809cea6203f0ddf46.jpg,/home/constantin/Doctorat/GunDatasetNoAugSplit/test/images/c67bde046e9e57f2_jpg.rf.034e72b411253a5809cea6203f0ddf46.jpg
test__cb608335b25c7d76_jpg.jpg,test__cb608335b25c7d76_jpg.txt,test,cb608335b25c7d76_jpg.rf.5545f342f703530c189a7234f78f72cd,cb608335b25c7d76_jpg.rf.5545f342f703530c189a7234f78f72cd.jpg,/home/constantin/Doctorat/GunDatasetNoAugSplit/test/images/cb608335b25c7d76_jpg.rf.5545f342f703530c189a7234f78f72cd.jpg
test__cleaning_tasks_000104_jpg.jpg,test__cleaning_tasks_000104_jpg.txt,test,cleaning_tasks_000104_jpg.rf.1e66ee6bd40525d410b9e4068f5758b0,cleaning_tasks_000104_jpg.rf.1e66ee6bd40525d410b9e4068f5758b0.jpg,/home/constantin/Doctorat/GunDatasetNoAugSplit/test/images/cleaning_tasks_000104_jpg.rf.1e66ee6bd40525d410b9e4068f5758b0.jpg
test__cleaning_tasks_000126_jpg.jpg,test__cleaning_tasks_000126_jpg.txt,test,cleaning_tasks_000126_jpg.rf.934463274917fcffb9c5c6779f1b14f0,cleaning_tasks_000126_jpg.rf.934463274917fcffb9c5c6779f1b14f0.jpg,/home/constantin/Doctorat/GunDatasetNoAugSplit/test/images/cleaning_tasks_000126_jpg.rf.934463274917fcffb9c5c6779f1b14f0.jpg
test__cleaning_tasks_000183_jpg.jpg,test__cleaning_tasks_000183_jpg.txt,test,cleaning_tasks_000183_jpg.rf.12f1dae68e3e28a52b2c35601c433d17,cleaning_tasks_000183_jpg.rf.12f1dae68e3e28a52b2c35601c433d17.jpg,/home/constantin/Doctorat/GunDatasetNoAugSplit/test/images/cleaning_tasks_000183_jpg.rf.12f1dae68e3e28a52b2c35601c433d17.jpg
test__cleaning_tasks_000196_jpg.jpg,test__cleaning_tasks_000196_jpg.txt,test,cleaning_tasks_000196_jpg.rf.c15e416e433e942bb8ddc6c4c6b8b70f,cleaning_tasks_000196_jpg.rf.c15e416e433e942bb8ddc6c4c6b8b70f.jpg,/home/constantin/Doctorat/GunDatasetNoAugSplit/test/images/cleaning_tasks_000196_jpg.rf.c15e416e433e942bb8ddc6c4c6b8b70f.jpg
test__cleaning_tasks_000296_jpg.jpg,test__cleaning_tasks_000296_jpg.txt,test,cleaning_tasks_000296_jpg.rf.a7222d99fb8bd6ad3aec50edbc856468,cleaning_tasks_000296_jpg.rf.a7222d99fb8bd6ad3aec50edbc856468.jpg,/home/constantin/Doctorat/GunDatasetNoAugSplit/test/images/cleaning_tasks_000296_jpg.rf.a7222d99fb8bd6ad3aec50edbc856468.jpg
test__cleaning_tasks_000363_jpg.jpg,test__cleaning_tasks_000363_jpg.txt,test,cleaning_tasks_000363_jpg.rf.88e6b76724dfcf6cd36e65fffd4c866f,cleaning_tasks_000363_jpg.rf.88e6b76724dfcf6cd36e65fffd4c866f.jpg,/home/constantin/Doctorat/GunDatasetNoAugSplit/test/images/cleaning_tasks_000363_jpg.rf.88e6b76724dfcf6cd36e65fffd4c866f.jpg
test__cleaning_tasks_000915_jpg.jpg,test__cleaning_tasks_000915_jpg.txt,test,cleaning_tasks_000915_jpg.rf.b91a9cbb0c45ed7ad56c87d33fceee14,cleaning_tasks_000915_jpg.rf.b91a9cbb0c45ed7ad56c87d33fceee14.jpg,/home/constantin/Doctorat/GunDatasetNoAugSplit/test/images/cleaning_tasks_000915_jpg.rf.b91a9cbb0c45ed7ad56c87d33fceee14.jpg
test__cleaning_tasks_000927_jpg.jpg,test__cleaning_tasks_000927_jpg.txt,test,cleaning_tasks_000927_jpg.rf.e3349dbb68a6f5aebd61893cf0db14da,cleaning_tasks_000927_jpg.rf.e3349dbb68a6f5aebd61893cf0db14da.jpg,/home/constantin/Doctorat/GunDatasetNoAugSplit/test/images/cleaning_tasks_000927_jpg.rf.e3349dbb68a6f5aebd61893cf0db14da.jpg
test__cleaning_tasks_001047_jpg.jpg,test__cleaning_tasks_001047_jpg.txt,test,cleaning_tasks_001047_jpg.rf.c0104af73fe778f5babc33902f6f49a5,cleaning_tasks_001047_jpg.rf.c0104af73fe778f5babc33902f6f49a5.jpg,/home/constantin/Doctorat/GunDatasetNoAugSplit/test/images/cleaning_tasks_001047_jpg.rf.c0104af73fe778f5babc33902f6f49a5.jpg
test__cleaning_tasks_001122_jpg.jpg,test__cleaning_tasks_001122_jpg.txt,test,cleaning_tasks_001122_jpg.rf.761656a5b38e44289af08bd0e1474a52,cleaning_tasks_001122_jpg.rf.761656a5b38e44289af08bd0e1474a52.jpg,/home/constantin/Doctorat/GunDatasetNoAugSplit/test/images/cleaning_tasks_001122_jpg.rf.761656a5b38e44289af08bd0e1474a52.jpg
test__cleaning_tasks_001141_jpg.jpg,test__cleaning_tasks_001141_jpg.txt,test,cleaning_tasks_001141_jpg.rf.2964e4b813f5993d0406490321be86af,cleaning_tasks_001141_jpg.rf.2964e4b813f5993d0406490321be86af.jpg,/home/constantin/Doctorat/GunDatasetNoAugSplit/test/images/cleaning_tasks_001141_jpg.rf.2964e4b813f5993d0406490321be86af.jpg
test__cleaning_tasks_001151_jpg.jpg,test__cleaning_tasks_001151_jpg.txt,test,cleaning_tasks_001151_jpg.rf.b0411622639c8706b7217bcc957a21b8,cleaning_tasks_001151_jpg.rf.b0411622639c8706b7217bcc957a21b8.jpg,/home/constantin/Doctorat/GunDatasetNoAugSplit/test/images/cleaning_tasks_001151_jpg.rf.b0411622639c8706b7217bcc957a21b8.jpg
test__cleaning_tasks_001154_jpg.jpg,test__cleaning_tasks_001154_jpg.txt,test,cleaning_tasks_001154_jpg.rf.81cde11d5beb57400ab9fc51a9bdb315,cleaning_tasks_001154_jpg.rf.81cde11d5beb57400ab9fc51a9bdb315.jpg,/home/constantin/Doctorat/GunDatasetNoAugSplit/test/images/cleaning_tasks_001154_jpg.rf.81cde11d5beb57400ab9fc51a9bdb315.jpg
test__cleaning_tasks_001172_jpg.jpg,test__cleaning_tasks_001172_jpg.txt,test,cleaning_tasks_001172_jpg.rf.03c07d14886b052a2e86327582be8bcc,cleaning_tasks_001172_jpg.rf.03c07d14886b052a2e86327582be8bcc.jpg,/home/constantin/Doctorat/GunDatasetNoAugSplit/test/images/cleaning_tasks_001172_jpg.rf.03c07d14886b052a2e86327582be8bcc.jpg
test__cleaning_tasks_001271_jpg.jpg,test__cleaning_tasks_001271_jpg.txt,test,cleaning_tasks_001271_jpg.rf.141becd5521aaef86ee7c19d4bec8d4e,cleaning_tasks_001271_jpg.rf.141becd5521aaef86ee7c19d4bec8d4e.jpg,/home/constantin/Doctorat/GunDatasetNoAugSplit/test/images/cleaning_tasks_001271_jpg.rf.141becd5521aaef86ee7c19d4bec8d4e.jpg
test__cleaning_tasks_001330_jpg.jpg,test__cleaning_tasks_001330_jpg.txt,test,cleaning_tasks_001330_jpg.rf.43b9b045346b7d72b619753bed410bda,cleaning_tasks_001330_jpg.rf.43b9b045346b7d72b619753bed410bda.jpg,/home/constantin/Doctorat/GunDatasetNoAugSplit/test/images/cleaning_tasks_001330_jpg.rf.43b9b045346b7d72b619753bed410bda.jpg
test__cleaning_tasks_001386_jpg.jpg,test__cleaning_tasks_001386_jpg.txt,test,cleaning_tasks_001386_jpg.rf.2b69a5f2a053ff1e09fc2d06701f0918,cleaning_tasks_001386_jpg.rf.2b69a5f2a053ff1e09fc2d06701f0918.jpg,/home/constantin/Doctorat/GunDatasetNoAugSplit/test/images/cleaning_tasks_001386_jpg.rf.2b69a5f2a053ff1e09fc2d06701f0918.jpg
test__cleaning_tasks_001436_jpg.jpg,test__cleaning_tasks_001436_jpg.txt,test,cleaning_tasks_001436_jpg.rf.8103e75dab3223262ee5ddaae8dab613,cleaning_tasks_001436_jpg.rf.8103e75dab3223262ee5ddaae8dab613.jpg,/home/constantin/Doctorat/GunDatasetNoAugSplit/test/images/cleaning_tasks_001436_jpg.rf.8103e75dab3223262ee5ddaae8dab613.jpg
test__cleaning_tasks_001563_jpg.jpg,test__cleaning_tasks_001563_jpg.txt,test,cleaning_tasks_001563_jpg.rf.50322a9c693fb7a00c0370654913a210,cleaning_tasks_001563_jpg.rf.50322a9c693fb7a00c0370654913a210.jpg,/home/constantin/Doctorat/GunDatasetNoAugSplit/test/images/cleaning_tasks_001563_jpg.rf.50322a9c693fb7a00c0370654913a210.jpg
test__cleaning_tasks_001659_jpg.jpg,test__cleaning_tasks_001659_jpg.txt,test,cleaning_tasks_001659_jpg.rf.0489bfffdf7c4822ce1aa0ef51dd44ad,cleaning_tasks_001659_jpg.rf.0489bfffdf7c4822ce1aa0ef51dd44ad.jpg,/home/constantin/Doctorat/GunDatasetNoAugSplit/test/images/cleaning_tasks_001659_jpg.rf.0489bfffdf7c4822ce1aa0ef51dd44ad.jpg
test__cleaning_tasks_001665_jpg.jpg,test__cleaning_tasks_001665_jpg.txt,test,cleaning_tasks_001665_jpg.rf.fb7010ab73f20fb9aede1d3a50395faf,cleaning_tasks_001665_jpg.rf.fb7010ab73f20fb9aede1d3a50395faf.jpg,/home/constantin/Doctorat/GunDatasetNoAugSplit/test/images/cleaning_tasks_001665_jpg.rf.fb7010ab73f20fb9aede1d3a50395faf.jpg
test__cleaning_tasks_001740_jpg.jpg,test__cleaning_tasks_001740_jpg.txt,test,cleaning_tasks_001740_jpg.rf.e35f675919cef74e5b41ee324f7b98d6,cleaning_tasks_001740_jpg.rf.e35f675919cef74e5b41ee324f7b98d6.jpg,/home/constantin/Doctorat/GunDatasetNoAugSplit/test/images/cleaning_tasks_001740_jpg.rf.e35f675919cef74e5b41ee324f7b98d6.jpg
test__cleaning_tasks_001755_jpg.jpg,test__cleaning_tasks_001755_jpg.txt,test,cleaning_tasks_001755_jpg.rf.989e97b2a0ca1b73d82cb8581ddc240e,cleaning_tasks_001755_jpg.rf.989e97b2a0ca1b73d82cb8581ddc240e.jpg,/home/constantin/Doctorat/GunDatasetNoAugSplit/test/images/cleaning_tasks_001755_jpg.rf.989e97b2a0ca1b73d82cb8581ddc240e.jpg
test__cleaning_tasks_001763_jpg.jpg,test__cleaning_tasks_001763_jpg.txt,test,cleaning_tasks_001763_jpg.rf.70bf33b9814ae4df5192ac708e2ffc90,cleaning_tasks_001763_jpg.rf.70bf33b9814ae4df5192ac708e2ffc90.jpg,/home/constantin/Doctorat/GunDatasetNoAugSplit/test/images/cleaning_tasks_001763_jpg.rf.70bf33b9814ae4df5192ac708e2ffc90.jpg
test__cleaning_tasks_001766_jpg.jpg,test__cleaning_tasks_001766_jpg.txt,test,cleaning_tasks_001766_jpg.rf.7b3f706661ee82d818819b85bea1ae24,cleaning_tasks_001766_jpg.rf.7b3f706661ee82d818819b85bea1ae24.jpg,/home/constantin/Doctorat/GunDatasetNoAugSplit/test/images/cleaning_tasks_001766_jpg.rf.7b3f706661ee82d818819b85bea1ae24.jpg
test__cleaning_tasks_001793_jpg.jpg,test__cleaning_tasks_001793_jpg.txt,test,cleaning_tasks_001793_jpg.rf.8198a01426513f6fd167cb41c57fdd5f,cleaning_tasks_001793_jpg.rf.8198a01426513f6fd167cb41c57fdd5f.jpg,/home/constantin/Doctorat/GunDatasetNoAugSplit/test/images/cleaning_tasks_001793_jpg.rf.8198a01426513f6fd167cb41c57fdd5f.jpg
test__cleaning_tasks_001808_jpg.jpg,test__cleaning_tasks_001808_jpg.txt,test,cleaning_tasks_001808_jpg.rf.461d403b6fb8d01e8c758fe393ebd672,cleaning_tasks_001808_jpg.rf.461d403b6fb8d01e8c758fe393ebd672.jpg,/home/constantin/Doctorat/GunDatasetNoAugSplit/test/images/cleaning_tasks_001808_jpg.rf.461d403b6fb8d01e8c758fe393ebd672.jpg
test__cleaning_tasks_001834_jpg.jpg,test__cleaning_tasks_001834_jpg.txt,test,cleaning_tasks_001834_jpg.rf.785c73666f02c8d37b99f0891e102704,cleaning_tasks_001834_jpg.rf.785c73666f02c8d37b99f0891e102704.jpg,/home/constantin/Doctorat/GunDatasetNoAugSplit/test/images/cleaning_tasks_001834_jpg.rf.785c73666f02c8d37b99f0891e102704.jpg
test__cleaning_tasks_001900_jpg.jpg,test__cleaning_tasks_001900_jpg.txt,test,cleaning_tasks_001900_jpg.rf.bdc76d81ca3b4a926b971ca4a6546f61,cleaning_tasks_001900_jpg.rf.bdc76d81ca3b4a926b971ca4a6546f61.jpg,/home/constantin/Doctorat/GunDatasetNoAugSplit/test/images/cleaning_tasks_001900_jpg.rf.bdc76d81ca3b4a926b971ca4a6546f61.jpg
test__cleaning_tasks_001966_jpg.jpg,test__cleaning_tasks_001966_jpg.txt,test,cleaning_tasks_001966_jpg.rf.5924c0f93fdc8bf6a3ffb7f15356354a,cleaning_tasks_001966_jpg.rf.5924c0f93fdc8bf6a3ffb7f15356354a.jpg,/home/constantin/Doctorat/GunDatasetNoAugSplit/test/images/cleaning_tasks_001966_jpg.rf.5924c0f93fdc8bf6a3ffb7f15356354a.jpg
test__cleaning_tasks_001983_jpg.jpg,test__cleaning_tasks_001983_jpg.txt,test,cleaning_tasks_001983_jpg.rf.37341301f0645d1d58c2db00c7361cab,cleaning_tasks_001983_jpg.rf.37341301f0645d1d58c2db00c7361cab.jpg,/home/constantin/Doctorat/GunDatasetNoAugSplit/test/images/cleaning_tasks_001983_jpg.rf.37341301f0645d1d58c2db00c7361cab.jpg
test__cleaning_tasks_002013_jpg.jpg,test__cleaning_tasks_002013_jpg.txt,test,cleaning_tasks_002013_jpg.rf.97ead1b2d4bfb164aa18931a37d68598,cleaning_tasks_002013_jpg.rf.97ead1b2d4bfb164aa18931a37d68598.jpg,/home/constantin/Doctorat/GunDatasetNoAugSplit/test/images/cleaning_tasks_002013_jpg.rf.97ead1b2d4bfb164aa18931a37d68598.jpg
test__cleaning_tasks_002063_jpg.jpg,test__cleaning_tasks_002063_jpg.txt,test,cleaning_tasks_002063_jpg.rf.7d617b15cd89b487c6761b314e932855,cleaning_tasks_002063_jpg.rf.7d617b15cd89b487c6761b314e932855.jpg,/home/constantin/Doctorat/GunDatasetNoAugSplit/test/images/cleaning_tasks_002063_jpg.rf.7d617b15cd89b487c6761b314e932855.jpg
test__download_jpg.jpg,test__download_jpg.txt,test,download_jpg.rf.a0f27defc714c1337858c2848c6e16e7,download_jpg.rf.a0f27defc714c1337858c2848c6e16e7.jpg,/home/constantin/Doctorat/GunDatasetNoAugSplit/test/images/download_jpg.rf.a0f27defc714c1337858c2848c6e16e7.jpg
test__e34d9676f0cdc820_jpg.jpg,test__e34d9676f0cdc820_jpg.txt,test,e34d9676f0cdc820_jpg.rf.d5f61eb4b9383ba7c2187fd35efaf779,e34d9676f0cdc820_jpg.rf.d5f61eb4b9383ba7c2187fd35efaf779.jpg,/home/constantin/Doctorat/GunDatasetNoAugSplit/test/images/e34d9676f0cdc820_jpg.rf.d5f61eb4b9383ba7c2187fd35efaf779.jpg
test__faea6e5a65c8d1f5_jpg.jpg,test__faea6e5a65c8d1f5_jpg.txt,test,faea6e5a65c8d1f5_jpg.rf.8e4a68b87e94133e4dfad59525295ba3,faea6e5a65c8d1f5_jpg.rf.8e4a68b87e94133e4dfad59525295ba3.jpg,/home/constantin/Doctorat/GunDatasetNoAugSplit/test/images/faea6e5a65c8d1f5_jpg.rf.8e4a68b87e94133e4dfad59525295ba3.jpg
test__faea6e5a65c8d1f5_jpg_1.jpg,test__faea6e5a65c8d1f5_jpg_1.txt,test,faea6e5a65c8d1f5_jpg.rf.96a2302df2f4bddefe140d29effeb166,faea6e5a65c8d1f5_jpg.rf.96a2302df2f4bddefe140d29effeb166.jpg,/home/constantin/Doctorat/GunDatasetNoAugSplit/test/images/faea6e5a65c8d1f5_jpg.rf.96a2302df2f4bddefe140d29effeb166.jpg
test__flashlight_or_cigarette_003551_jpg.jpg,test__flashlight_or_cigarette_003551_jpg.txt,test,flashlight_or_cigarette_003551_jpg.rf.e5134688d3839268d3b1be6de5c6032f,flashlight_or_cigarette_003551_jpg.rf.e5134688d3839268d3b1be6de5c6032f.jpg,/home/constantin/Doctorat/GunDatasetNoAugSplit/test/images/flashlight_or_cigarette_003551_jpg.rf.e5134688d3839268d3b1be6de5c6032f.jpg
test__ia_100000000081_jpg.jpg,test__ia_100000000081_jpg.txt,test,ia_100000000081_jpg.rf.44e8ebff9c16dd503b7a226ad1a99003,ia_100000000081_jpg.rf.44e8ebff9c16dd503b7a226ad1a99003.jpg,/home/constantin/Doctorat/GunDatasetNoAugSplit/test/images/ia_100000000081_jpg.rf.44e8ebff9c16dd503b7a226ad1a99003.jpg
test__ia_100000000117_jpg.jpg,test__ia_100000000117_jpg.txt,test,ia_100000000117_jpg.rf.b6ccd86e243fb6525479784ba0b559eb,ia_100000000117_jpg.rf.b6ccd86e243fb6525479784ba0b559eb.jpg,/home/constantin/Doctorat/GunDatasetNoAugSplit/test/images/ia_100000000117_jpg.rf.b6ccd86e243fb6525479784ba0b559eb.jpg
test__ia_200000050_jpg.jpg,test__ia_200000050_jpg.txt,test,ia_200000050_jpg.rf.ddf7bb576bd8c4e6cdd687a59d955b44,ia_200000050_jpg.rf.ddf7bb576bd8c4e6cdd687a59d955b44.jpg,/home/constantin/Doctorat/GunDatasetNoAugSplit/test/images/ia_200000050_jpg.rf.ddf7bb576bd8c4e6cdd687a59d955b44.jpg
test__images85_jpeg.jpg,test__images85_jpeg.txt,test,images85_jpeg.rf.ba84b57b55f6399387df932a1bce465f,images85_jpeg.rf.ba84b57b55f6399387df932a1bce465f.jpg,/home/constantin/Doctorat/GunDatasetNoAugSplit/test/images/images85_jpeg.rf.ba84b57b55f6399387df932a1bce465f.jpg
test__knife_1154_jpg.jpg,test__knife_1154_jpg.txt,test,knife_1154_jpg.rf.b3f77cef068caabd890b6aace09887ea,knife_1154_jpg.rf.b3f77cef068caabd890b6aace09887ea.jpg,/home/constantin/Doctorat/GunDatasetNoAugSplit/test/images/knife_1154_jpg.rf.b3f77cef068caabd890b6aace09887ea.jpg
test__knife_220_jpg.jpg,test__knife_220_jpg.txt,test,knife_220_jpg.rf.cf0f90ba2b23799bf8bd5e6c30d19b3e,knife_220_jpg.rf.cf0f90ba2b23799bf8bd5e6c30d19b3e.jpg,/home/constantin/Doctorat/GunDatasetNoAugSplit/test/images/knife_220_jpg.rf.cf0f90ba2b23799bf8bd5e6c30d19b3e.jpg
test__knife_266_jpg.jpg,test__knife_266_jpg.txt,test,knife_266_jpg.rf.74e982f3fc91838506d89ad12d4639bf,knife_266_jpg.rf.74e982f3fc91838506d89ad12d4639bf.jpg,/home/constantin/Doctorat/GunDatasetNoAugSplit/test/images/knife_266_jpg.rf.74e982f3fc91838506d89ad12d4639bf.jpg
test__knife_316_jpg.jpg,test__knife_316_jpg.txt,test,knife_316_jpg.rf.0e91976fc1a672983edc67bf251bb73a,knife_316_jpg.rf.0e91976fc1a672983edc67bf251bb73a.jpg,/home/constantin/Doctorat/GunDatasetNoAugSplit/test/images/knife_316_jpg.rf.0e91976fc1a672983edc67bf251bb73a.jpg
test__knife_317_jpg.jpg,test__knife_317_jpg.txt,test,knife_317_jpg.rf.30a96133fd203867d4c2db6586462c52,knife_317_jpg.rf.30a96133fd203867d4c2db6586462c52.jpg,/home/constantin/Doctorat/GunDatasetNoAugSplit/test/images/knife_317_jpg.rf.30a96133fd203867d4c2db6586462c52.jpg
test__knife_438_jpg.jpg,test__knife_438_jpg.txt,test,knife_438_jpg.rf.42e027e6e6a9ac43f87bdebd1b0c829a,knife_438_jpg.rf.42e027e6e6a9ac43f87bdebd1b0c829a.jpg,/home/constantin/Doctorat/GunDatasetNoAugSplit/test/images/knife_438_jpg.rf.42e027e6e6a9ac43f87bdebd1b0c829a.jpg
test__knife_599_jpg.jpg,test__knife_599_jpg.txt,test,knife_599_jpg.rf.6536d3596a8ff9213e709ada014bd57b,knife_599_jpg.rf.6536d3596a8ff9213e709ada014bd57b.jpg,/home/constantin/Doctorat/GunDatasetNoAugSplit/test/images/knife_599_jpg.rf.6536d3596a8ff9213e709ada014bd57b.jpg
test__phone_use_000238_jpg.jpg,test__phone_use_000238_jpg.txt,test,phone_use_000238_jpg.rf.e883bbf38ef8bed7091299d5ffba793d,phone_use_000238_jpg.rf.e883bbf38ef8bed7091299d5ffba793d.jpg,/home/constantin/Doctorat/GunDatasetNoAugSplit/test/images/phone_use_000238_jpg.rf.e883bbf38ef8bed7091299d5ffba793d.jpg
test__phone_use_000298_jpg.jpg,test__phone_use_000298_jpg.txt,test,phone_use_000298_jpg.rf.2b2a2c6e0659fcf2980ab7bd3300847d,phone_use_000298_jpg.rf.2b2a2c6e0659fcf2980ab7bd3300847d.jpg,/home/constantin/Doctorat/GunDatasetNoAugSplit/test/images/phone_use_000298_jpg.rf.2b2a2c6e0659fcf2980ab7bd3300847d.jpg
test__phone_use_000385_jpg.jpg,test__phone_use_000385_jpg.txt,test,phone_use_000385_jpg.rf.533082203e75cdb26f9dff661221df7e,phone_use_000385_jpg.rf.533082203e75cdb26f9dff661221df7e.jpg,/home/constantin/Doctorat/GunDatasetNoAugSplit/test/images/phone_use_000385_jpg.rf.533082203e75cdb26f9dff661221df7e.jpg
test__phone_use_000440_jpg.jpg,test__phone_use_000440_jpg.txt,test,phone_use_000440_jpg.rf.8b5b5d89878d9f8ff447095fc5e8983e,phone_use_000440_jpg.rf.8b5b5d89878d9f8ff447095fc5e8983e.jpg,/home/constantin/Doctorat/GunDatasetNoAugSplit/test/images/phone_use_000440_jpg.rf.8b5b5d89878d9f8ff447095fc5e8983e.jpg
test__phone_use_000526_jpg.jpg,test__phone_use_000526_jpg.txt,test,phone_use_000526_jpg.rf.f342eda8b12fd5b8f08e619000b80905,phone_use_000526_jpg.rf.f342eda8b12fd5b8f08e619000b80905.jpg,/home/constantin/Doctorat/GunDatasetNoAugSplit/test/images/phone_use_000526_jpg.rf.f342eda8b12fd5b8f08e619000b80905.jpg
test__phone_use_000567_jpg.jpg,test__phone_use_000567_jpg.txt,test,phone_use_000567_jpg.rf.bfc19d09e9cbd833da674f7226ae8e6b,phone_use_000567_jpg.rf.bfc19d09e9cbd833da674f7226ae8e6b.jpg,/home/constantin/Doctorat/GunDatasetNoAugSplit/test/images/phone_use_000567_jpg.rf.bfc19d09e9cbd833da674f7226ae8e6b.jpg
test__phone_use_000635_jpg.jpg,test__phone_use_000635_jpg.txt,test,phone_use_000635_jpg.rf.9f7f41d15660479e93326cca05247d7f,phone_use_000635_jpg.rf.9f7f41d15660479e93326cca05247d7f.jpg,/home/constantin/Doctorat/GunDatasetNoAugSplit/test/images/phone_use_000635_jpg.rf.9f7f41d15660479e93326cca05247d7f.jpg
test__rifle1140_jpg.jpg,test__rifle1140_jpg.txt,test,rifle1140_jpg.rf.867c604e5cc5a1ff6277ba58972fb954,rifle1140_jpg.rf.867c604e5cc5a1ff6277ba58972fb954.jpg,/home/constantin/Doctorat/GunDatasetNoAugSplit/test/images/rifle1140_jpg.rf.867c604e5cc5a1ff6277ba58972fb954.jpg
test__rifle1216_jpg.jpg,test__rifle1216_jpg.txt,test,rifle1216_jpg.rf.5aa2f7ada6dee872e66a388bd06e5aac,rifle1216_jpg.rf.5aa2f7ada6dee872e66a388bd06e5aac.jpg,/home/constantin/Doctorat/GunDatasetNoAugSplit/test/images/rifle1216_jpg.rf.5aa2f7ada6dee872e66a388bd06e5aac.jpg
test__rifle1220_jpg.jpg,test__rifle1220_jpg.txt,test,rifle1220_jpg.rf.77facc5e33d7c752e0c55e543a925433,rifle1220_jpg.rf.77facc5e33d7c752e0c55e543a925433.jpg,/home/constantin/Doctorat/GunDatasetNoAugSplit/test/images/rifle1220_jpg.rf.77facc5e33d7c752e0c55e543a925433.jpg
test__rifle1227_jpg.jpg,test__rifle1227_jpg.txt,test,rifle1227_jpg.rf.4aa547ec4d2edac27bf048ec197212b1,rifle1227_jpg.rf.4aa547ec4d2edac27bf048ec197212b1.jpg,/home/constantin/Doctorat/GunDatasetNoAugSplit/test/images/rifle1227_jpg.rf.4aa547ec4d2edac27bf048ec197212b1.jpg
test__rifle185_jpg.jpg,test__rifle185_jpg.txt,test,rifle185_jpg.rf.2eb46a2d74b3a338da9080c9763071fe,rifle185_jpg.rf.2eb46a2d74b3a338da9080c9763071fe.jpg,/home/constantin/Doctorat/GunDatasetNoAugSplit/test/images/rifle185_jpg.rf.2eb46a2d74b3a338da9080c9763071fe.jpg
test__rifle281_jpg.jpg,test__rifle281_jpg.txt,test,rifle281_jpg.rf.444e999b43f28288112bfbb5e609b55e,rifle281_jpg.rf.444e999b43f28288112bfbb5e609b55e.jpg,/home/constantin/Doctorat/GunDatasetNoAugSplit/test/images/rifle281_jpg.rf.444e999b43f28288112bfbb5e609b55e.jpg
test__rifle351_jpg.jpg,test__rifle351_jpg.txt,test,rifle351_jpg.rf.3c1dde7c36c3d13267645f911bfd5c31,rifle351_jpg.rf.3c1dde7c36c3d13267645f911bfd5c31.jpg,/home/constantin/Doctorat/GunDatasetNoAugSplit/test/images/rifle351_jpg.rf.3c1dde7c36c3d13267645f911bfd5c31.jpg
test__rifle467_jpg.jpg,test__rifle467_jpg.txt,test,rifle467_jpg.rf.a1fd79f02f0c051a457ae1e6c0629d0e,rifle467_jpg.rf.a1fd79f02f0c051a457ae1e6c0629d0e.jpg,/home/constantin/Doctorat/GunDatasetNoAugSplit/test/images/rifle467_jpg.rf.a1fd79f02f0c051a457ae1e6c0629d0e.jpg
test__rifle641_jpg.jpg,test__rifle641_jpg.txt,test,rifle641_jpg.rf.06b55939237d858a95a5b76d5b06e128,rifle641_jpg.rf.06b55939237d858a95a5b76d5b06e128.jpg,/home/constantin/Doctorat/GunDatasetNoAugSplit/test/images/rifle641_jpg.rf.06b55939237d858a95a5b76d5b06e128.jpg
test__rifle667_jpg.jpg,test__rifle667_jpg.txt,test,rifle667_jpg.rf.2e2cdb8d653ff8f620be1df703bbb145,rifle667_jpg.rf.2e2cdb8d653ff8f620be1df703bbb145.jpg,/home/constantin/Doctorat/GunDatasetNoAugSplit/test/images/rifle667_jpg.rf.2e2cdb8d653ff8f620be1df703bbb145.jpg
test__rifle808_jpg.jpg,test__rifle808_jpg.txt,test,rifle808_jpg.rf.db8a92000cb7d767aeb1891ce4b16d93,rifle808_jpg.rf.db8a92000cb7d767aeb1891ce4b16d93.jpg,/home/constantin/Doctorat/GunDatasetNoAugSplit/test/images/rifle808_jpg.rf.db8a92000cb7d767aeb1891ce4b16d93.jpg
test__rifle80_jpg.jpg,test__rifle80_jpg.txt,test,rifle80_jpg.rf.7ba9586b827b6d7d83686a7f70cb4635,rifle80_jpg.rf.7ba9586b827b6d7d83686a7f70cb4635.jpg,/home/constantin/Doctorat/GunDatasetNoAugSplit/test/images/rifle80_jpg.rf.7ba9586b827b6d7d83686a7f70cb4635.jpg
test__s-l1600_jpg.jpg,test__s-l1600_jpg.txt,test,s-l1600_jpg.rf.05b80dcf91e3a22f8acade954971f792,s-l1600_jpg.rf.05b80dcf91e3a22f8acade954971f792.jpg,/home/constantin/Doctorat/GunDatasetNoAugSplit/test/images/s-l1600_jpg.rf.05b80dcf91e3a22f8acade954971f792.jpg
test__selfie_stick_001758_jpg.jpg,test__selfie_stick_001758_jpg.txt,test,selfie_stick_001758_jpg.rf.959302c0b8a0057e994ae9650a55aaa1,selfie_stick_001758_jpg.rf.959302c0b8a0057e994ae9650a55aaa1.jpg,/home/constantin/Doctorat/GunDatasetNoAugSplit/test/images/selfie_stick_001758_jpg.rf.959302c0b8a0057e994ae9650a55aaa1.jpg
test__selfie_stick_001875_jpg.jpg,test__selfie_stick_001875_jpg.txt,test,selfie_stick_001875_jpg.rf.2b22141d469a79972974ff620f8b60c7,selfie_stick_001875_jpg.rf.2b22141d469a79972974ff620f8b60c7.jpg,/home/constantin/Doctorat/GunDatasetNoAugSplit/test/images/selfie_stick_001875_jpg.rf.2b22141d469a79972974ff620f8b60c7.jpg
test__selfie_stick_001911_jpg.jpg,test__selfie_stick_001911_jpg.txt,test,selfie_stick_001911_jpg.rf.e963a9b1c05bada661ffd4377ff73154,selfie_stick_001911_jpg.rf.e963a9b1c05bada661ffd4377ff73154.jpg,/home/constantin/Doctorat/GunDatasetNoAugSplit/test/images/selfie_stick_001911_jpg.rf.e963a9b1c05bada661ffd4377ff73154.jpg
test__selfie_stick_002022_jpg.jpg,test__selfie_stick_002022_jpg.txt,test,selfie_stick_002022_jpg.rf.a746c40c136b09f8b993a1a959611426,selfie_stick_002022_jpg.rf.a746c40c136b09f8b993a1a959611426.jpg,/home/constantin/Doctorat/GunDatasetNoAugSplit/test/images/selfie_stick_002022_jpg.rf.a746c40c136b09f8b993a1a959611426.jpg
test__selfie_stick_002107_jpg.jpg,test__selfie_stick_002107_jpg.txt,test,selfie_stick_002107_jpg.rf.674be152ff5796c1ab74d17e7ec6917b,selfie_stick_002107_jpg.rf.674be152ff5796c1ab74d17e7ec6917b.jpg,/home/constantin/Doctorat/GunDatasetNoAugSplit/test/images/selfie_stick_002107_jpg.rf.674be152ff5796c1ab74d17e7ec6917b.jpg
test__selfie_stick_002211_jpg.jpg,test__selfie_stick_002211_jpg.txt,test,selfie_stick_002211_jpg.rf.46d2f01e9db33ffb37783eb663cfd970,selfie_stick_002211_jpg.rf.46d2f01e9db33ffb37783eb663cfd970.jpg,/home/constantin/Doctorat/GunDatasetNoAugSplit/test/images/selfie_stick_002211_jpg.rf.46d2f01e9db33ffb37783eb663cfd970.jpg
test__shopping_or_food_003892_jpg.jpg,test__shopping_or_food_003892_jpg.txt,test,shopping_or_food_003892_jpg.rf.523c954cc4a92d1765f46b9a400db07d,shopping_or_food_003892_jpg.rf.523c954cc4a92d1765f46b9a400db07d.jpg,/home/constantin/Doctorat/GunDatasetNoAugSplit/test/images/shopping_or_food_003892_jpg.rf.523c954cc4a92d1765f46b9a400db07d.jpg
test__shopping_or_food_003994_jpg.jpg,test__shopping_or_food_003994_jpg.txt,test,shopping_or_food_003994_jpg.rf.3d3ec107fcac40d3ca8f847d0baaed15,shopping_or_food_003994_jpg.rf.3d3ec107fcac40d3ca8f847d0baaed15.jpg,/home/constantin/Doctorat/GunDatasetNoAugSplit/test/images/shopping_or_food_003994_jpg.rf.3d3ec107fcac40d3ca8f847d0baaed15.jpg
test__tools_in_hand_002229_jpg.jpg,test__tools_in_hand_002229_jpg.txt,test,tools_in_hand_002229_jpg.rf.d3c4de4a10348e6bc8399a9e870cb73b,tools_in_hand_002229_jpg.rf.d3c4de4a10348e6bc8399a9e870cb73b.jpg,/home/constantin/Doctorat/GunDatasetNoAugSplit/test/images/tools_in_hand_002229_jpg.rf.d3c4de4a10348e6bc8399a9e870cb73b.jpg
test__tools_in_hand_002310_jpg.jpg,test__tools_in_hand_002310_jpg.txt,test,tools_in_hand_002310_jpg.rf.82967dc7823c4695c6f749ceace78459,tools_in_hand_002310_jpg.rf.82967dc7823c4695c6f749ceace78459.jpg,/home/constantin/Doctorat/GunDatasetNoAugSplit/test/images/tools_in_hand_002310_jpg.rf.82967dc7823c4695c6f749ceace78459.jpg
test__tools_in_hand_002366_jpg.jpg,test__tools_in_hand_002366_jpg.txt,test,tools_in_hand_002366_jpg.rf.3b4ffe1aa1374386be26178b0440938e,tools_in_hand_002366_jpg.rf.3b4ffe1aa1374386be26178b0440938e.jpg,/home/constantin/Doctorat/GunDatasetNoAugSplit/test/images/tools_in_hand_002366_jpg.rf.3b4ffe1aa1374386be26178b0440938e.jpg
test__tools_in_hand_002372_jpg.jpg,test__tools_in_hand_002372_jpg.txt,test,tools_in_hand_002372_jpg.rf.ff22df3dfa32449a53437253def00f6e,tools_in_hand_002372_jpg.rf.ff22df3dfa32449a53437253def00f6e.jpg,/home/constantin/Doctorat/GunDatasetNoAugSplit/test/images/tools_in_hand_002372_jpg.rf.ff22df3dfa32449a53437253def00f6e.jpg
test__tools_in_hand_002631_jpg.jpg,test__tools_in_hand_002631_jpg.txt,test,tools_in_hand_002631_jpg.rf.4cfbe238a788e55214555fc8e16ed733,tools_in_hand_002631_jpg.rf.4cfbe238a788e55214555fc8e16ed733.jpg,/home/constantin/Doctorat/GunDatasetNoAugSplit/test/images/tools_in_hand_002631_jpg.rf.4cfbe238a788e55214555fc8e16ed733.jpg
test__umbrella_000911_jpeg.jpg,test__umbrella_000911_jpeg.txt,test,umbrella_000911_jpeg.rf.36ffe4859e0f3aa4712b70598d48d6e3,umbrella_000911_jpeg.rf.36ffe4859e0f3aa4712b70598d48d6e3.jpg,/home/constantin/Doctorat/GunDatasetNoAugSplit/test/images/umbrella_000911_jpeg.rf.36ffe4859e0f3aa4712b70598d48d6e3.jpg
test__water_bottle_001270_jpg.jpg,test__water_bottle_001270_jpg.txt,test,water_bottle_001270_jpg.rf.05a69d102bc421be0fed5f9be6f34799,water_bottle_001270_jpg.rf.05a69d102bc421be0fed5f9be6f34799.jpg,/home/constantin/Doctorat/GunDatasetNoAugSplit/test/images/water_bottle_001270_jpg.rf.05a69d102bc421be0fed5f9be6f34799.jpg
test__water_bottle_001288_jpg.jpg,test__water_bottle_001288_jpg.txt,test,water_bottle_001288_jpg.rf.f0a170035b1d6c37ed828d1f2e38c6ec,water_bottle_001288_jpg.rf.f0a170035b1d6c37ed828d1f2e38c6ec.jpg,/home/constantin/Doctorat/GunDatasetNoAugSplit/test/images/water_bottle_001288_jpg.rf.f0a170035b1d6c37ed828d1f2e38c6ec.jpg
test__water_bottle_001335_jpg.jpg,test__water_bottle_001335_jpg.txt,test,water_bottle_001335_jpg.rf.bd1c0b5f5397f0cfda75e809afa7507a,water_bottle_001335_jpg.rf.bd1c0b5f5397f0cfda75e809afa7507a.jpg,/home/constantin/Doctorat/GunDatasetNoAugSplit/test/images/water_bottle_001335_jpg.rf.bd1c0b5f5397f0cfda75e809afa7507a.jpg
test__youtube-10_jpg.jpg,test__youtube-10_jpg.txt,test,youtube-10_jpg.rf.5d7199317c033d8affebc8e5e8e6362e,youtube-10_jpg.rf.5d7199317c033d8affebc8e5e8e6362e.jpg,/home/constantin/Doctorat/GunDatasetNoAugSplit/test/images/youtube-10_jpg.rf.5d7199317c033d8affebc8e5e8e6362e.jpg
